{"dataset": "bitcoin_alpha", "model": "HSiKAN-mixed", "hidden": 16, "n_test": 2420, "arities": [3, 4], "auc": 0.9437981823350438, "f1m": 0.7588387587969043, "fwd_per_call_ms": 27.541615010704845, "n_params": 61092, "seed": 0}
