{"dataset": "bitcoin_otc", "model": "HSiKAN-mixed", "hidden": 16, "n_test": 3560, "arities": [3, 4], "auc": 0.9567605659326718, "f1m": 0.8407704654895666, "fwd_per_call_ms": 90.00984748126939, "n_params": 94660, "seed": 0}
