{"dataset": "bitcoin_otc", "model": "HSiKAN-mixed", "hidden": 16, "n_test": 3560, "arities": [3, 4], "auc": 0.9614607461639083, "f1m": 0.8510433386837881, "fwd_per_call_ms": 102.63896803371608, "n_params": 94660, "seed": 0}
