{"dataset": "epinions", "model": "HSiKAN-mixed", "hidden": 32, "n_test": 84138, "arities": [3, 4, 3, 4], "auc": 0.8171247715242345, "f1m": 0.49330911958507506, "fwd_per_call_ms": 469.8171014606487, "n_params": 4220134, "seed": 1}
