{"dataset": "epinions", "model": "HSiKAN-mixed", "hidden": 16, "n_test": 84138, "arities": [3, 4], "auc": 0.7415257452363786, "f1m": 0.5700685319844909, "fwd_per_call_ms": 133.05325951660052, "n_params": 2109812, "seed": 0}
