{"dataset": "epinions", "model": "HSiKAN-mixed", "hidden": 16, "n_test": 84138, "arities": [3, 4], "auc": 0.7229486127099272, "f1m": 0.6158937761711528, "fwd_per_call_ms": 126.6081889916677, "n_params": 2109812, "seed": 0}
