{"dataset": "epinions", "model": "HSiKAN-mixed", "hidden": 16, "n_test": 84138, "arities": [3, 4], "auc": 0.6918243855244004, "f1m": 0.3905133166415673, "fwd_per_call_ms": 142.95913148089312, "n_params": 2109812, "seed": 0}
