{"dataset": "epinions", "model": "HSiKAN-mixed", "hidden": 32, "n_test": 84138, "arities": [3, 4, 3, 4], "auc": 0.8164550738774918, "f1m": 0.4978342565624879, "fwd_per_call_ms": 465.1101090130396, "n_params": 4220134, "seed": 0}
