{"dataset": "epinions", "model": "HSiKAN-mixed", "hidden": 32, "n_test": 84138, "arities": [3, 4, 3, 4], "auc": 0.8125801147718428, "f1m": 0.4964115548174506, "fwd_per_call_ms": 466.25457250047475, "n_params": 4220134, "seed": 2}
