{
  "hymeko/compile": {
    "b": 0.776526874811744,
    "a": 0.10640856966384063,
    "r2": 0.9605769472088729,
    "b_ci_low": 0.7069705914589467,
    "b_ci_high": 0.8460831581645413,
    "n": 24
  },
  "hymeko/dot": {
    "b": 0.920182858823955,
    "a": 0.0006195615127080168,
    "r2": 0.9942944573734158,
    "b_ci_low": 0.8893626243637538,
    "b_ci_high": 0.9510030932841562,
    "n": 24
  },
  "hymeko/gazebo": {
    "b": 0.746085250101528,
    "a": 0.028441554177797885,
    "r2": 0.955587014777625,
    "b_ci_low": 0.674967313381579,
    "b_ci_high": 0.8172031868214771,
    "n": 24
  },
  "hymeko/mermaid": {
    "b": 0.9357306770994731,
    "a": 0.0008299451502367146,
    "r2": 0.9954673789808463,
    "b_ci_low": 0.9078127681381915,
    "b_ci_high": 0.9636485860607548,
    "n": 24
  },
  "hymeko/mjcf": {
    "b": 1.0252803811601419,
    "a": 0.0023308163863369927,
    "r2": 0.9591781339973554,
    "b_ci_low": 0.9317591382502711,
    "b_ci_high": 1.1188016240700127,
    "n": 24
  },
  "hymeko/sdf": {
    "b": 0.9369592172108292,
    "a": 0.005288604157373405,
    "r2": 0.9938887606703725,
    "b_ci_low": 0.9044738877653292,
    "b_ci_high": 0.9694445466563292,
    "n": 24
  },
  "hymeko/urdf": {
    "b": 0.9042332569379057,
    "a": 0.007891528211428496,
    "r2": 0.9919730063311748,
    "b_ci_low": 0.86826844113321,
    "b_ci_high": 0.9401980727426014,
    "n": 24
  },
  "competitor/bundle_3fmt": {
    "b": 0.5404439169991706,
    "a": 119.44016291634387,
    "r2": 0.7940866256500552,
    "b_ci_low": 0.4041637507773538,
    "b_ci_high": 0.6767240832209874,
    "n": 20
  },
  "competitor/gz_sdf": {
    "b": 0.5856778477275377,
    "a": 44.805154500235524,
    "r2": 0.9011615317175449,
    "b_ci_low": 0.48962855671711364,
    "b_ci_high": 0.6817271387379618,
    "n": 20
  },
  "competitor/mujoco_mjcf": {
    "b": 0.5123438601933484,
    "a": 49.21614697555148,
    "r2": 0.613515388702496,
    "b_ci_low": 0.31097672404282767,
    "b_ci_high": 0.7137109963438693,
    "n": 20
  },
  "competitor/xacro_urdf": {
    "b": 0.34634110681586866,
    "a": 31.4721972273573,
    "r2": 0.7841150213768968,
    "b_ci_low": 0.2563501124300671,
    "b_ci_high": 0.4363321012016702,
    "n": 20
  }
}