HYMEKO_GLOBAL_POOL_ENTROPY_PARITY_V1
cases 3
case moons
samples 96
points 48
hidden 32
tensor x 9216 96,48,2
-0.200485229 1.03969252 -0.8695575 0.472426683 0.892484665 0.385167003 -1.01088846 0.0427996591
1.00649023 -0.0315903723 0.912967503 0.480206758 0.30473873 1.00065815 0.98708272 0.154523447
-0.800097466 0.464578092 0.235988483 0.926863909 -0.0253522955 1.01902413 -0.479216963 0.789866149
-0.158077747 0.981307745 -1.01519513 0.211869761 -0.924389303 0.433463305 -0.556699753 0.830198705
1.06547379 0.0984474793 -0.544734836 0.76318419 0.234554902 0.902871728 -0.17418927 0.928438008
-0.951778829 0.328773111 0.685495794 0.717604518 0.163481101 1.02439058 0.954324782 0.203432858
-0.625272393 0.772584856 0.317554474 0.899496853 0.498853952 0.849464238 -0.0543525033 1.02871537
-0.0766909942 1.05595601 -0.253966182 0.999673367 -0.947480738 0.164679021 -1.02954185 0.326669216
-0.897665441 0.329481125 0.745547891 0.667788923 0.953346431 0.0435597412 -0.988737822 0.34328863
-1.03050673 0.341878355 -0.878618717 0.531081021 0.841918647 0.406310022 0.565793753 0.891552746
-1.08032227 0.128591225 0.688533127 0.792476892 0.93094635 0.407757461 -0.286600947 0.96176368
-0.967838466 0.306683362 0.583617628 0.875441015 0.482582211 0.936578691 0.47388196 0.833584905
0.929028988 0.225805685 0.445946157 0.791715205 0.989936292 0.295851916 -0.404636592 0.950160861
-0.00949051604 1.01995718 0.812398672 0.615184307 1.0636127 0.0996928215 -0.0702226162 0.976783395
-0.920986652 0.611777186 -0.969055533 -0.052392941 0.620427728 0.681850612 -0.305181265 0.920412779
0.998920083 0.244974285 -0.943062544 0.333631754 -0.971541762 0.436044812 -0.32498017 0.955017388
0.713207245 0.602645993 -0.740247667 0.643959582 0.814783514 0.426354498 -0.721088469 0.634602964
-1.06849933 0.169412747 -0.791394413 0.463745564 0.328413486 0.868701637 0.0390693955 0.916429639
0.0408673622 1.00180817 -0.328698039 0.946230292 -0.201397121 0.901272118 0.548374653 0.897045791
0.775806129 0.581986606 0.877192318 0.511996686 0.668855667 0.602365315 -0.21399188 0.915105462
-0.567005873 0.626302898 0.866829455 0.385315359 -0.652808785 0.784726977 0.834477544 0.647043586
-0.924947143 0.0594100058 -0.7437796 0.711771488 0.0492101982 0.951406896 1.07214963 0.157208711
0.512194872 0.99192518 -0.0569238886 0.985093474 0.217427507 0.966344118 0.0410201326 1.12264848
0.37603569 0.871446729 0.14316754 1.02342153 -0.707827806 0.732649088 0.573595881 0.811557174
0.171520799 1.06268358 0.145613581 1.01397383 0.813126683 0.475034714 -0.728006482 0.657188058
-0.915265024 0.113831051 0.500445127 0.886348307 -0.177987039 1.01480293 0.379157186 0.99823153
-0.644689918 0.74937582 0.957329571 0.253977954 0.0354671106 1.01330149 0.67333293 0.65817982
0.0204559714 0.941836774 -0.510432839 0.864001513 0.30963695 0.956416845 -0.73548764 0.52586019
-0.00331470184 0.965261519 0.766683877 0.665077567 -0.258533657 0.889790654 0.902841687 0.690177083
-0.228526101 0.95482254 -0.409743607 0.885653555 0.634645641 0.875203669 -0.940704465 0.39327231
0.704615176 0.811512053 -0.377356797 0.937095582 -0.449272335 0.895679057 -0.140445113 0.920511484
-0.992578924 0.435144186 0.765781105 0.580737472 0.704997182 0.762702823 0.822416008 0.57258755
-1.01563144 0.0321256518 -0.186235934 1.06807506 0.967791319 0.180179745 -0.637893379 0.806160033
-0.978585541 0.355353117 -0.38892743 0.840219498 0.761998415 0.634765267 -0.396503478 0.910593629
-1.02669036 0.161715567 -0.673133612 0.704549313 0.787871003 0.577859223 -0.390511334 0.870504439
0.339035988 0.888782561 -0.0253762975 0.988210142 0.17938289 1.00303531 -0.27177912 0.949348152
-0.970853627 0.257816374 0.709151328 0.804792166 -1.00818741 0.294919103 0.392291754 0.904293835
0.534789681 0.669253588 0.945188224 0.43145901 -0.11287792 0.971850693 0.977409363 0.406185299
0.78429836 0.674719453 -0.281510919 0.983657181 -0.743875861 0.73986125 -0.28134796 1.01648068
-0.756170034 0.707091451 -0.794233322 0.587830842 1.00753021 0.084917143 -0.822183549 0.494042248
0.0205027536 0.997074246 0.302262008 0.99974668 -0.966011226 0.31952244 -0.278167427 1.04965496
0.865329266 0.46694383 0.664042354 0.663366318 -0.915112019 0.416593909 -1.02650547 0.211798325
0.931913197 0.0361723006 -0.295853376 0.962511063 -0.505132914 0.772419393 -0.622793615 0.695319951
-0.505301774 0.912249029 0.371431023 0.895434558 -0.305611253 0.897539079 -0.697687984 0.730301559
0.130532607 1.05853128 0.281570792 0.940838754 0.835196555 0.583851457 0.950834036 0.243053079
-0.0950664431 1.02049005 -0.0526064448 0.988150716 -0.839847028 0.374873608 0.722768247 0.56001842
0.0808980614 0.986388624 0.819106102 0.507327557 -0.0811043233 1.01185 0.666333377 0.804053724
-0.138580322 0.940132976 0.268895745 0.898184061 0.992593646 0.426004678 0.763890326 0.707960367
0.808948636 0.45996207 -0.476387203 0.765647829 -0.250367224 0.999032795 -0.196833849 1.0181464
0.174665272 1.02897263 0.69023031 0.718191028 0.872371793 0.154054448 0.803186476 0.667294979
0.135894835 0.927171946 -0.19110769 0.916144848 0.833678782 0.404255927 0.780762911 0.551969051
-0.823104382 0.512047946 0.787957311 0.761333048 0.204800472 0.935007334 0.778501093 0.699600458
-0.942046523 0.224708214 -0.119716972 1.01721251 0.955104291 0.373410106 -0.702053428 0.684538722
0.65205276 0.798322558 -0.93542397 0.123717986 -0.94283402 0.105617344 1.0845269 0.271549851
-1.06486428 0.108396545 -0.787991762 0.518195927 0.330431014 0.858867407 0.966515064 0.120105475
-0.591613233 0.813061655 0.472214222 0.849171698 0.719693303 0.710002005 0.765156448 0.587342083
-1.01391959 0.211171314 -0.749943614 0.721449971 -0.12001694 0.978827894 0.796115696 0.599942088
-1.00622237 0.1256302 0.0621576607 1.00764525 0.0398620293 1.04755831 -0.707172692 0.731047928
-0.183809876 1.02252948 -0.718486249 0.563840926 0.895017266 0.169906735 -0.35846746 1.02042937
-0.98283571 0.160513133 0.0685983896 0.88932395 -0.830770433 0.644386232 0.100090906 1.01280499
2.00312257 0.307302117 2.05773878 0.160853311 0.208687812 -0.173110217 0.166490018 -0.132946342
0.00665031374 0.0393100083 1.81733239 -0.165310889 1.49051321 -0.431123704 -0.0114179999 0.215846941
1.60579038 -0.179404795 0.919360638 -0.430500597 1.98625946 0.0122602098 1.80479503 -0.149842232
1.0716306 -0.558979928 0.841501772 -0.569936156 0.293881118 -0.155593485 0.187689975 -0.074640587
1.59166038 -0.266145289 1.69954157 -0.109029144 1.91906226 -0.0633236319 0.573987067 -0.377308398
1.67304957 -0.370128095 1.61689246 -0.318537682 0.208136246 -0.235335022 2.06656218 0.242916465
1.44874513 -0.471846163 1.98862994 -0.0682328865 1.97909963 0.197133645 0.0436318628 0.492149472
0.0204741936 0.120204948 0.678751528 -0.604118168 -0.0632011369 0.114624701 1.09695745 -0.506321251
0.678607523 -0.518691897 0.355002344 -0.255257845 -0.0756106973 0.0889601111 1.8994422 0.144857764
0.54072243 -0.451528937 1.59086049 -0.289547324 0.118591934 -0.00879750028 0.0535815582 -0.0617288314
-0.0419021398 0.329977989 1.90155983 0.354168862 1.14886224 -0.594281554 1.48522127 -0.596703649
1.54587317 -0.406552047 1.86378217 -0.114156961 0.411292464 -0.208777711 1.98539162 0.283930689
1.9424479 0.050901413 1.51830769 -0.417262614 2.00996351 0.157405138 2.0024631 0.525969863
1.06453717 -0.517937899 1.04602206 -0.514146864 0.546092153 -0.414405465 0.100139111 0.0452885404
1.27091074 -0.469125301 -0.0316999741 0.617551506 1.578439 -0.365927249 1.20758045 -0.516492963
2.02066064 0.167553559 1.97489882 0.202703491 1.84375179 -0.0539006069 0.126250014 -0.070093751
1.58253872 -0.410236746 1.91973794 0.202516049 0.909816444 -0.482031554 1.5404737 -0.375958502
0.69801867 -0.522258162 1.29083908 -0.442971379 0.277915895 -0.339372188 1.61853743 -0.241167247
1.8951565 0.209861591 0.835903525 -0.525797248 1.74635375 -0.288722873 1.45686042 -0.365113109
0.93863076 -0.530795574 0.0262728259 0.0400498472 0.291737139 -0.257848889 1.15129781 -0.526648819
-0.014665205 0.334258854 -0.0356626436 0.308974177 0.873132944 -0.494883537 0.0539353155 0.112693153
0.250601739 -0.0943855792 1.84414303 0.0552690066 0.559551418 -0.361253113 2.00863028 0.249784723
0.607706249 -0.509251654 1.98254168 0.313950002 1.0516535 -0.538716972 1.82658172 -0.0758207366
0.235390544 -0.19187662 0.142416149 0.0826400965 0.136563838 0.0434102789 0.144857287 -0.177314311
-0.732388794 0.642536819 -0.497822821 0.892633915 0.321410209 1.04267895 -0.970671296 0.386745691
-0.660038531 0.66328305 -0.591256261 0.752149582 0.585885406 0.778378487 0.721931279 0.738173783
-0.112318903 0.992943048 -0.85485667 0.556825221 -0.0862890929 1.04073846 -0.395320535 0.942297399
-0.531597078 0.69954437 -0.0420935713 0.960157514 0.902315259 0.522839963 0.844333649 0.509668469
0.653581083 0.635899186 0.550446391 0.815103233 -0.207980573 1.00127256 0.128428757 1.00483108
-0.435393393 0.943194985 -0.537234128 0.814683616 0.700593948 0.563277721 -0.963645577 0.0642344281
0.671238482 0.79893589 -0.852709889 0.30984205 0.63608557 0.824447274 0.976469457 0.363358766
0.92199707 0.221946955 0.837225676 0.407389939 0.50999856 0.790291727 0.619301081 0.681802452
0.679834187 0.720171034 0.521582544 0.809282362 0.501384079 0.856198668 -0.690831423 0.668847442
-0.950177133 0.400098473 -0.970020056 0.0499701053 0.705440283 0.589055419 -0.800781667 0.317067802
0.611930847 0.891838431 -0.547701716 0.909469426 -0.899966955 0.474290073 -0.981629729 0.253574044
0.474093258 0.947242022 -0.955095172 0.309299052 -0.505772769 0.898711562 0.964499474 0.314050049
0.631282806 0.816336155 -0.975127637 0.14043057 -0.697353125 0.697890937 1.01006699 0.364009857
-1.03590083 0.1812049 0.311280578 1.09795582 -0.178862259 1.00075817 0.555480838 0.811142564
-0.234592423 0.960351706 -0.71640873 0.806773543 -0.80507654 0.502633154 0.805116296 0.511345804
-1.0185895 0.405701816 -0.229798406 0.901435435 -0.546271861 0.729219675 -0.945402861 0.564926982
-0.0218532458 0.988238037 -0.963349342 0.295845687 0.116302602 0.998058736 0.0271669365 1.01433301
0.860443592 0.387610465 -0.576270223 0.855290174 -0.236332238 1.01754308 0.903183699 0.444143444
0.0865746439 0.949467421 -1.03972888 0.334583879 -0.490026712 1.00708151 -0.258577734 0.909882784
-0.241558343 0.913203537 0.168357819 1.00111282 0.0692228079 0.980012059 -0.845087111 0.632306874
-0.85707891 0.6026963 -0.771850586 0.673140228 0.92960459 0.240977481 -0.422971427 0.861464798
0.962692082 0.444718987 -0.564249992 0.871114552 -0.971850216 0.125634924 -0.961885631 0.106414378
-0.658777297 0.791224897 0.935322523 0.114875443 -0.790234387 0.609628737 0.383310765 0.889978528
0.5002442 0.810215473 -0.329732537 1.00200367 0.0765013918 0.98350352 -0.864178419 0.399257362
-1.03614426 0.171500802 0.379300654 0.951364636 1.09089589 0.280823439 0.986309707 0.105501734
-0.693375409 0.770952404 0.801944435 0.484416276 -0.564709008 0.967659652 0.949166179 0.0820613652
-0.967647135 0.0140307471 -0.214671195 1.06740761 0.9033283 0.256777585 -0.948516309 0.397951424
0.3155168 0.953070462 0.824723184 0.512939572 -0.948388934 0.303801805 -0.896525562 0.477807641
0.366481215 0.978647828 0.226153702 0.891052425 0.543843508 0.827473581 0.102930807 0.965152323
-0.96388799 0.374782294 0.818241775 0.52643466 0.950199783 0.393780172 0.842124045 0.511856556
0.727120936 0.771740913 -0.534436464 0.846582413 0.806958437 0.595388293 1.00209296 0.161066487
0.977661133 0.283157736 -0.830091596 0.437393844 0.509269774 0.760704279 0.481044143 0.895170152
0.696763694 0.853946865 0.79061836 0.583122253 -0.886183262 0.544850111 -0.711565733 0.692353606
-0.225478962 1.00927258 0.00364693813 0.961644053 0.106495611 0.986546159 -0.694226742 0.718072236
0.114710644 0.992473364 0.909194112 0.269951046 -0.289387345 0.924156427 -0.108833633 1.04225791
0.775696039 0.531373143 0.13854222 1.0415535 -0.780329525 0.533075094 0.400924206 0.830848396
0.417751551 0.904432595 -0.752028406 0.701400161 0.505366981 0.883358896 -0.236122072 1.01004696
-0.713982463 0.624303639 -0.912424684 0.423503071 0.25586614 0.972608209 -0.465686798 0.850753188
0.0617902055 1.01580405 -0.710102677 0.755348444 -0.00562860724 1.0601896 0.672500491 0.755886614
0.503352523 0.887109101 -0.771031737 0.690030754 0.621161461 0.732929349 -0.545146227 0.745004356
-0.294562936 0.978305936 -0.863713145 0.524429142 -0.357871056 0.91882211 0.549291909 0.7686221
0.145165294 0.944172144 -0.756680608 0.618861914 -0.556767046 0.856543005 -0.129922777 0.899807692
0.69453603 0.687731922 -0.945687711 0.314689755 0.954870403 0.217714131 0.950356424 0.152987331
-0.399196267 0.976081431 -0.839314461 0.490594506 1.01386988 0.000696375966 -0.533002496 0.848735273
0.753519356 0.767025709 -0.903987288 0.539997697 0.327138126 0.901739478 -1.05072618 0.157081872
0.617726088 0.792372763 -0.0346854329 0.958727121 -0.916510522 0.477582425 0.479151607 0.870555818
-0.105036505 0.920501828 -0.920023024 0.339832604 0.4896079 0.908454061 0.945551455 0.299687773
-0.106720142 1.09600151 1.00819194 0.117661014 -0.876412272 0.41559568 -0.0673978254 1.01092148
0.600850046 0.862045348 0.73213166 0.697748959 0.832051873 0.432349324 0.780263782 0.746384501
-0.101147756 1.03347194 -0.177029788 0.984099329 -0.81761682 0.584195495 -1.01595879 0.0428727493
-0.980591118 0.181199282 0.468309075 0.923430979 0.765785754 0.683465004 0.469410837 0.926246345
-0.105751373 1.0528245 0.0670773387 0.932614923 -0.985632956 0.355463535 -0.0479551665 1.01323426
0.589666426 0.806832016 0.428540379 0.922598958 0.796357989 0.519241452 -0.461783141 0.908690453
-0.779539585 0.809668303 -0.845078707 0.38118881 0.260724634 0.938186646 0.652044713 0.785699725
-0.812913179 0.716289997 0.69193542 0.739702106 -0.81866765 0.735324025 0.533855438 0.829482377
-0.875706255 0.44606629 -0.420795679 0.866372466 -1.03456938 0.0797729269 0.923539758 0.395664364
-0.813814819 0.695487142 0.643835485 0.715015352 -0.888996482 0.423924059 -0.826838613 0.602321088
-0.784922481 0.363176256 0.315165967 0.997531295 1.10198081 0.207905158 0.14867048 0.988811791
0.000331413001 1.08367848 -0.906560659 0.305397391 -0.451430678 0.872627199 0.145256072 0.975790381
-0.575464189 0.848413467 -0.924890697 0.43853268 0.724451959 0.770473003 -0.548571825 0.867031455
0.0878786296 0.185587108 1.88183677 -0.0952646732 1.19506192 -0.536812484 0.943910718 -0.502908945
-0.00373743474 0.0147810504 0.408542246 -0.327690423 0.624881327 -0.509494901 1.53291833 -0.414261639
1.92842138 0.190573841 0.458376974 -0.342305332 1.5254674 -0.378334045 0.1785523 -0.101036862
0.652096868 -0.440725863 0.37100938 -0.267574549 0.215756193 -0.243252069 0.616910756 -0.527021348
1.90543902 -0.0677049085 0.444808692 -0.367111415 1.56203794 -0.284996927 0.0065250136 0.366736621
1.69876122 -0.290116221 0.721750796 -0.518936694 0.460969388 -0.494222075 0.692183137 -0.450749874
0.00397684239 0.421049714 0.784515858 -0.485258609 1.23876131 -0.545473695 1.90450299 0.0114668217
0.466473669 -0.366083741 0.75491631 -0.60555023 0.239781648 -0.0795518383 0.0155619234 0.0530043617
1.19925606 -0.513961613 0.00796918571 0.205225036 0.0627493411 0.467421889 0.629466653 -0.477329969
1.64513934 -0.252845824 1.66139603 -0.304600209 1.97470009 0.309349626 2.00370884 0.147116184
1.93394768 0.0153682344 0.210888714 -0.238173366 1.87098718 -0.140335202 1.7408874 -0.0973921269
1.50215626 -0.495352298 1.4518379 -0.435115188 2.03231311 0.382348269 0.90444845 -0.53423363
-1.03518236 0.0656989068 -0.794615686 0.472114861 -0.917653918 0.251106501 0.276616752 0.914303243
-0.976524055 0.383082032 0.989581347 0.216440827 -0.117366813 0.978857636 0.912073553 0.732610226
0.341852963 0.962934673 0.385036498 0.898373067 -0.0355526432 0.952895224 -0.998989284 0.135454506
-0.756630301 0.645499408 0.0440000594 0.919434011 -0.869859159 0.498620868 0.768158555 0.701233327
-0.694901228 0.706959844 0.171546519 1.02012229 0.263253421 1.00488031 -0.226065606 0.910470903
0.849657655 0.417241961 -0.229101345 1.05084419 -0.470159322 0.895574093 -0.973642468 0.263877869
0.50777775 0.902113438 -0.551916182 0.844605446 -1.03759861 0.0423255153 0.615980387 0.782342553
-0.942556262 0.0537694544 0.659305692 0.599286079 -0.683487773 0.748490274 -0.58974123 0.88571775
-0.416448623 0.86324507 -0.973043799 0.314507216 0.588369548 0.756057799 -0.461917818 0.914730847
-0.0142475907 0.969136298 0.930717111 0.397954702 0.382868558 0.969680309 0.799825132 0.585608125
-0.677013576 0.777325928 -0.116164982 0.910164952 -0.174331486 1.08775878 0.461024553 0.905865669
0.0426841155 1.01901448 0.475944519 0.836773515 -0.630990982 0.835433125 -0.990693331 0.152743325
0.153725028 -0.108132444 1.92028785 0.161917046 1.91176188 -0.0133346561 1.87576103 -0.0816855952
2.00272989 0.122959442 0.165100843 -0.155366868 1.15680516 -0.542024314 0.315614194 -0.410862744
0.0526974164 0.363640159 1.53205383 -0.383257985 1.56655955 -0.281088322 1.74050415 -0.168366686
1.21828306 -0.509464622 0.167415574 -0.112826377 1.7211163 -0.321629196 2.04956675 0.419388741
0.188590243 -0.0796175897 0.240913302 -0.0873439461 2.13939953 0.454933912 0.255573571 -0.119182684
0.763720989 -0.525316179 0.0238595512 0.456831962 0.452460557 -0.436907917 1.66822529 -0.367532998
0.784184277 -0.506080449 1.71934915 -0.242309868 0.825457871 -0.422120512 1.77294326 -0.0855938494
1.4077189 -0.499564201 1.91078556 -0.099808611 1.94701993 0.00853653252 0.208678365 0.0165334418
1.99034524 0.325130612 1.86212349 -0.010563124 0.10928449 0.0132822907 2.03041625 0.238238707
1.89128101 0.0989889205 0.581391335 -0.478383243 0.953807473 -0.626468003 0.618152797 -0.484481364
-0.0167125277 0.361001372 0.905052304 -0.546201706 0.0193613786 0.377461016 0.0904954299 -0.0618218333
0.102646507 0.112088203 1.8809104 0.198238477 1.99199295 0.453059196 0.158358961 0.181425393
-1.02950072 0.0835123584 -0.92267108 0.327568084 -0.00265272707 1.04154849 1.00692236 0.127998084
0.470858634 0.879270315 1.03190184 0.0914559364 -0.978648901 0.355522335 0.424416453 0.905739427
0.61989814 0.930149019 0.700576007 0.617157996 -0.133381933 1.06129551 -0.984853566 0.0366950296
0.298943609 1.05388081 0.333283484 0.953189194 0.0482373349 0.995706022 -0.799060643 0.532025635
0.424160719 0.970933557 -0.685545087 0.699022114 -0.161139131 0.959142089 -0.567696571 0.701834381
-0.948156953 0.615314305 -0.938304365 0.188082114 -1.03935134 0.195502535 -0.0328757539 1.0118109
0.496046841 0.846327901 -0.439320982 0.886288583 -0.529059768 0.860502779 0.869898081 0.216625258
0.766388953 0.656603873 0.799548268 0.658527493 0.507849514 0.724765837 -0.745449543 0.6031636
-1.09264028 0.0657486767 0.844571412 0.192599177 -0.914640188 0.251345247 1.03578579 0.189567983
-0.453333348 0.93042922 -0.299843371 0.911553681 0.939746201 0.297784626 1.06031442 0.0212774575
0.279109299 0.947759151 0.355909854 0.870537281 -0.873007834 0.331675351 0.476042598 0.813897014
0.959034443 0.522301316 -0.36709404 0.951571524 -0.949506283 0.292499185 1.01241529 0.196123123
0.358477503 0.916705906 0.88911581 0.240104228 0.92314595 0.287638903 -0.531497598 0.930182457
0.892641425 0.281610399 -0.821726918 0.482082933 -0.935958624 0.355171412 -0.367729187 0.824777186
0.681935966 0.791665375 -0.613534391 0.77639991 0.355668724 1.00009263 -0.952018917 0.388057947
1.07634664 0.202722877 0.402000844 0.991737485 0.12737602 0.921282887 0.884222031 0.436382771
-0.945094645 0.440043241 -0.931541502 0.0666229427 -0.0419316441 0.949092269 0.504075587 0.965429842
-0.178281665 1.00993598 0.903590441 0.530162811 -1.03630042 0.429176778 -0.58537066 0.707557857
-0.910317957 0.408857286 1.02483153 0.246531546 -0.759942889 0.6809991 0.240368575 0.979891181
-0.955686808 -0.0503834113 0.320430756 0.970720232 -0.0682821423 0.911295593 0.496166974 0.987275958
0.681985021 0.69374764 -0.38354674 0.96438843 0.358632207 0.908300102 -0.830081403 0.557065427
-1.00496113 0.186973095 0.18799077 1.01930213 -0.203517929 1.00050032 -1.03643644 0.135537267
-0.509413898 0.994988203 -0.853405833 0.596450508 0.866858244 0.417995095 -0.775287867 0.663925529
0.66669929 0.759693265 -0.959174454 0.122974738 -0.55558449 0.854640007 -0.367456138 0.916082799
-0.47256273 0.706607819 -1.00941586 0.212819234 0.881184816 0.319815189 0.55992341 0.79704237
-0.481448591 0.911871254 0.857048035 0.60889554 -0.950173795 0.210320145 -0.427434534 0.91199851
0.412090778 0.933814764 -0.0862274468 1.00731993 -0.494686723 0.852341354 0.462930441 0.865652204
0.924151361 0.391579181 0.0462925769 0.983360529 -0.0297410209 0.870565295 0.112007044 0.932923555
0.284203708 1.07424986 -0.788318992 0.431712508 0.346563518 0.876323104 0.168159395 0.999333978
-0.63568306 0.691418231 0.831029475 0.51364994 -0.348711729 0.840013683 0.409732044 0.947033286
-0.679491639 0.599290967 0.779011786 0.746168911 -0.128700584 1.02166235 -0.145726323 0.919240594
0.941335797 0.242537856 0.830815196 0.423792005 -0.551287949 0.895815849 0.523560345 0.874387145
-0.724667251 0.608588576 1.02381015 0.100418568 0.595412314 0.756542027 1.00821555 0.250159681
-0.52263391 0.833202183 0.0279802065 0.939086199 0.251531154 0.869292617 0.282271653 0.951986134
1.03605461 0.348601371 -0.448048115 0.91378665 -0.0162166003 0.897488177 0.898833036 0.452339053
-0.521152675 0.788578451 0.0402070396 0.918616474 1.03823555 0.134668574 -0.763153553 0.786578894
-0.872524142 0.549453199 0.00867545232 1.04615295 0.765507162 0.636518836 -0.720187247 0.60914135
-0.150382832 1.06400263 -0.983174205 -0.0370790362 0.9518857 0.0883589983 -0.365514159 0.941944182
1.10553515 0.169258833 0.655288637 0.819853306 0.214570433 1.01731575 -1.00942206 0.264108509
0.632332921 0.795981944 0.842578471 0.56283617 0.129424483 1.00015783 0.160305873 0.972062469
0.929582417 0.291021764 0.0257026143 0.851169944 -0.782226086 0.729677618 0.565324247 0.751856208
0.921839237 0.314316571 0.864118516 0.481849134 -0.608608723 0.684581459 0.116301775 1.02622294
-0.839899719 0.386861473 0.136469573 0.981442928 0.0240226481 0.983379722 -0.905563831 0.270723641
-0.498894691 0.914728761 1.00031817 0.531731069 -0.193864852 0.940707922 0.0205997285 1.02694869
0.779010415 0.461524844 -0.935020387 0.106432557 -0.64266175 0.806583941 0.710566163 0.767199993
1.08003056 0.20917058 -0.634466231 0.788281441 0.997385025 0.305747747 -0.349690378 0.934596479
0.785368562 0.537860394 -0.208559945 0.969911218 -0.349873602 0.957430482 -0.732823551 0.757570386
0.460579664 0.895105243 0.0129544241 1.00886977 0.637440562 0.62090224 -0.194550484 0.965992332
0.762845159 -0.526142299 1.1392777 -0.664060533 0.520557821 -0.426122278 -0.0203573257 0.30420965
0.782192171 -0.543165267 1.2743715 -0.550700545 1.11341262 -0.602032125 0.764845192 -0.3863644
1.92030513 0.0038329442 0.777092636 -0.502876997 0.112295523 0.185174912 0.512787163 -0.393393666
0.655721962 -0.346711814 1.80938923 -0.0924374163 1.8815403 0.0900092646 1.55081797 -0.413034201
1.98097265 0.411986619 1.96814561 0.283945441 1.32891667 -0.444953948 1.87955904 0.0225327201
1.68887186 -0.388302416 1.23169196 -0.525619388 2.00693822 0.363367289 0.564355254 -0.539379358
0.0498514809 0.0953759998 -0.051239945 0.342145443 1.80307734 -0.126291841 0.105919175 0.0355883539
1.5834564 -0.400118887 0.937652171 -0.492372453 0.0263938364 0.323992401 0.562091112 -0.29718405
1.64217103 -0.375864774 0.911645353 -0.470064759 1.59992719 -0.432139516 0.38547051 -0.296639323
0.316100806 -0.344611287 0.984158337 -0.544804454 0.0656045005 0.303315341 0.628177822 -0.511133969
1.06669867 -0.480212986 1.5499481 -0.293847322 0.485322177 -0.455903262 1.84769654 -0.0687849969
0.957131505 -0.587956786 0.617944181 -0.508888006 0.457442403 -0.407527804 1.80731881 -0.0162848532
0.0303568952 1.03829181 0.367636472 0.787698746 -0.932978213 0.412693858 -0.532539189 0.886617541
0.342907429 0.877095819 -0.78128314 0.639524519 -0.943052828 0.0784405172 0.687183499 0.716408908
-0.716628194 0.549854934 0.898242295 0.53216815 0.810341716 0.491151839 1.03388596 0.221234113
-0.303467482 0.938011289 -1.02814019 0.292826802 1.08437419 0.11462412 0.942253709 0.381357044
-0.807488501 0.55019778 0.616717398 0.7564013 -0.788332701 0.712243617 0.337657213 0.990968585
-0.953161418 0.414304882 -0.156618938 0.990472674 -0.956187904 0.501567543 0.691518247 0.736256242
0.479733407 0.751774192 0.614310026 0.953371286 -0.914229631 0.423560083 -0.0638890415 1.05764234
0.863632679 0.309380412 -0.776280522 0.718920648 -0.796349049 0.515703976 0.973352313 0.541550577
-0.150098473 1.02258682 1.02151835 0.125677362 -0.190616727 1.04819727 -0.525143445 0.755553305
-0.97064352 0.139265567 0.504565358 0.911980569 -0.611335099 0.834202647 0.482058197 0.829330266
0.570948124 0.864957631 1.01570821 0.195131287 -0.27277711 0.990227282 -0.81107372 0.561548293
0.724112153 0.639340937 -0.650397062 0.791957498 0.218822807 0.943106413 0.938792884 0.441209257
1.62129056 -0.284041286 0.382584274 -0.311856806 1.01396942 -0.549352884 1.21287954 -0.57430464
1.91441011 -0.00759894773 0.0376044884 0.505146444 1.73355544 -0.214857727 0.605695426 -0.471634448
0.176751733 -0.049600333 1.00479436 -0.459568053 0.1292997 0.151172027 1.38975179 -0.455924451
1.76828218 -0.0561141372 1.90968251 0.13838315 0.613778293 -0.507982433 0.210139453 -0.193085372
1.73825347 -0.18291381 2.04335213 0.277973145 1.42786443 -0.480226994 0.147981882 -0.165796667
1.64711857 -0.259410948 0.00928617083 0.446322322 0.0161400754 0.323476344 0.217256621 -0.145176619
0.122152649 -0.0181631651 0.50417769 -0.384133875 1.87601376 -0.036633756 0.844585717 -0.473510176
0.338413209 -0.447545588 1.77326763 -0.132078528 0.105740011 0.272503853 0.0128355324 0.219174907
0.875803709 -0.476419866 1.94955575 0.163099334 0.404089391 -0.319790006 1.66592801 -0.217980146
0.109808639 0.0850415453 1.61202562 -0.292262554 0.508276284 -0.306662112 1.71551836 -0.297687829
0.488088936 -0.459936768 1.89896703 0.119331062 1.58275938 -0.308198065 0.14634642 0.0988137573
1.93212342 0.00979398564 0.0952967033 0.0369432159 0.717241883 -0.497231513 1.67717803 -0.324893892
0.217021182 -0.122401923 1.69896543 -0.456644803 0.227551877 -0.0798287764 1.63516784 -0.300163984
0.556419849 -0.46198979 1.78691554 0.120773479 0.180934697 -0.0962300301 0.312333554 -0.176056087
1.31830001 -0.511920154 2.00334907 0.284546971 0.245352358 -0.14891699 1.05927265 -0.570735693
0.959612429 -0.506276488 1.77398348 -0.224647284 0.132835671 -0.106907994 -0.0833033174 0.387871653
1.24309778 -0.5393731 0.36387223 -0.136743516 0.427266091 -0.305448413 1.87638247 -0.185193628
0.99681747 -0.535872102 0.679954469 -0.455625296 1.83961892 -0.00088487938 0.0269590858 0.171982259
0.13404654 -0.0164831094 1.88485813 -0.00549650937 0.807138383 -0.617120624 1.95885098 0.307607055
1.47807813 -0.259952664 0.65257144 -0.379215389 0.113722235 -0.0866932869 1.9796108 0.0651187003
0.00293290615 -0.149606913 1.86636686 0.168141633 1.39099061 -0.476346076 0.259456813 -0.330473244
1.84907138 0.0413229316 1.47512877 -0.327445149 0.317891181 -0.255457461 1.84806168 -0.00550155342
-0.091649957 0.285517454 1.37827563 -0.537842929 1.87115848 -0.110737242 0.963409543 -0.510609567
0.0549234487 -0.0960475281 1.63544118 -0.292093992 0.00505696889 0.237667367 1.31881428 -0.499706149
1.0376128 -0.540570557 2.07035637 0.230988428 1.9743166 0.359286129 0.774361849 -0.485176742
0.351996005 -0.402623981 0.833848774 -0.515544116 0.114600241 -0.106086813 0.299857676 -0.197688773
0.190041557 -0.106152505 0.0241306275 -0.267324865 1.97961068 0.194283724 1.43901646 -0.463771254
0.312546462 -0.322428107 0.0383257531 0.454855233 1.70104218 -0.433538377 0.103303447 -0.129036307
0.0320261233 0.411202848 -0.0116207842 0.350320786 1.54375303 -0.319260061 1.31645966 -0.527912498
1.00727701 -0.658946157 -0.0212283954 0.416720867 1.41182721 -0.44651109 0.120548055 0.241881043
1.17562604 -0.529735923 1.09497678 -0.565667093 0.132762879 -0.0948340446 1.04632878 -0.600793242
-0.00967337191 0.138897359 1.88566923 0.283111811 0.324104249 -0.416024774 1.66918886 -0.315664023
0.154406205 0.259783983 1.51737702 -0.369136691 0.00671770796 0.422094047 0.815133512 -0.529460013
1.19154561 -0.463094473 0.860966861 -0.569423676 1.86067355 -0.143127665 2.03894639 0.103585586
0.0298336968 0.0100533962 1.83067262 0.0239037555 0.105816826 0.0376894176 0.191588163 -0.0162051134
0.609020352 -0.458685756 2.02361608 0.382859945 1.83536088 -0.000569565222 0.991094589 -0.615878046
1.12403214 -0.605152369 1.95473039 0.378936023 -0.0468199104 -0.0164901614 -0.0682590678 0.398801029
1.64856374 -0.272699386 0.141690731 -0.118911058 0.773009419 -0.61108017 0.655115604 -0.597082675
0.374876201 -0.397163957 1.26130426 -0.59887439 0.403978705 -0.391765684 0.26597178 -0.246350989
1.755674 -0.228971705 0.33990258 -0.31433633 0.0472491495 0.336605042 0.765354455 -0.561121225
0.472370923 -0.396017462 0.297157884 -0.17998597 1.28402829 -0.527878642 1.48534691 -0.362731934
0.67303431 -0.430289626 1.7478472 -0.356018066 0.324232131 -0.348033756 2.0239234 0.460105926
0.154861242 -0.107581183 0.970439374 -0.499450088 0.302166432 -0.2838507 1.81692076 0.130569428
0.843870401 -0.476243347 1.88177228 0.0450531952 1.82452524 -0.286454499 1.32107568 -0.505841374
1.68459356 -0.414040327 -0.0877131894 0.311653852 1.90501416 0.420809686 0.505990148 -0.291478306
0.512455583 -0.487366498 1.23185873 -0.448999166 1.97305536 0.328184456 1.36865044 -0.494175076
1.6828512 -0.135391712 1.59765732 -0.290254563 0.965404391 -0.545472443 0.0443405062 0.042979449
1.00660253 -0.596801043 0.923706472 -0.603810847 0.327203333 -0.362094522 1.49695456 -0.347894013
1.90158093 0.0188219715 -0.0407501385 0.378256112 0.245641649 -0.161930263 2.10572529 0.325950712
-0.00202507991 0.28431499 1.9092418 -0.0393436365 1.98648632 0.244603634 0.127383173 0.203007936
0.00295561436 0.442876935 0.47032097 -0.340748578 0.0455560125 0.247095481 0.062998414 0.303928852
1.8564074 -0.0648925379 1.93203914 0.152217999 1.32180297 -0.471185148 1.45591354 -0.361153871
-0.00916074216 0.146396697 0.730102599 -0.561994791 0.216013059 -0.144785851 0.122186854 0.0379549004
0.280196071 -0.22588262 1.41313457 -0.397684366 0.689206839 -0.539289832 1.89762533 -0.272698224
0.0193157475 0.196633637 1.84953904 -0.134754792 0.0265715066 0.236833915 1.34170771 -0.392746121
0.0353599191 0.0183071531 1.95194447 0.131831959 1.96367216 0.261056244 1.27696621 -0.469666392
0.317187101 -0.358542442 1.73780894 -0.19870016 -0.0462495722 0.260539293 1.22416162 -0.446453512
1.67151976 -0.251435101 1.83838308 -0.0831444785 0.298408031 -0.221788049 1.64269137 -0.368220031
0.980063915 -0.519477606 1.16831779 -0.505089879 0.504183292 -0.387319714 1.63866401 -0.332464069
1.60903835 -0.261321127 0.0790255517 0.237328157 0.221955597 -0.210545987 0.592471361 -0.447897553
0.124411419 0.0516729951 2.01999688 0.0829338729 1.94582546 0.039398998 0.881241679 -0.59192282
1.64300442 -0.365451187 0.554100215 -0.488064796 0.134098887 -0.0153527558 2.01915264 0.376359493
1.41409039 -0.439463943 0.0796809867 0.16483435 -0.0329045653 0.414498776 1.98479676 0.351653159
1.65117145 -0.352820039 0.00288903713 0.170952559 1.07940519 -0.445847839 1.44059896 -0.419675916
0.409341753 -0.176204726 0.138813645 0.117094874 0.656126976 -0.434034526 0.553485394 -0.658866346
0.566042244 -0.426718414 1.23851836 -0.525366366 0.199536785 -0.0167765245 1.0013479 -0.582665145
0.0481915325 0.403089702 1.88728213 -0.0837959871 1.42158854 -0.478884727 0.0263286345 0.272254348
1.30598235 -0.532857955 1.66121864 -0.142306328 0.347140372 -0.450184196 -0.00966659561 0.399742901
0.121400207 -0.229686901 1.00965405 -0.492127687 1.76301622 -0.147473976 0.389585614 -0.377692342
1.04836178 -0.580228746 1.60897243 -0.320323348 -0.005594966 0.343246937 0.97006309 -0.57409054
1.49909413 -0.517837405 0.706070542 -0.501801789 1.38801908 -0.510280669 0.620653391 -0.447441667
1.65494549 -0.368883491 1.97077954 0.380005628 1.18545294 -0.47903797 1.23009479 -0.491688579
2.0359323 0.309066713 0.0964100435 -0.0266901925 1.96352494 0.227703094 0.509636879 -0.470196784
0.0844917446 0.170174271 1.40002334 -0.505404115 1.40599179 -0.536478817 0.830365181 -0.43340838
1.38946331 -0.432862759 1.9118191 0.138639599 1.45085478 -0.389062971 0.359545469 -0.399302423
-0.0356769934 0.451387882 0.349669665 -0.2998842 1.39891362 -0.5920434 1.24424434 -0.573056877
0.413061649 -0.369211078 1.88475537 0.159303337 1.69200444 -0.280194193 1.48322725 -0.431857318
0.58095026 -0.421788633 1.92090034 0.356152326 1.26904774 -0.536958277 2.01521635 0.398603886
1.34776151 -0.423675388 0.709269166 -0.487608463 -0.0366217121 0.239848524 1.32975197 -0.584205151
1.22941458 -0.503773689 0.0113417469 0.173740819 1.52870572 -0.401794255 1.81995559 -0.341266215
1.98284042 0.141606823 0.267224282 -0.153234065 1.81230497 -0.124243081 -0.056541957 0.258711308
1.04790688 -0.603658736 1.85059619 0.0903746486 0.438792974 -0.321336001 1.36744034 -0.432121754
1.18761253 -0.553570271 0.0875779018 -0.10674271 0.452984095 -0.322635025 1.73511505 -0.228618935
1.07538354 -0.52583009 1.94034648 0.171806425 1.43834126 -0.519685686 -0.0557007417 0.252994537
0.208422735 -0.0863998532 1.20403886 -0.446653843 0.67740196 -0.436525404 -0.0608998686 0.328023642
1.91258025 0.311867058 0.662481844 -0.532901049 1.05461848 -0.483368397 1.62632537 -0.232824475
1.59692872 -0.356356621 1.13292718 -0.616517007 1.92395544 -0.103633389 0.569971979 -0.359633148
1.97083414 -0.0385258198 0.240645379 -0.310054243 1.26382589 -0.529209375 0.379492134 -0.370411485
1.67100048 -0.310348749 1.51767886 -0.345353186 0.0494845882 0.0798937976 0.0196059272 0.184014529
1.40671194 -0.533213675 1.43524969 -0.370220542 0.163340107 -0.0690033436 0.583705604 -0.466202825
2.05621266 0.0414520316 0.021858627 0.393293232 0.0615617968 0.035285145 1.85082436 -0.0357615128
0.0588097163 0.409162641 0.258651257 -0.198918834 0.313534588 -0.341903865 1.7381444 -0.236316323
1.97056675 0.164803326 1.93229735 0.0532534197 0.0491669178 -0.0540619344 0.880258739 -0.583879054
1.82442999 -0.0843759924 1.1141963 -0.517965496 0.502364218 -0.345738947 0.795837462 -0.612130523
0.934655249 -0.570268571 0.154187739 -0.0558273904 0.051561866 0.364088237 1.07215178 -0.576547205
1.61521542 -0.418869585 2.07470775 0.234544992 0.539825857 -0.423941761 0.439837098 -0.318730235
0.709587574 0.638318896 0.0677727908 1.00508296 -0.0783955902 1.01783586 -0.283941776 0.936921239
0.0635637641 1.09359646 -0.833349586 0.193988532 1.00989079 0.0164401531 -0.421312541 0.906284332
-0.924273014 0.22780478 0.336387485 0.889962673 0.470404208 0.846838474 0.1029201 0.963021696
0.853436828 0.590282857 0.190046772 0.888196886 -0.821910322 0.617174268 -0.537892818 0.918429434
0.697055936 0.788149595 1.07565737 -0.0171085224 -0.344801456 0.88898325 -0.662242651 0.859742045
1.02524018 0.207688406 -1.03970242 0.18308492 0.824260652 0.561441958 0.742406368 0.53010267
-0.0543775894 0.957933366 0.835352421 0.704828262 0.229056433 0.90671283 -1.02785575 0.115379296
1.03437841 0.0969543606 -0.84486115 0.482589185 0.587976694 0.755732059 -0.12519978 1.04252172
-0.325482279 0.875403702 -0.674228013 0.852348566 -0.697249532 0.694300592 0.745769203 0.616565883
1.05822778 0.206344277 -0.0918100476 0.892102718 0.198227361 1.158512 0.38872081 0.859747648
-0.91742444 0.20489186 0.616798401 0.708442509 1.03480673 0.0786966309 0.034665633 0.988037467
0.275354385 0.95638901 -0.942167461 0.335815042 -1.00468051 0.215283528 -0.233159512 0.945650816
0.863803685 0.555847168 0.955627143 0.209656402 -0.963330984 0.172692716 -1.061777 0.17982775
1.05584192 0.260743946 -1.11594391 0.377812773 0.894697785 0.272094965 0.600091517 0.733814776
-0.663165092 0.839485347 0.370362192 0.851406813 -0.484922767 0.916746318 -0.76142168 0.823610246
0.818157017 0.430265874 -0.969129622 0.142745316 -0.690448642 0.664543986 -0.588113606 0.854749143
-0.958417237 0.478005946 0.745992124 0.627743661 -0.935805202 0.409333855 0.276762068 0.80867517
0.88951236 0.524779141 0.671663582 0.835800231 0.486218125 0.850726366 0.587652147 0.74877727
0.547567248 0.840797007 -0.889635265 0.272520572 -0.355665267 0.840114474 0.149189264 0.920528233
-0.853002369 0.403262466 -0.383011341 0.860371888 0.864991188 0.602989376 0.112166345 1.00445485
-0.916876674 0.0353866518 -0.638555229 0.802792966 -0.201383308 0.962815404 -0.128325403 0.986831188
0.0837895349 0.96063447 0.569218159 0.79386884 0.976554453 0.236706674 -0.866919816 0.492289007
0.776412487 0.633121908 -0.520173311 0.75516814 0.609426498 0.637355447 -1.03931487 -0.00616827235
-0.361035943 0.899208844 -0.868381739 0.512446404 -0.511894524 0.832689941 0.973095417 0.213400185
1.16928089 -0.574978888 1.86615968 0.0542950928 0.898168921 -0.630971134 1.30661571 -0.453727305
1.62613213 -0.24052301 0.436348766 -0.367340356 2.02779078 0.35634014 0.697796762 -0.464771599
0.765734076 -0.55996412 0.565160692 -0.460336119 1.94870114 0.249417901 1.4994663 -0.373504579
0.0946169049 -0.0557311401 0.768053055 -0.585223675 0.623410344 -0.462623775 0.820267916 -0.483549714
2.00700545 0.149930343 0.367912054 -0.340660959 1.1710099 -0.569759488 0.0736211538 0.0415327363
-0.0642708391 0.325606227 0.344607234 -0.408418924 0.982489407 -0.661427617 1.24707973 -0.457478374
0.114239216 -0.088453941 1.98854995 0.579461277 1.98352087 0.202837616 0.309753865 -0.202507973
0.545344353 -0.402889997 1.95904124 0.0879974812 0.117693409 0.41651848 0.178188115 -0.00835549645
1.84796929 0.344251931 1.95113242 0.405284792 2.05702186 0.226283461 1.91218042 0.0979052559
1.92950916 0.173724249 1.28485477 -0.523195565 0.904824078 -0.622847199 1.00346076 -0.429478705
-0.00963405333 0.432308972 0.297388285 -0.359811455 1.02255297 -0.59160465 0.468369275 -0.469648272
1.96771765 0.0803621784 0.302646667 -0.266106606 1.31819892 -0.496813864 0.290016115 -0.330853671
0.386393815 -0.418137968 0.956552505 -0.525405049 0.766581774 -0.543038666 0.972421646 -0.566799581
0.182811767 -0.130246192 1.32318318 -0.511189997 1.51364493 -0.447377741 0.944738865 -0.553837597
0.901988149 -0.505162001 1.66150808 -0.346347064 1.90540493 -0.0796475708 0.98107481 -0.562690675
0.202760577 0.102975287 0.144729599 0.0454087183 1.08532357 -0.592557251 0.0524498336 0.297608793
-0.0127572566 0.129454851 0.525427878 -0.54184562 0.372803718 -0.317866802 0.802973926 -0.605587721
1.43381608 -0.512889028 1.91751695 -0.0699779838 2.05550718 0.54872191 0.413857937 -0.228132591
0.0309799742 0.486343443 1.79351294 -0.124195941 1.94462013 0.246799558 1.97098017 0.430308193
1.35183978 -0.409455359 1.90561557 -0.110508479 1.05241239 -0.557344019 0.173958689 -0.0592536256
0.0130117536 0.0584925488 0.20053193 -0.162015155 1.20524871 -0.534956157 0.71405673 -0.434255004
1.37883174 -0.471529037 1.45224404 -0.45788756 0.218357682 -0.0291608199 1.15552258 -0.435512543
1.99355006 0.351071626 1.76851356 -0.0362309292 0.8052876 -0.479933351 0.722997367 -0.514179826
0.379221648 -0.303365529 1.45061779 -0.373668641 0.212420002 -0.0922839195 1.90054917 0.440705955
0.0547357686 1.00454068 0.854760528 0.491117954 0.765745044 0.756903708 0.519964695 0.930648565
0.908310235 0.372181445 0.459982783 0.859501839 1.00950456 0.07001248 -0.56383431 0.877300084
0.530424118 0.843175828 -0.430368155 0.888779938 0.781544387 0.718827128 0.66378212 0.761978269
0.65617305 0.735707879 0.0986429602 0.983023584 0.886670053 0.380150139 1.11245131 0.148132578
-0.31166634 0.908751726 0.908426404 0.246329695 -0.944299996 0.264032125 -0.869949996 0.439053804
-0.831675947 0.606068909 -0.889781833 0.37311542 0.817689419 0.578450918 -0.257537007 1.02755749
-0.387826264 0.947231412 -0.769808233 0.192216992 1.0872128 0.164127544 0.352620065 0.902036071
-0.757055044 0.76026839 -0.772180438 0.706138432 1.09239578 -0.0521042682 -0.941912055 0.135902345
-0.81688118 0.488582253 -0.999576807 0.194779783 0.609467387 0.785484195 0.65001893 0.722444236
-0.499592841 0.920892894 -0.917478979 0.393043041 -1.05026364 0.14772965 0.7601403 0.441247284
-0.815726638 0.627255142 0.283365071 1.05817509 0.657035828 0.7389974 -0.780350685 0.61532408
-0.68093276 0.697804332 -0.25071311 0.908515275 0.827480257 0.570720851 -0.980664551 0.13124831
-5.47263771e-05 0.181049466 1.62525606 -0.348395735 1.82857823 -0.133418486 1.11447024 -0.54453826
1.91345489 0.370957613 0.315918505 -0.300367385 0.466985643 -0.485589445 -0.0636335388 0.488233984
1.89905822 -0.0838076249 0.806498826 -0.582633615 0.439256847 -0.435626626 0.297035158 -0.13545835
2.07258058 0.419993848 1.22196579 -0.560393214 0.182247117 -0.173302293 1.9559691 0.201431647
1.90935004 0.251021743 1.67306459 -0.118031681 1.81709456 -0.0470247194 1.93070054 0.338096052
1.77023256 -0.0286038723 0.560156643 -0.447563976 1.25568235 -0.479595065 1.47899592 -0.450551689
0.852202833 -0.552668035 0.527976513 -0.487337977 0.00482435338 0.293988675 0.197345689 -0.206961319
1.76796985 -0.165926367 1.90001619 0.0236187074 1.06407464 -0.566116214 1.97822714 0.0290660113
0.69701004 -0.527384758 1.70356345 -0.229816347 1.69286454 -0.361635506 1.53742063 -0.267329723
1.50227511 -0.537090778 0.19416216 -0.00556590408 0.828682959 -0.499981433 -0.0117202019 0.37946716
0.655098498 -0.518769681 1.83525801 -0.0275400989 1.85229754 0.1639442 0.519960046 -0.453574121
0.0666401535 0.0536706038 1.92124975 0.233914733 1.48230124 -0.437526345 0.0640645176 0.281560987
0.516114295 0.896490812 0.129656494 0.986902297 -0.76092118 0.560831964 0.587155223 0.815188468
0.887061954 0.173481584 -0.66426146 0.752619326 0.401901215 0.920732498 0.674870968 0.61405623
-0.0243672952 0.938546896 -0.891901135 0.235416234 0.0827389359 0.942786217 -1.11995244 0.0445999131
0.471359015 0.793389142 -0.546918869 0.795662463 -0.441739947 0.875258446 0.467615217 0.886887014
0.660263419 0.654943883 -0.21722731 0.985991478 0.491978556 0.879079223 0.70649302 0.648326516
0.00926522631 0.938837826 -0.989597321 0.113584474 0.789776206 0.625568688 -0.958174348 0.42114681
0.211756423 1.06671059 -1.09695685 0.216583878 0.684841335 0.749435306 0.60821712 0.808018804
-1.02516913 0.120040506 0.295897782 1.10480225 -1.07587302 0.156622916 0.437706292 0.92504698
0.983870387 0.0808842778 -0.93147248 0.473415077 -0.461349964 0.819859862 0.211306855 0.940071404
-0.0707546473 0.978061557 -0.861888647 0.505588233 0.921251655 0.50389111 -0.261217803 0.963882387
0.866298795 0.404898763 0.861094594 0.288041711 0.479121834 0.935942233 1.0039686 0.399774551
0.964927256 0.127732247 0.93861115 0.332811028 -0.868929207 0.272689492 -0.950474143 0.334545434
0.00533565134 0.2922737 0.186604768 -0.0928492397 0.0668303221 0.0965577886 1.51691294 -0.475863189
0.258035988 -0.115976915 1.67221582 -0.184708968 2.03544664 0.182614446 0.139767498 0.17427972
0.207706735 -0.167117119 1.83330739 0.0906775668 1.85958803 0.491627783 1.39649343 -0.519528687
1.93555212 0.130057126 0.146430835 0.0273908451 1.66710293 -0.198234737 1.66430581 -0.427767456
1.51609278 -0.35557434 0.892846525 -0.534918249 0.327587992 -0.325402766 0.336097777 -0.258759856
1.27149642 -0.503528595 1.52808523 -0.494369805 0.987909496 -0.540920794 2.02723527 0.184947997
1.73193324 -0.271223366 0.836574078 -0.534332931 2.05308294 0.300662935 1.8374958 0.00396719296
0.863085687 -0.491833925 0.55328995 -0.464436263 0.425789118 -0.325028718 0.442463905 -0.46620816
0.810889482 -0.452247888 1.2104131 -0.488614976 1.96438479 0.170139775 0.173936531 -0.106475286
0.0388400108 0.304994822 -0.046443861 0.388345003 0.215962961 -0.205949813 0.818772733 -0.533168137
0.164325714 -0.253590912 0.0464879423 0.228376165 1.51545739 -0.452803016 0.684016585 -0.60733664
0.0510048121 0.175691396 0.0629295558 0.192548141 0.694171131 -0.535484552 1.72801173 -0.367930621
-1.03331363 0.0901581645 -0.6480425 0.867642105 1.01674664 0.01323626 -0.979502916 -0.0934453085
-0.14726299 1.10242105 0.744196832 0.652342021 -0.322855771 0.886107862 0.83467555 0.462168068
0.638353944 0.650320768 -0.232674122 0.921304047 0.38200143 0.869145811 0.942859232 0.459561884
0.0383251011 0.930855036 -0.935878932 0.0481584519 -0.0838947445 1.03301442 -0.242164209 1.02026105
0.114994138 1.04599583 0.787675321 0.569457233 -0.215711907 0.901144683 0.959250867 0.473105073
-0.621129274 0.852483511 -0.987261176 0.0476266816 -1.02167702 0.0343430787 0.353485435 0.880233169
0.888545752 0.199635491 -0.358693242 0.989138603 -0.951238573 0.372250497 -0.361147165 0.936828315
1.02543569 0.0270259529 -1.01571214 0.056874413 0.955788076 0.0757174119 -0.325551689 0.918350279
-1.05362487 0.123552531 0.774340689 0.616468728 0.250970036 0.947360396 -0.362132013 0.998464167
0.430888206 0.94967103 -0.690239251 0.673709393 -0.427999407 0.928948581 0.177711904 1.11058378
0.0367925465 0.979656935 0.477121562 0.731665909 0.0508350432 0.931218326 0.852781892 0.480178654
-0.996455729 0.0550788008 0.171352535 0.911863923 -0.570634723 0.805137455 -0.596960306 0.80503577
0.196013048 -0.228683233 1.9718895 0.360470861 1.25201452 -0.493306279 0.0946235582 0.107235879
0.0747945905 -0.185469791 1.57027912 -0.379422545 1.98345971 0.264503449 1.7671932 -0.176316738
1.41209853 -0.465764791 1.77733457 -0.174870044 2.01853514 0.105732933 2.05993199 0.246564791
0.0103254104 0.427592814 1.04330289 -0.365637422 0.0884848312 -0.0452573486 0.380595982 -0.300394922
0.0111102872 0.396784484 0.0505124405 0.150453046 1.859043 -0.164475873 0.795580328 -0.600154102
1.6957078 -0.249656484 0.101008043 0.174697772 0.883650422 -0.419782043 1.92750251 0.0102004213
1.88703918 -0.0109416917 2.0056901 0.320007324 1.91184461 0.334761739 -0.017064767 0.232113734
0.512912035 -0.322366506 -0.0272911787 -0.0186773241 1.90669978 0.11041829 0.721071482 -0.571030259
0.769093454 -0.485371858 1.4878161 -0.480902106 1.46764672 -0.468451649 1.81250966 0.0267436113
0.578836501 -0.43687585 0.207393661 -0.0818882138 1.66240215 -0.339122772 0.0992205888 0.0776164904
1.72375309 -0.126150474 0.634103119 -0.561065197 1.74966145 -0.199733675 0.1275381 0.0274445266
0.14050214 0.0805633813 0.557812214 -0.460901111 1.02458608 -0.592578471 0.55539 -0.517384052
0.165476263 -0.232039914 0.532782912 -0.508845389 1.93306792 0.0267204717 1.42404282 -0.533851922
0.856977046 -0.585015893 1.13946283 -0.632473648 1.80287457 -0.00781546161 0.686032295 -0.594181657
0.881436944 -0.474767447 1.73041785 -0.225652739 0.44488135 -0.3719455 0.436409771 -0.405061185
-0.020003112 0.364487499 1.90975261 0.0131888166 1.57830334 -0.481374383 0.119305931 0.0558990613
-0.0106507652 0.315548152 1.34024668 -0.373029709 -0.00502048805 0.124895819 1.96321547 0.179225951
1.97354567 0.210532308 0.327853203 -0.221582621 0.277751774 -0.249782577 0.451013327 -0.524974823
0.200149953 -0.0453063622 1.70453227 -0.283384353 0.54678452 -0.447403878 0.460687876 -0.292676032
0.196506694 -0.0799379721 1.70037055 -0.235779554 0.0720976144 0.0557135791 0.395323724 -0.404483378
1.62887812 -0.327720106 0.230221957 -0.354973972 0.345928371 -0.453966975 1.69359112 -0.20002991
-0.00378387002 0.492448717 -0.075301297 0.334185123 0.075708665 0.174934924 0.825565696 -0.554704845
1.62527215 -0.405694187 1.88594902 0.0592327602 1.88497329 -0.0871832296 2.02461624 0.205289513
0.250895619 -0.343732327 1.12104952 -0.522219062 1.98922384 0.424962878 0.181443527 -0.210907325
1.9104408 0.109045498 1.71593487 -0.283132613 0.418924868 -0.440614998 1.82062292 -0.202779949
0.792376876 -0.396854043 1.9185288 0.361138076 -0.0784164965 0.227811694 0.531210184 -0.456975639
1.41660821 -0.462839842 1.76227343 -0.103290319 1.73202109 -0.148663729 0.0747736245 0.110162273
1.78342748 -0.154511958 0.410436124 -0.384344786 1.1684258 -0.564906597 1.54789877 -0.333006918
1.84623647 -0.0417325199 1.53519297 -0.50883019 0.564879894 -0.433748513 1.31373203 -0.592179239
1.63008869 -0.34267056 0.159328952 0.0387825891 0.180893213 -0.135746345 0.0226399526 -0.0494443551
1.12724388 -0.536992967 1.76158273 -0.249422401 1.10911489 -0.628426552 1.67612553 -0.368433356
0.177617714 -0.0843482688 0.901812673 -0.55893755 0.151180178 0.00271405 1.73129964 -0.20441629
0.576284826 -0.448548794 1.71534777 -0.31803745 1.98377025 0.20795013 0.194471508 -0.0820991397
0.123875961 -0.0274084359 1.8397187 0.0910324305 0.713674605 -0.417191029 1.58860242 -0.279568911
1.96952915 0.417641968 0.278468102 -0.0956475511 0.699633002 -0.672181845 -0.00957134552 0.26968503
0.933588445 -0.62271452 0.216900766 -0.0721059889 0.849400043 -0.505938947 1.78252947 -0.196121588
1.89183164 -0.0632106811 0.762931883 -0.487908423 0.0776849836 0.143717885 1.83889794 -0.104247525
-0.0191614982 0.328996658 1.34023273 -0.476009727 0.0931143388 0.0988908783 0.825929582 -0.602092624
0.894938648 -0.675745308 0.974572897 -0.573219597 0.188017488 -0.0181432813 1.69962859 -0.289178252
1.87334085 -0.179219007 0.232866853 -0.0936375558 0.430517405 -0.432831645 1.95703757 0.281145304
1.76429117 -0.0997232944 0.511192381 -0.450468361 0.0101534799 0.292724252 0.196058661 -0.276660144
1.26870823 -0.461339593 0.00757105649 0.0176730882 0.0313897282 0.242142975 1.77772462 -0.208692923
2.00305605 0.313789576 1.53649414 -0.405876309 0.0937752649 0.354383558 1.21719253 -0.498619318
0.610478938 -0.431735933 0.114612475 0.162697673 0.38768366 -0.37615186 0.640536487 -0.496739417
0.854888618 -0.551365077 1.9891181 0.327486038 0.551517248 -0.370368332 0.998880625 -0.58624208
0.182704449 -0.166493744 1.8636384 0.361263216 -0.0371448398 0.469660789 1.54984891 -0.275247127
2.05032325 0.304029763 0.248221114 -0.1329851 1.90633488 0.237183198 1.32620335 -0.442586511
2.02396584 0.326589733 0.760136187 -0.504563153 0.15227221 0.0652475283 0.543876708 -0.369074196
0.0352975726 0.424759269 1.45171678 -0.404210508 1.26173902 -0.448375911 0.940857708 -0.548924863
1.75166452 -0.301440537 2.00900483 0.231801793 1.89383423 0.214851215 0.0324256346 0.273619205
0.116769373 0.110915169 1.16292059 -0.57496798 0.00655827112 0.304553688 1.25714052 -0.500357985
0.811164021 -0.528020978 2.07989812 0.386873364 1.53214884 -0.389969617 1.06436872 -0.426102579
1.31622016 -0.504556775 0.0510831363 0.2190478 0.124140978 -0.12537995 0.254499972 -0.177277103
0.221284151 -0.161110297 2.00229907 0.385703325 0.0456459522 -0.228412837 1.92425227 0.151278496
1.75344563 -0.0802295879 0.114016168 -0.0467120819 0.152002633 0.0488247946 1.73704481 -0.192960113
1.34471095 -0.427658468 0.445907146 -0.410439342 1.29081392 -0.585250795 0.449004591 -0.285559237
0.272497267 -0.255984098 1.95983613 0.0835390165 0.676761985 -0.521738529 2.02641201 0.403415889
0.0121932635 0.299609929 0.785929859 -0.539249122 0.00446812063 0.27779609 1.31290722 -0.536776841
2.05425715 0.451560318 1.88515389 0.016931057 2.00599384 0.181607977 0.274371386 -0.19727096
1.59837139 -0.38457635 0.0462403074 0.0230919309 2.00781083 0.301962137 0.669551611 -0.502471328
-0.313532293 0.904952645 0.89130348 0.559792936 -0.965641618 0.353053808 -0.912355125 0.448105633
0.346813023 0.92310226 0.462744653 0.930429041 0.118698761 1.01360548 -0.52951324 0.779042602
0.692039847 0.758726358 0.999967217 0.315125763 0.341440082 0.968141615 0.799498737 0.661011517
1.02531683 0.289526343 0.792472124 0.449599117 -0.0532276854 1.01807272 0.0574026592 0.884101093
0.578920364 0.787640572 0.400078356 0.889606595 -0.289729655 0.918484211 -0.916895449 0.280009896
0.697838068 0.620492101 -0.723507524 0.505969107 0.898137391 0.565187871 0.364884973 0.899002433
-1.01770592 0.21280247 0.67930299 0.772538006 0.929360092 0.41516462 0.587652743 0.646434724
-0.939067245 0.128970772 0.950226486 0.0855180025 0.356974334 0.926353395 0.791414201 0.609097302
-0.0921528414 0.939749658 -0.789267898 0.660632372 -1.0209682 0.144721538 -0.803343058 0.749635518
0.655682027 0.588499606 0.542084694 0.9353863 -0.882415593 0.28313449 1.03148675 0.188180625
-0.664709389 0.647236228 1.02848768 0.117343307 0.436283797 0.832551718 -0.0905611962 0.964370847
0.0885221437 1.01740026 -0.588707209 0.970613539 -0.412493736 0.832752883 0.665388107 0.790649474
1.8774507 0.331134588 1.82605886 -0.0284196734 1.06810093 -0.591961145 1.45210958 -0.570691764
0.494367361 -0.422339201 0.788815081 -0.56490916 0.00965191983 0.413450509 0.282972902 -0.160977408
0.867140949 -0.533061326 1.94826913 0.40023151 0.941115499 -0.576003432 0.814019918 -0.613793015
0.48467052 -0.459796488 1.99383807 0.404196888 1.53685248 -0.409428954 0.319109321 -0.30746612
2.07929444 0.21162425 2.02166295 0.067386061 0.719288766 -0.586553872 1.71922338 -0.244456127
1.64890659 -0.436643064 0.0655368716 0.0390376374 1.79402614 -0.0462126285 0.55790782 -0.472130656
1.90096354 0.119832642 0.0693947673 0.251458108 1.6986506 -0.289507121 0.811166286 -0.615563095
-0.0134981982 0.241895288 0.956789255 -0.543199122 0.348373741 -0.285663098 0.10981635 0.141059354
1.65520775 -0.296630353 0.836313367 -0.547615528 0.0960316807 0.0509998053 0.707186401 -0.48902458
1.88926935 0.0231951065 0.664687395 -0.445786119 0.600093246 -0.406085938 0.69716531 -0.496244788
0.443513095 -0.377008975 1.72962022 -0.271721601 1.77395701 -0.167150736 0.466405541 -0.383053452
0.683680475 -0.484848052 1.56205451 -0.200640544 0.928889096 -0.451818943 -0.131517783 0.102930516
0.511832356 -0.556427062 -0.0839051008 0.40811944 0.466034234 -0.325954944 0.688169539 -0.484562308
0.313187629 -0.310187191 1.31841803 -0.490251064 1.93226981 0.213340878 0.875512481 -0.576027215
0.0114729423 0.439886481 1.83613408 0.0590479448 0.782564759 -0.555574775 1.99315596 0.0619322956
0.581930995 -0.257040024 0.0261646509 -0.0355321988 0.585256815 -0.629223883 1.28693712 -0.57183522
1.71457052 -0.275412977 2.10334229 0.256554276 1.3584975 -0.511926949 1.50717902 -0.308695316
0.440262794 -0.355992019 0.942696869 -0.570946991 1.42409134 -0.390299678 1.17501807 -0.639453232
1.83328557 0.0489333272 1.75169647 -0.224288955 1.186795 -0.51135087 1.96003819 0.236286134
0.0555916131 0.199276298 1.82724452 0.0436515063 1.70959806 -0.169069096 0.216389567 -0.236118644
1.95211852 -0.127337828 1.05594635 -0.623180568 1.17289257 -0.489795625 0.419193983 -0.284448862
0.846799552 -0.535345852 0.0123078125 0.337832719 1.83200991 -0.128697082 0.0206938945 0.418778807
1.82702148 -0.205702201 2.06026268 0.281263649 2.01699162 0.276809901 2.0862906 0.415679663
0.555186927 -0.608699143 0.140429318 0.302163303 1.31116879 -0.466175258 1.47709775 -0.555663168
-0.393350095 0.82752645 0.899260521 0.458742261 0.738484979 0.656022549 -0.81126821 0.483263791
-0.306613833 1.06847465 0.966566682 0.115835145 0.710719109 0.697445989 0.173161224 1.00961649
1.01243567 0.0456649959 0.905975282 0.378448576 0.888037682 0.378856868 0.512518525 0.737060606
-1.0238806 0.103980966 -0.868699014 0.447476 -0.337557673 0.917179346 1.04844201 0.0768038705
0.71636492 0.631296575 -0.0718166828 0.892259777 -0.771192908 0.631622732 -0.350291401 0.913149416
-0.893437147 -0.0171448123 -0.454411328 0.952814877 -0.895141184 0.192612067 -0.926886082 0.47621429
-0.58748728 0.830319345 -0.929778814 0.379000008 0.807090461 0.538848937 0.959879279 0.129249603
-0.978293478 0.105143659 0.88202709 0.444777668 0.0030650869 0.987202942 -0.711999357 0.789494395
0.435626686 0.855549991 0.00768478215 1.04108047 0.760737419 0.714780569 -1.01708996 0.224697158
-0.447148472 0.871924758 -0.862980127 0.468308806 0.98920542 0.0413498133 0.602210402 0.722875714
0.260892868 0.920290291 -0.735850155 0.637604892 0.293748945 0.950671196 -0.904455662 0.0510196686
0.472037166 0.802931786 -0.972153127 0.354658812 0.869221568 0.388733059 0.31199792 1.03095758
0.577435017 -0.523457646 0.0374761038 0.0725466162 0.179083869 -0.0539809018 1.57077944 -0.231879786
1.39169633 -0.602353215 1.99396384 0.321450442 1.52289379 -0.366402119 0.156884208 0.0997496694
1.34715784 -0.431159824 0.108107336 -0.0271055046 0.0803904012 0.407419473 -0.0696384385 0.079579547
1.96481991 0.374766409 0.306603551 -0.268288195 1.91982555 0.151919797 0.122321136 -0.0315027535
1.94837999 0.267182946 0.173077613 -0.147334978 1.43223739 -0.409806967 -0.107280128 0.506521344
0.368612707 -0.378932834 0.521534801 -0.428804964 0.78222388 -0.726418376 0.235092968 -0.263740003
0.735737205 -0.517533422 0.799061656 -0.56350714 1.89903963 -0.0173542574 -0.0455731861 0.299478829
0.0645886585 0.032335557 1.43825984 -0.409099787 0.849666595 -0.504082799 0.686225235 -0.470519423
0.939141214 -0.474638879 1.98358464 0.29709363 -0.0186016858 0.476644933 1.94583273 0.0981721431
1.65666676 -0.231724635 0.165717721 -0.218769282 0.680469573 -0.4404006 0.479784667 -0.449512094
0.491166502 -0.407804698 0.164948612 -0.126248255 1.8977778 0.176489443 1.99531758 0.345458657
1.34681785 -0.455813915 1.78302073 -0.172311246 1.83138132 0.153608441 1.69278026 -0.318216801
0.416845351 -0.275019228 0.226283953 -0.182888538 1.6904006 -0.261275083 1.67183924 -0.335296988
0.624369979 -0.543911397 1.45774829 -0.549502313 1.85281599 -0.232895285 0.547676206 -0.321830988
1.22193456 -0.523548245 0.389788091 -0.375127673 2.00738502 0.289723277 1.08644879 -0.688866079
1.14372814 -0.472271055 1.04386246 -0.556215167 0.179660559 -0.18562144 0.741537869 -0.492308825
0.0717743784 0.202139005 1.31458521 -0.546302557 0.186150968 -0.147776961 0.749525011 -0.623680294
0.640647471 -0.552641511 1.89977491 0.0142104775 0.299771726 -0.287710965 1.96496308 0.208865806
1.98553228 -0.0437238514 1.29711056 -0.543936551 1.53552711 -0.457416356 1.19742346 -0.501429975
1.75924921 -0.0631047636 1.61360335 -0.293168128 -0.0065935012 0.294119865 0.256350636 -0.0632975176
0.323122919 -0.382562727 1.15594459 -0.530699253 1.95414066 0.286795646 1.48712432 -0.415848523
0.0922361463 0.0287259873 1.94152594 0.0928872898 0.883261025 -0.48726961 1.94078827 0.0355580822
1.3265475 -0.580952168 0.641783774 -0.471387118 1.32368386 -0.490567237 0.683435678 -0.551454186
1.61043239 -0.285387158 0.280273736 -0.350224018 0.532727838 -0.459446102 0.0379922092 0.167540714
0.245102704 0.943276465 -1.03819311 0.219978631 0.796973765 0.553753674 0.298125803 0.842396021
0.777440012 0.659905672 -0.016506277 1.04660761 -0.92421782 0.437564462 0.117080018 0.963158011
-0.167531192 0.994980514 0.868496835 0.381985128 0.356072664 0.95317924 0.618823409 0.790542543
-0.664092839 0.789075375 -1.07803333 -0.042649515 0.550966978 0.837954402 -0.133673325 1.06740224
-0.99344486 -0.000365644693 -0.445042491 0.903180718 -1.04479074 0.0856883749 0.66844213 0.800175905
0.681038618 0.752722919 -0.803454995 0.495464563 -0.823640764 0.767151177 0.897137821 0.389918923
-0.0355511904 1.01728845 -1.02834272 0.0988562852 -0.743733168 0.699139416 0.898085594 0.483874619
0.527745366 0.90003556 -0.828287184 0.458010256 0.70179528 0.80755198 -0.918972731 0.209336162
-0.909108877 0.525972962 -0.29698956 0.975723922 0.432357907 0.892811596 0.570841134 0.823718846
0.910164058 0.281401336 -0.50064218 0.926309109 -1.03509927 0.0305631291 0.0493215621 1.03601921
0.934637845 0.4396348 0.759112954 0.683720171 0.835244536 0.537892461 0.874607205 0.553688824
0.926136494 0.325743258 0.0686606318 0.967694879 -0.460908711 0.822153866 -0.485341549 0.822267175
-0.0272267684 0.0971326232 2.00030541 0.467723966 0.96060735 -0.480647802 1.06010509 -0.623691559
0.311164439 -0.302946955 1.86314607 0.361580312 0.415389806 -0.353238791 1.68158436 -0.19243744
0.00265685469 0.167845771 -0.025014326 0.382467926 1.84792578 0.192129359 1.95470607 0.0406701118
1.62800741 -0.40713346 0.198120996 -0.0984508023 -0.0147843733 0.184418514 2.07353258 0.231222898
0.803531289 -0.489452869 1.93885624 0.430885822 1.89075494 0.0974993035 1.60655189 -0.354693949
0.152486056 0.052461572 1.60952985 -0.32711038 1.01993608 -0.555594981 1.86838651 -0.0142731816
0.906046331 -0.485753715 0.600432754 -0.463376552 1.18732738 -0.552581191 1.21084309 -0.535296798
0.112977535 -0.1587919 0.8965922 -0.494553596 1.95839655 0.0243005939 0.023245167 0.18444173
2.08402395 0.437303513 1.79982471 -0.258562744 1.95198643 0.268277049 0.0672457293 0.266482353
1.62677431 -0.362131834 1.52083433 -0.356429279 0.189887911 -0.061155919 0.0157513637 0.0887097269
0.179153174 -0.111876756 0.551292598 -0.48363781 1.45106423 -0.463517845 0.735232592 -0.522782087
0.0493171141 0.28005445 2.02312684 0.478298366 2.02887392 0.279212415 1.66572976 -0.325990796
0.992623627 0.295004845 0.721452475 0.483814001 0.340633601 0.836401701 -0.944657803 0.0104410276
0.817421019 0.586283505 -0.951633453 0.357642233 0.68374908 0.514729619 -0.50790447 0.807884753
0.0611682311 0.929185808 -0.346650988 1.00357509 0.446184814 0.852821946 0.281397402 1.00550056
0.482403398 0.835558236 -0.435552627 0.901501 -0.914493322 0.265353888 0.292972177 0.963348329
0.313172936 0.98388356 0.473966926 0.995591581 0.903134584 0.260026723 0.166428417 0.984777391
0.485455692 0.704719007 0.761679173 0.60968703 0.723630905 0.712905407 -0.980041504 0.292709559
1.11557138 0.0694342703 -0.988730729 0.393087298 0.930941105 0.089776203 1.0564338 -0.0311342031
1.00571716 0.349311978 0.983943343 0.0958734304 -1.09113204 0.310923219 0.940572977 0.155657858
-0.105203867 1.00625181 0.958610058 0.416268587 0.613566875 0.758145094 0.871249557 0.585884154
-0.111002311 0.893975735 -0.498623043 0.914616704 -0.667597473 0.725606859 0.191010922 0.946313798
0.174493611 0.930211306 -1.03165102 0.134560689 -0.973326623 0.208778396 -0.383818835 0.841827571
-0.962713659 0.147092074 -0.98564136 0.232687533 1.11253595 0.0320472158 0.743369937 0.650780678
-1.02061629 0.269667774 -0.209640369 0.934865773 0.773758113 0.627775311 -0.912141681 0.468720526
-0.922515273 0.377558291 1.06132746 0.115150213 0.143043041 1.00880766 0.635179639 0.736579776
0.173467755 0.897600055 -0.563544214 0.839853823 -0.856899202 0.515730262 -0.820748687 0.160997197
0.914631665 0.448396862 -0.572254896 0.82215488 -0.277216017 0.880452216 -0.471297264 0.943922698
-0.25546661 0.992066622 0.0945485234 0.947644293 -0.226902649 0.956482768 -0.922501445 0.47556302
1.02565467 0.228045657 0.295255363 1.00261104 0.403093129 0.844248533 -0.94863826 0.353512287
0.529241264 0.927368402 0.113366507 0.940659344 0.538968205 0.865363359 0.912550747 0.0530953743
0.00999326631 0.926303685 -0.992800653 0.0986804664 0.175379515 0.959531605 -0.655462742 0.696608245
0.279069066 0.985336304 -0.431329995 0.945628941 0.863677084 0.406853735 -0.995879769 0.06843853
-1.00581563 0.167064965 0.890758991 0.576642215 1.02505732 0.119803287 1.00205803 0.220694393
0.921885312 0.107462503 -1.03911698 0.0322519392 0.152912304 1.02069902 -0.667867899 0.566778302
-0.825038552 0.526171803 -0.867810905 0.532416463 -0.832482576 0.503310561 -1.03342474 -0.00546680111
0.215300411 0.987450361 0.920366287 0.496536493 0.915886581 0.0123366117 0.556890666 0.84519732
0.400866598 0.948016107 -0.0142878704 1.02919841 -0.632054746 0.805017054 -0.882953823 0.497049779
0.35468027 0.930436432 0.512821496 0.971168399 0.879414558 0.479090333 -0.923734605 0.346887529
-0.489076108 0.845865369 0.144525751 1.08209443 -0.929584146 0.663729668 -0.977785766 0.204908997
0.521201551 0.902659833 -1.01960599 0.39705354 0.497526288 0.829318464 0.288541049 0.891447127
0.660759747 0.656801581 -0.814499378 0.561632156 0.999892414 0.0410480797 -0.786680877 0.639297962
0.907314181 0.215530902 -0.675623238 0.818953454 -0.417348415 0.808806241 0.206979021 0.954726219
-0.735488653 0.580541432 0.964432716 0.25712949 0.0888930932 1.09027529 0.0249932632 0.975155592
-0.900675893 0.375394464 0.562577963 0.826408744 1.15753436 0.0190780461 -0.273480475 0.987461329
0.999256968 0.186684877 -0.460589707 0.89103514 -0.509214103 0.840058029 -0.326768965 0.961164296
-1.0347259 0.100854978 0.656078041 0.820638537 0.827548921 0.373888582 0.455124021 0.882168353
1.0049727 0.362427592 -0.509760737 0.905177534 -0.325008959 0.974642098 0.67573452 0.840796173
0.323339641 -0.280671775 0.998720109 -0.551505983 0.782193244 -0.449211687 1.70506465 -0.36231643
0.0973615944 0.039893169 0.596593142 -0.429669946 0.114506423 0.368696094 -0.0305445958 0.398004591
1.47123861 -0.52172792 0.857929587 -0.56127131 0.0793300867 0.330384552 0.982708514 -0.497855723
1.42933547 -0.402098089 1.91821158 -0.0675098747 1.7742331 -0.112686329 0.00366307655 0.415528178
1.43752372 -0.450422615 0.0527000204 0.33707419 1.8451556 -0.0157526359 1.83038497 -0.0331186689
-0.106117621 0.352869958 1.02953923 -0.561784446 1.50590706 -0.391931117 1.03744113 -0.569803178
0.0448691659 0.282735825 2.00236845 0.440535545 0.2933999 -0.268697202 1.55798554 -0.469240189
1.88547182 0.0130455941 -0.0671881363 0.2667436 0.507680953 -0.440878212 0.34424293 -0.286274821
2.05382657 0.427841365 0.464097559 -0.350832194 0.0589980595 0.341652334 -0.0742119923 0.279407054
0.777778924 -0.591082036 1.96361637 0.177835375 -0.00268498808 0.209118128 0.146783561 -0.0519206598
-0.0355164669 0.255776554 1.93694508 0.356226861 1.86557078 -0.0706786662 1.666394 -0.311827362
1.97109234 0.123519272 1.45318508 -0.297093987 1.7990731 -0.0182308611 0.684409082 -0.439639598
0.728166282 -0.371161371 1.99300432 0.205097228 1.3740226 -0.471014977 0.25600937 -0.0821038336
1.89432561 -0.0553757735 1.36622369 -0.523386717 1.97190595 0.417411983 2.02415013 0.189052373
0.386570692 -0.277917802 1.30128658 -0.455040634 0.0233367272 0.278821349 2.03814793 0.205997989
0.332116008 -0.236839533 0.740389109 -0.616878629 0.408535719 -0.372939944 1.87513971 0.456695199
0.997408211 -0.571053982 0.152215123 0.0142561663 0.111675031 0.31484139 1.9451431 0.154286653
1.66383374 -0.242819265 1.44753659 -0.36775443 0.018267557 0.114468865 1.14038086 -0.588384092
2.06568122 0.237526342 1.58119214 -0.385821432 1.03781939 -0.462018162 1.28292906 -0.558426976
0.165384859 -0.283337593 0.221463785 -0.00555083156 0.194358557 0.00224485248 0.0653904974 0.324579686
0.0725534409 0.181703627 1.66259623 -0.315031558 1.75368357 -0.273533851 1.41904306 -0.49366796
1.65928602 -0.311634541 -0.048356954 0.302285463 0.820095956 -0.521078527 0.0351201706 0.488078415
1.77976823 -0.171636313 0.0461891107 0.142452329 0.860397696 -0.504863203 0.674059331 -0.584538698
1.29428422 -0.586385131 1.98564565 0.224196285 0.601798832 -0.429937869 1.88634074 0.0439109616
-0.568909883 0.925573349 0.866036475 0.467361331 0.882564425 0.581190169 0.270345062 0.957292855
-0.974137366 0.029647924 0.989092171 0.315243423 -0.6345613 0.877605557 -0.378887773 0.894692719
-0.166645825 1.0229646 -0.370769829 0.89046061 -0.406399667 0.914970219 -0.810284972 0.60916847
1.02985263 0.215824708 -0.866103888 0.0416560918 0.309911102 0.93950665 0.09531416 0.96323663
0.363875568 0.895944715 0.722643793 0.700476766 -0.978084922 0.47206676 0.505636752 0.822850108
0.267150849 0.89577055 -0.878692865 0.398335516 -0.514123023 0.812434971 -0.609876156 0.809724033
0.825362504 0.591795564 -0.447820008 0.95430553 -0.491434515 0.958940506 -0.664177537 0.833167374
1.05501115 -0.00911864266 -0.585552514 0.76908344 -0.354293913 0.928027928 -0.913997412 0.404021084
-0.980301678 0.215379953 -0.872623801 0.580347121 -1.00205624 0.129162014 1.04254103 0.0537986495
0.321207523 0.910143435 0.874073148 0.0117710084 -1.04855764 0.367784798 0.868662834 0.511349082
-0.93782568 0.133125216 0.905986488 0.411233962 0.331189573 0.963383317 -0.251454324 0.976233244
0.105896451 0.98891747 -0.0640181303 1.02786767 -0.975982904 0.309183776 0.530383587 0.908255637
1.86910939 0.172698379 0.187353611 -0.085439831 -0.0787116513 0.194145054 0.256933182 -0.124256574
0.0692507178 0.321428269 1.34723973 -0.452906549 0.281594157 -0.146563768 1.07381272 -0.584512949
1.67086983 -0.419704914 0.0501185879 0.174230397 1.96047699 0.349980801 0.603249967 -0.531907618
0.323544115 -0.382883012 0.615966856 -0.486310184 0.569360971 -0.342226446 1.52103865 -0.265498966
0.28066808 -0.280815005 1.87435615 -0.0683195964 1.14630079 -0.558322668 0.667813897 -0.512127757
1.22453785 -0.501684904 1.94926488 -0.0142796338 1.89559257 0.0719151795 2.00424433 0.140557319
1.10228682 -0.561019897 0.778812885 -0.575448871 1.99007928 0.485670298 1.57762718 -0.387748241
0.814207137 -0.498604506 1.55495632 -0.442078054 1.93240857 0.233134061 0.0335495137 0.214545801
0.254559636 -0.151962608 0.374904633 -0.349744529 1.09259498 -0.567519248 0.165897161 0.390212268
1.17800486 -0.53727895 1.84295213 -0.0759331584 0.0775204003 0.331308007 0.565887511 -0.428350359
0.459901989 -0.341901839 0.158291548 -0.0799523219 1.84111929 0.0332970321 1.8861835 0.244715229
0.123463526 -0.0120072141 1.48402524 -0.338703036 1.34350288 -0.451792359 0.224934071 -0.10499464
1.63978767 -0.337411076 0.612312913 -0.687321901 1.79147363 -0.152332962 1.91499519 0.406244218
1.93903017 -0.013606064 0.0237153508 0.394179255 1.8570621 0.175623357 1.96932745 0.477828741
1.58871102 -0.2660878 0.473877937 -0.420734525 0.749623001 -0.600932539 0.103365496 -0.0185250379
0.703170896 -0.48300308 1.75162077 -0.217169911 0.660806894 -0.471060663 0.769951344 -0.504396915
0.701293707 -0.553003073 0.930887043 -0.549926817 1.23414934 -0.591231227 0.778966188 -0.421924353
-0.0195646118 0.493341744 0.506716967 -0.48408398 0.160565555 -0.169591099 0.4443959 -0.346119642
0.326144993 -0.183410838 0.0973559842 0.0203750227 -0.108595222 0.139741972 0.486723453 -0.347153008
1.21738458 -0.532420158 2.0743413 0.436190248 1.25012958 -0.521804929 1.14632654 -0.501577139
1.59529233 -0.279341519 1.24949622 -0.547115684 -0.0419307426 0.14505972 -0.110669054 0.48087281
0.145877928 -0.0393970534 0.829433143 -0.523361444 0.148677498 -0.0549768209 1.98297524 0.0115158036
0.621987462 -0.417096227 0.378518701 -0.267939389 0.128857419 0.0388255566 0.30096817 -0.363850415
-0.00464298576 0.0622122884 1.9704442 0.152446985 1.37113976 -0.518667579 -0.0648018345 0.171223506
0.640139282 -0.494459271 1.96851504 0.188868046 1.53193307 -0.350987524 1.55028319 -0.37172249
1.93555868 0.286161184 1.91245115 0.256093413 0.0295304209 -0.0148395523 1.50433362 -0.455366075
1.69634652 -0.253985882 0.180354148 -0.0940554142 0.950777292 -0.529098809 0.598571301 -0.534550548
1.96324384 0.233857095 -0.034652181 0.213064089 1.11052728 -0.439364225 0.0375060812 -0.0295082368
0.247540444 -0.204992428 0.137856171 0.137235701 1.76302052 -0.290972501 1.88389957 -0.176675066
0.536804557 -0.518299937 0.00785984471 0.457092971 0.00154499896 0.400595903 1.47434258 -0.462301224
1.61383069 -0.399210393 0.920221686 -0.489068121 1.99430633 0.36969772 0.181335568 -0.00116797164
1.45857906 -0.477001011 0.156749353 -0.0505901873 1.46803689 -0.42343691 0.0774374604 0.35434553
1.28526318 -0.502556503 0.196783617 -0.114703283 0.630066156 -0.438576013 1.48987329 -0.496482909
0.214892626 0.00915687904 0.911717653 -0.43557936 1.25640631 -0.549160779 1.93057072 -0.0900585502
1.91084349 0.284616679 0.443108439 -0.435336024 2.05985785 0.242771566 0.138224185 0.100504659
0.145956799 0.0673557073 0.0799535364 -0.0409104265 0.186848819 -0.0452207252 0.142777637 -0.0853751749
0.193950862 -0.15388979 1.98759305 0.132125571 0.15149492 -0.162232608 1.18349576 -0.537693441
1.87001336 -0.0684899539 0.114377171 -0.0907136202 0.740797877 -0.581400275 0.287295163 -0.360645413
2.0481286 0.303941011 0.490187645 -0.44957009 1.44381499 -0.494290292 1.2173965 -0.515821218
-0.025109075 0.345530123 1.69900942 -0.279806584 0.289981663 -0.180730492 1.96748519 0.181075171
1.85153282 -0.0149308927 1.45644104 -0.446651101 0.630966187 -0.476007462 0.165962696 -0.0679972917
1.92083967 0.163228273 1.23736143 -0.482571363 2.05005026 0.451769471 0.851898909 -0.519893408
0.215871722 0.0165871978 1.98217583 0.359990567 1.67342281 -0.330008835 2.07324147 0.281064391
0.0551433489 0.158892751 1.29199266 -0.497771293 0.073208876 0.128847703 1.52693295 -0.339357853
1.97601855 0.207121342 1.52771306 -0.320662588 0.517312527 -0.342965037 0.0344057977 0.141213626
1.38952208 -0.495566279 1.76237261 -0.111960784 0.449246258 -0.579728007 -0.130177647 0.163810298
1.61586571 -0.43753317 1.67287624 -0.328278035 0.586761951 -0.51295197 -0.0817767233 0.390464246
0.0747617409 0.346813977 1.99831426 0.359982342 1.10870469 -0.560567677 1.85626602 -0.0603241585
-0.434210479 0.744839966 -0.0462128595 0.947389305 1.03192365 0.481975406 -0.560949624 0.83271265
0.352490306 0.928875387 -0.737909198 0.493608177 -0.429836482 0.917118907 -0.667850852 0.759806871
0.539797544 0.969542921 0.103047863 1.04273856 0.818008125 0.682981908 -0.273571432 0.995429575
0.109698847 0.978215575 0.980839193 0.190399602 -0.742422581 0.658388078 -0.548454642 0.782565475
-0.803679168 0.57434231 -0.698573232 0.856606424 -0.229226142 1.05687165 -0.840255857 0.440561682
1.02451158 0.200976655 -0.498321533 0.822758138 -0.990182459 0.234810323 0.318139136 0.973431885
-0.928061724 0.378447413 -0.676612139 0.711867929 -1.03359592 0.337788373 -0.956950545 0.318380654
-0.676944077 0.75573802 -0.177629307 1.03495455 0.979879916 0.248109013 0.554961562 0.900254846
1.01191247 0.109105729 0.17784217 0.976614714 -0.869724035 0.659644604 -0.791013777 0.583203614
-0.094960995 1.02880263 0.968180001 -0.0759827495 -0.741905987 0.705624998 -0.462426662 0.871578991
0.656902909 0.72165674 0.982088864 0.175216541 0.622357547 0.625013649 -0.525133967 0.943320751
0.710230291 0.670218527 0.890513539 0.476284117 0.959105432 0.304678857 0.797937334 0.479729563
1.06899834 0.152473211 -1.0089637 0.174132675 0.831362605 0.538436055 -0.979771912 0.394900441
0.533547521 0.925210834 -0.379220873 0.895482183 0.421633929 0.770205021 0.824047446 0.523154318
-0.0428863131 1.01580834 1.00119483 0.37273556 1.04323006 -0.0505276546 -0.73910135 0.678508937
-0.0863900185 0.956112444 1.00392449 0.56130904 0.900433302 0.248758495 -0.929727376 0.540090322
-0.766295969 0.540761292 -0.92444098 0.358167559 0.822851419 0.653180838 -0.76624155 0.727194309
-0.567111731 0.750208795 -0.716763854 0.567851961 0.778918803 0.62369734 0.708901823 0.653442085
-0.734732568 0.577013552 0.162718266 0.973047376 -0.753260434 0.65013963 0.96458894 0.0511345528
-0.925014794 0.362111092 -0.0431976318 0.956291795 0.219160452 0.948806703 -0.824917078 0.565609455
0.446572691 0.91966033 0.060028445 0.981124043 -0.188127995 0.973140419 0.604052544 0.752655268
0.89837873 0.42382285 -0.934610069 0.236280546 -0.613612175 0.766286194 -0.0975612998 1.0322088
0.922689378 0.47401908 -1.04166317 0.0734865665 0.242003039 0.944593966 0.307314694 0.95316422
-1.03541613 0.170590997 0.36107406 0.82611537 -0.41715458 0.920054972 -0.974752963 0.372028261
0.938855648 0.0661857799 -0.918222308 0.17876102 0.281067491 1.01158535 0.521346331 0.903325438
1.01888144 0.102366485 0.871029735 0.419859976 0.0262880027 0.902426243 1.01486599 0.2055922
-0.235870928 1.03646958 -0.908279419 0.421200305 0.00644395035 1.00559211 0.949376047 0.413164735
0.559689462 0.657189786 -0.344819009 1.01749194 0.0714173988 1.00028861 -0.945356309 0.155545235
-0.890930533 0.594598889 0.711594045 0.601798356 0.071047172 1.07400024 -0.56362164 0.82498771
0.380728692 0.90606004 0.23861137 0.886746824 0.803694665 0.667057753 0.872549415 0.291982263
0.954843581 0.302574098 -0.647392631 0.79081893 0.895949244 0.53623414 -0.116657197 0.982451737
-1.0082736 0.395160109 0.540192187 1.0311842 0.315565407 1.01240671 0.597859561 0.891602397
-0.935334027 0.0947524235 -0.746907473 0.710790873 -0.341634333 1.03263032 -0.684273541 0.755498588
0.112563275 0.940398932 0.101893559 0.926682532 0.501242459 0.849805892 0.0892309397 0.964348674
-0.978908122 0.159756407 -0.757076025 0.61116147 -1.07258487 0.163264453 0.871981859 0.384122968
-0.173907697 0.968000472 0.595063329 0.648333788 0.785148442 0.50660044 0.987251103 0.123482309
0.987057328 0.28052628 -0.649726868 0.703769863 -0.825493157 0.57406348 0.313694686 1.02433693
0.954884529 0.175578177 0.808648586 0.424656242 0.100136161 0.989040077 -0.960278392 -0.0171553995
0.954498291 0.295243353 -0.290402234 0.963555992 0.0309355892 1.00331461 0.101554692 1.00470233
0.0634184703 1.00643194 -0.514208138 0.836301088 -0.874772549 0.432457149 -0.906658649 0.33811447
1.01934373 0.0720349699 -0.612586856 0.802714467 -0.975831389 0.307205409 0.942060947 0.226787746
0.925175071 0.449555933 0.954144597 0.20846799 -1.03481352 0.195124567 0.917241514 0.524867952
-0.455598563 0.929590285 1.04934835 0.0875068903 -0.131665081 0.920971453 0.275753558 1.01855481
0.636270225 0.704022765 0.128643513 1.03520727 -0.256930232 0.925695598 0.664144933 0.753087759
1.05347466 0.0556321442 -0.944849014 0.397522777 0.12650229 0.919297934 0.179257303 0.995622039
-0.151383922 0.992502153 0.513872862 0.913974226 0.0627989843 0.932473481 1.02074766 0.176166743
0.941611946 0.226065159 -0.401003867 0.941459179 -0.632364929 0.81131649 0.312210739 0.912590027
-0.0488279127 1.00792217 -0.662278771 0.725647688 0.94683218 0.395641953 -1.00113702 0.17289786
1.7937634 -0.135585368 0.768155515 -0.530203104 0.147087187 -0.0307658687 1.05331683 -0.651117146
1.99673128 0.116514146 2.0408659 0.183118686 0.00445945561 0.0660524666 0.359860837 -0.309157431
1.93456423 0.0680789128 1.65745807 -0.258944243 1.79811192 -0.0447391868 0.269345701 -0.313895136
2.01962209 0.227597609 0.0754591227 0.258365929 0.945791543 -0.602630079 1.11632216 -0.534228683
1.25282288 -0.635864973 0.142990932 -0.00973638892 2.06834722 0.499292135 2.05507541 0.359533608
0.129992649 0.0105651338 1.05823505 -0.583022654 0.341584116 -0.177861899 2.02353573 0.366512895
1.67335892 -0.30068326 1.70053184 -0.127594545 1.37472141 -0.451799721 0.89018333 -0.549764037
1.81294549 -0.137010947 1.15650666 -0.616064548 0.583593845 -0.481214225 1.78403449 -0.182855114
1.49445319 -0.510420263 0.563487768 -0.42695421 0.615951419 -0.492994457 -0.029863365 0.254787147
0.531763971 -0.578558922 0.549849272 -0.355485737 0.250756472 -0.242622688 0.111657925 0.355502486
1.96950185 0.0861478001 0.0335751735 0.298605621 1.96595299 0.428719074 0.272718251 -0.150998652
0.952158034 -0.573772192 1.93445849 0.139705002 1.55708599 -0.423890084 0.589248598 -0.438897312
0.78448981 0.648759842 0.866640806 0.612370491 1.02711499 0.214127183 -0.953561366 0.105542839
0.253252089 0.944294333 -0.396517366 0.843903244 -0.53740257 0.924149573 -0.462985843 0.818594038
0.892123699 0.540437579 -0.892551124 0.592555463 -0.939457595 0.246941149 -0.00179126672 0.915790975
-0.193767667 0.970206916 -0.661537826 0.840781391 -0.567047596 0.909897864 0.754921198 0.707974613
-0.87752527 0.227568656 -0.698967993 0.750033915 -0.687685132 0.718323469 -0.710606217 0.696479082
-0.952634692 0.420963913 0.860844612 0.497932494 0.734681249 0.69242239 0.368553758 0.853791535
-0.981037378 0.108216703 -0.999097705 -0.028925702 0.751755893 0.447746813 -0.257440656 0.957685649
0.21477294 0.948465586 0.410785735 0.878520131 0.0446882546 1.05378807 -0.703445196 0.559600711
-0.252090782 0.91233325 0.628767669 0.653875291 0.917940676 0.138229012 -0.806478679 0.568788767
-0.453180313 0.832042098 -0.872305572 0.427895427 0.559076607 0.85156101 0.457021862 0.735224009
-1.03342104 0.105108172 -0.424870074 0.80278486 -0.482929438 0.792469263 0.354702353 0.974618495
-0.0643950924 1.00972056 -0.925866485 0.187968925 -0.509027302 0.792301655 -0.989286005 0.117648318
1.3185761 -0.454298943 0.0505451187 0.139475122 1.24975789 -0.43349126 0.521604598 -0.366233379
1.04170275 -0.566656113 0.280795097 -0.245080277 1.42493117 -0.528764665 1.67845666 -0.253748298
0.271673352 0.012555033 1.7330308 -0.160475045 1.93130004 0.321225971 0.586961031 -0.483760476
0.553343177 -0.291874945 1.38920403 -0.43769148 1.66359806 -0.359754264 0.199558318 -0.122518271
1.85259902 -0.197922528 1.53764355 -0.492551655 1.83072913 -0.0993914157 0.305957466 -0.227273285
1.94004881 0.293117702 0.564175248 -0.448835492 1.87048745 0.264227629 1.76530647 -0.0471348614
1.75654387 -0.20167999 1.00225365 -0.534669161 0.866384268 -0.515139341 -0.0185982063 0.15173021
0.59462446 -0.521155775 1.62973475 -0.376526535 0.538922489 -0.314520299 0.116750687 -0.0951760486
1.71797967 -0.301710576 1.63960814 -0.2618545 0.258648247 -0.0635013133 1.63624632 -0.266864598
1.87257421 -0.016580509 1.27009499 -0.559312224 0.0730958283 0.069419764 0.342028558 -0.206282556
0.382911891 -0.38807413 0.291141748 -0.177722454 0.246255219 -0.257950932 0.85041517 -0.54358381
0.659013391 -0.441864938 0.310436368 -0.336265773 1.96531105 0.158715814 1.36755884 -0.352123022
-0.792844594 0.654580593 0.90746367 0.322296798 -0.564945579 0.705663383 -0.950781763 0.0297290273
0.490555435 0.948519051 -0.898210943 0.199905291 -0.0529128313 0.935880005 1.06684768 0.225901604
0.945718646 -0.0411632806 -0.680420518 0.825352371 -0.553584099 0.796736062 0.820334613 0.581638455
-0.871883333 0.529545903 -0.651944458 0.778332233 0.945982158 0.443176925 0.253572792 0.933136582
0.786990345 0.605194867 -0.926333904 0.526668549 0.226744831 0.946562648 -0.975801468 0.153801069
-0.188568503 1.03490758 -0.774999917 0.652507842 -0.980401516 0.12005318 0.199676588 1.02638292
0.331369519 1.01416337 -0.466664612 0.861988902 -0.135895029 1.00437486 -1.02454948 0.290677309
0.150384799 1.07696068 -1.09518218 -0.0252884664 -0.77553618 0.489434689 -0.921269953 0.400577784
0.318963319 0.981389582 -0.0230749995 0.912207007 -0.926352441 0.390039027 0.43098262 0.865170479
-1.00607991 0.328683585 -0.034554787 1.0698334 -0.614186168 0.830058396 -0.971824288 0.264112353
-0.957563937 0.445831835 0.810030997 0.390931308 -1.03233469 0.207183421 -0.803086936 0.525633097
0.970797956 -0.0354510508 -0.943114042 0.46355027 -0.492760599 0.955552995 -0.331390262 0.958188593
-0.0542532578 0.389388561 -0.012638621 0.0851397216 1.78621686 -0.16507256 0.309149802 -0.25999257
1.82080054 -0.13107802 1.35501492 -0.455099076 -0.0660417974 0.445116431 0.813928068 -0.534556925
1.99592364 0.150623053 0.0784906298 0.0284850225 0.718844533 -0.48378256 0.330107808 -0.285752863
1.96492779 0.155967832 1.65074015 -0.416960478 1.47235656 -0.399074167 1.38307118 -0.41044423
1.76758671 -0.152039543 1.29492486 -0.597772419 0.296515316 -0.348179042 0.0485812649 -0.00327220187
1.51163507 -0.397516429 -0.0696074218 0.436297119 1.91326773 -0.0997237414 2.0623641 0.369392961
0.201102108 -0.186592475 1.78171456 -0.118041091 0.0546970963 0.0718737543 1.02630258 -0.535826504
1.03049946 -0.600400865 1.78123569 -0.225098893 1.79682589 -0.276596338 0.733429492 -0.509013116
1.24948215 -0.480109572 0.0310194548 0.306345731 0.480588257 -0.436441422 1.13571787 -0.622801721
1.13024604 -0.519901037 0.906228185 -0.520929337 0.24213098 -0.169092745 0.0158648118 0.329335332
1.47825873 -0.355198234 0.998774648 -0.511010408 1.75241876 -0.228892356 0.0730708987 0.216683298
0.296046615 -0.162442759 1.92091477 0.023829218 0.262458742 -0.257941216 0.0173650999 0.332612753
1.00036657 -0.595938444 0.208296001 -0.095466122 1.28559136 -0.532433569 0.0114246383 0.267233789
0.694190502 -0.450638324 0.708707392 -0.537593722 1.50484753 -0.452632397 -0.0276396926 0.414361149
0.305494606 -0.261312574 -0.00973609649 0.336792469 0.01637353 0.16479969 1.13489628 -0.491360366
0.581418097 -0.447809637 0.249765053 -0.187621802 -0.0165514797 0.153339505 0.951775491 -0.610143244
1.63074458 -0.239926606 0.0617776886 -0.201270476 0.292382449 -0.222888231 0.547784925 -0.590641916
0.13529636 0.0604625978 1.30240548 -0.405865431 0.33729589 -0.354020715 0.00969954673 0.1249488
0.804000378 -0.493219316 0.717327416 -0.444341004 0.481644809 -0.359918952 2.04098034 0.426954657
0.0350449681 0.121196151 0.472795159 -0.411415398 0.493393987 -0.392546177 0.171923369 -0.0670336038
0.968591034 -0.644021273 1.9938457 0.344207436 0.664037704 -0.501597703 1.97793949 0.362050265
1.70250046 -0.256713331 1.06472516 -0.554938436 1.89053953 0.0699455366 2.00194764 0.324393451
0.537217081 -0.449437767 1.15195525 -0.481106222 -0.111712053 0.226790279 0.156508788 -0.114650175
0.516898751 -0.45953536 0.146987841 -0.125745043 0.264769167 -0.335134208 0.31643644 -0.444849819
0.945978761 0.261606663 -0.865988314 0.513701499 -1.09705174 0.0911065936 1.0341965 0.311842829
-0.776754975 0.45302546 0.18438983 1.00296986 0.289540291 1.11704695 -0.681976199 0.668387294
-0.920810699 0.0561292544 0.811382473 0.659376681 -0.268707514 0.981556177 -0.900956094 0.45551604
0.572703183 0.765175641 0.963015437 0.374368459 0.849647045 0.549866557 0.744613469 0.845991611
0.44718647 0.814717054 -0.114363223 0.978913605 -0.0222949814 0.988496482 -0.867554188 0.52421701
-0.992218673 0.211940125 0.257509142 0.876931906 0.907514751 0.404664606 -0.391028702 0.927794874
0.588778257 0.660793304 -0.780240774 0.600808382 -1.01653183 0.211533427 -0.028722059 1.08654022
-0.140318617 0.842686236 -1.06550217 0.17285049 -0.510733724 0.778804719 1.03514075 0.169681668
0.940720677 -0.0353518054 -0.406625092 0.879484415 1.08053839 -0.0293000154 0.0679728687 0.975906134
0.781220019 0.393242002 -0.134564891 1.04392564 -1.01336563 0.230949908 -1.0231452 0.0985576212
-0.206343293 1.01903832 0.172631398 0.997361064 -0.528583825 0.894840181 0.459338516 0.784199655
-0.939151525 0.232372537 0.521343887 0.896410465 0.51516968 0.811902344 -0.59401679 0.692807317
-0.964138508 0.369912326 -0.500198483 0.856719255 -0.258078575 1.06300378 0.847727954 0.462257057
0.957392335 0.40547961 -0.808582664 0.591543436 0.553634405 0.929629564 1.01281822 0.273011684
-0.899504006 0.261755377 0.227281585 0.905005395 -0.21739471 0.886757851 -1.03399003 0.191635013
0.638108373 0.67005223 0.815837026 0.400188386 0.369269162 0.891092658 1.0427084 0.203263953
-0.925220847 0.0946594104 0.995591402 0.516854346 -0.105558716 0.985642254 -0.429711521 0.945321918
-0.857904911 0.660076857 0.779134929 0.669283867 -0.905569613 0.296218902 -0.952936232 0.194164574
0.634027183 0.799618244 -0.868299961 0.179071367 -0.124974221 0.966961205 0.578136325 0.765057266
0.913779318 0.325394064 -0.56432122 0.855712891 0.626362264 0.846898139 0.794626534 0.635455549
-0.942436695 0.069760859 0.817344666 0.42408964 0.469321668 0.849997044 -0.55960238 0.765923619
0.890945494 0.55883491 -0.324628919 0.913668513 -0.936845183 0.312492996 0.299658209 0.935670316
-0.882413864 0.337849975 -0.873219967 0.411939561 1.04321265 0.0260533113 -0.523751259 0.740011573
-0.449762672 0.946249127 -1.042992 0.237674505 -0.986270249 0.198270321 0.696563959 0.597380877
-0.291587532 0.951622725 0.907031119 0.365701646 -0.149097309 0.987934291 -0.627952278 0.729183912
0.948971331 0.301059246 0.659236431 0.889917374 0.732930481 0.729657471 0.623506606 0.743481576
-0.115992703 1.00262547 0.341419578 1.01442611 -0.80495131 0.749868035 -0.521578312 0.895834863
-1.0668323 -0.0688017905 -0.0562485904 0.957892001 -0.0853512511 0.98688674 -0.953343868 0.37690255
0.856081665 0.287507892 -0.606356978 0.787872553 0.790532947 0.696633637 -1.0405066 -0.00825523213
0.712490082 0.619883239 0.213504553 0.977848291 1.01909983 0.158016711 0.587700129 0.744657695
-1.04088271 -0.105526082 0.0067074839 0.921936154 -0.13296333 0.927470148 -0.622552216 0.865810037
-0.383529693 0.884108186 -0.981523991 -0.0517343208 0.0422248431 0.959147871 0.605060518 0.905848682
-0.708521187 0.681563318 -0.283466458 0.865577996 0.896305144 0.264638722 -0.939342022 0.48841083
0.924108565 0.282650471 -1.02516055 0.199499309 -0.742030859 0.683364868 -0.0277377795 0.953914702
0.0126541331 1.09059978 -0.229312032 0.93552053 0.990849435 0.175465673 0.874599993 0.167683482
0.172463611 1.01959276 0.513486028 0.765073478 -0.66232121 0.698033333 0.792924941 0.591958344
-0.847220778 0.56772542 0.944497228 0.218717903 1.06684518 0.100629643 0.149131909 0.883028507
0.513706565 0.841342568 0.614281774 0.73779583 1.01461864 0.173929721 0.947460294 0.0450254008
-0.993499219 -0.0368360281 0.975330472 -0.00441636145 -0.346855134 0.88436389 0.983959079 0.157210946
0.0566512942 1.01045239 0.0757897869 1.01312077 0.204216152 0.911121666 -0.947181582 0.275359869
-0.461254001 0.847393572 -0.826168239 0.614053547 0.877634645 0.279514372 -0.419534326 0.922634244
-0.940920532 0.241127297 0.243834242 0.935865819 -0.570138812 0.795711339 -0.42315045 0.930374205
0.578251004 0.846942663 1.11778581 0.140707433 0.932147264 0.105916321 0.939899623 0.203106612
0.762959898 0.643230617 0.28104797 0.920673072 -0.536902785 0.802416682 0.675103784 0.696508944
-0.968365073 0.232981339 0.433917582 0.996916413 0.799694896 0.504451454 0.653713226 0.697020411
0.869957209 0.464979738 -1.01490319 0.0145141818 0.628485441 0.768917978 0.322793365 0.96505481
0.954428673 0.142093584 -0.448702812 0.93769455 0.135777637 1.0252521 1.03046501 0.0882451832
-0.371505618 0.977611899 -0.0537588894 0.962333441 -1.05138266 0.0553203747 -0.991585433 0.116907373
-0.150457188 0.998859823 0.811543047 0.633639216 -0.102739871 0.988217056 0.941865861 0.48635599
0.229266822 1.02827036 -0.970038235 0.298024327 0.911061049 0.168318912 0.667176127 0.725755036
-0.444045782 0.844568729 0.853199661 0.460554004 0.559737504 0.792303145 -0.858547926 0.499283195
-1.03318322 0.270113587 0.77112335 0.7008847 0.930262625 0.424136192 -0.353657007 0.942986786
0.901216626 0.0495237298 0.0355548002 0.958338797 0.572653174 0.861806214 -0.834729075 0.533965886
-0.740101397 0.387554049 0.774792671 0.545450091 0.887610078 0.343855947 0.610165656 0.801823378
-0.398633838 0.86928767 -0.964921713 0.175783738 -0.821181953 0.639644861 0.549672127 0.891587257
-0.898525357 0.353618622 -0.760990083 0.492110133 0.996593356 0.385640472 -0.0813836083 0.995828331
-0.77837342 0.517994761 -1.06883478 0.160428897 -0.525749326 0.741616786 0.78523314 0.608398616
0.790459514 0.531139493 -0.518863082 0.725045443 0.816645324 0.444965541 -0.832422316 0.508002818
0.408496588 0.99404943 0.233318299 0.983057261 0.592707515 0.796390474 -0.734148443 0.76057291
-0.733703494 0.644515991 -0.474890143 0.854972899 0.606817603 0.87983048 0.792710423 0.498777747
1.3791728 -0.513764381 1.99185658 0.274178982 1.10214353 -0.562742352 0.777056217 -0.5306288
1.87190247 -0.143553376 1.72711325 -0.119805753 0.288848102 -0.311873525 0.245979503 -0.124224596
1.50061679 -0.428586394 1.11836445 -0.588877976 1.63626194 -0.334841967 1.89444971 0.200734064
1.98432219 0.131890848 0.99135375 -0.530535877 0.0649029911 0.0223186016 0.138447702 0.0241853558
0.104700923 0.234410003 1.39254451 -0.496453941 1.36640906 -0.427504599 0.810360312 -0.578223288
1.29661489 -0.480499238 1.44779754 -0.466257095 1.78178608 -0.369584173 0.010856403 0.339850247
1.56133056 -0.202293485 1.74700046 -0.112889796 2.03325224 0.0926916897 1.7213794 -0.289268911
0.339954019 -0.334854901 0.66899699 -0.587540925 0.194481388 -0.0409614518 0.139137104 0.0126752928
0.47996822 -0.320260376 0.763970256 -0.594840527 0.758802712 -0.619630218 0.323376328 -0.30493319
1.92597604 0.167967319 1.48741114 -0.372172326 0.100651331 0.0459367931 -0.0474885851 0.490970105
0.431686103 -0.408772051 1.19043624 -0.52601707 0.120939434 -0.0878357887 -0.0598025173 0.114685751
0.236404449 -0.165254399 1.42460716 -0.518198311 0.768720508 -0.545400083 0.181991488 -0.147244692
0.529607296 0.782072604 -0.87106657 0.640895128 -0.173463762 0.99087584 0.992620826 0.265416473
-0.0183359608 1.02564383 0.908573627 0.472156286 -0.871825874 0.500324667 -0.0358119234 0.956823111
0.121262006 0.975216031 0.539834976 0.827531338 -0.0505461171 0.923664749 0.998626649 0.0823615938
-0.30573231 0.966120839 -0.5814448 0.859380782 0.472315311 0.84159869 -0.889225662 0.661664903
-0.335700244 0.939840734 -0.310709149 0.903890431 0.745075524 0.675943077 0.848740935 0.647996962
0.297198683 1.00998008 -0.331390321 0.93100822 1.04182112 0.0341003314 0.956952453 0.441249311
0.921044409 0.328135967 0.957983077 0.590538502 -0.571684003 0.704168379 0.0972495452 1.01643789
0.941771865 0.443203568 1.0335741 0.294323653 -0.594174147 0.80983144 0.00610189512 1.01368582
1.01439357 0.320651621 0.760817468 0.493972689 1.02732396 0.183091998 -1.00355911 0.0109014511
-1.06514883 0.148271888 0.60478735 0.748073578 0.897741675 0.580030084 -0.851793945 0.425471336
0.773713708 0.618585944 0.845594406 0.555383801 0.0837598071 1.09781575 0.845187128 0.628372848
0.664997995 0.848091185 1.09073782 0.0317291319 -0.987048447 0.159885257 0.190829068 0.908945799
1.92140687 0.410509378 -0.00411267858 0.342444837 1.25073087 -0.473272145 1.81804073 -0.193362474
1.01948464 -0.52414912 0.359046966 -0.223726377 0.447823048 -0.445015818 0.21180959 0.0515125357
1.83901966 -0.161680907 1.44072533 -0.513309956 1.41377842 -0.513874471 0.029317759 0.0302348658
0.518300951 -0.500739634 0.29664436 -0.384264171 1.19627631 -0.568531394 1.92832887 -0.0116504403
1.23261678 -0.508555174 0.44023484 -0.304805189 1.02656436 -0.572461605 1.95145929 0.265639663
0.770697057 -0.465866417 1.66330838 -0.399977684 0.0298965648 -0.035724137 1.53947294 -0.344325423
0.347012848 -0.296417743 0.0384062529 0.246117383 0.0905959532 0.150327623 1.10653281 -0.571696341
1.4877584 -0.34662047 0.828429937 -0.569615662 0.449195564 -0.437112451 -0.00114445388 0.150017142
1.90197694 0.0430007614 1.97885954 0.31120199 1.81946695 -0.18711862 1.9423629 0.0265544094
1.92254615 0.146612585 1.77197969 -0.166479528 1.97666681 0.0858668089 1.98618257 0.428977251
1.92422283 0.351213783 2.02518034 -0.0695237294 1.81987321 -0.183528647 0.415100604 -0.325056911
0.392924279 -0.335803717 0.911379278 -0.508992195 2.07894731 0.227703467 0.0760212317 0.236044511
0.282307565 -0.239412755 1.56633115 -0.400033832 1.17326355 -0.637367249 1.94485414 0.368341595
0.256646901 -0.197766945 1.72537136 -0.185998693 1.81622982 -0.138551414 0.101381756 0.0153672975
0.155632272 -0.0784134269 0.271100909 -0.275510937 0.913625598 -0.518317163 0.320903748 -0.18926695
-0.0103701353 0.381479472 1.76628149 -0.142698973 0.134354025 -0.154222786 1.99070394 -0.00902250409
0.17051968 -0.125622451 0.0404417142 0.381278545 1.12898648 -0.561240911 1.79371691 0.0665747672
0.540615499 -0.457438797 0.76662606 -0.554931223 0.955177784 -0.458245486 1.78685141 -0.132647991
1.62532842 -0.36424458 -0.0636547804 0.268925101 1.59807515 -0.242552727 1.91024661 0.36109674
0.00948235393 0.192594722 1.89262402 -0.0688541234 -0.00822106004 0.143743366 1.00453687 -0.595737457
1.72207665 -0.279268742 1.98413026 0.171238661 0.107096098 -0.132907182 -0.0877553895 0.286416709
0.296958715 -0.20749481 1.94293523 0.472064376 1.4942553 -0.445249856 0.306400895 -0.276164681
0.266467899 -0.111210622 0.286084145 -0.284774542 0.167264044 0.0510229915 0.189365387 -0.11325065
0.380658835 -0.341507435 1.92345119 0.230140507 0.84013921 -0.588218987 1.3952198 -0.499335885
2.00672555 0.117617108 0.782337487 -0.636916935 1.24595594 -0.472480476 0.164344311 0.124218658
0.0450215302 0.431972891 0.11264661 0.106887482 0.540588856 -0.455104053 1.98565221 0.0478234068
1.55729938 -0.351140678 0.457928926 -0.525912225 0.9716295 -0.572993934 1.8136034 -0.0983114243
1.80322385 0.0466699824 0.0414785221 -0.0238891598 0.145685777 -0.160559535 0.16138719 -0.0861466974
1.8242861 -0.259678423 1.90124142 0.076770857 0.365712196 -0.368710518 1.77301228 -0.188829914
0.323268086 -0.379150093 1.25057077 -0.436243176 1.99875975 0.377578437 0.603165448 -0.478500217
1.56951153 -0.428615272 0.172237501 -0.0636161119 0.115305781 0.0430892482 1.88995183 -0.068726249
0.293971449 -0.115843475 0.402709633 -0.300333411 1.95228636 0.233651817 1.908391 0.0302883536
1.73457193 -0.224873945 0.277791619 -0.315924197 0.303117901 -0.271679133 0.937939465 -0.614984393
1.95888245 0.251742691 1.55022597 -0.431662887 1.94817781 -0.0821800381 1.91934144 -0.0341948122
0.387588352 -0.278977185 1.87704968 0.135588109 0.229966357 -0.163192123 -0.0418955125 0.476972103
1.56615233 -0.378248483 -0.0848698542 0.392799377 1.51639986 -0.419605821 1.05922174 -0.441588759
-1.04735816 0.0745513439 -0.341337532 0.971339047 0.746574521 0.536545992 -0.365588725 0.900723279
-0.920236707 0.277564883 -0.509344101 0.823711097 -0.285612941 0.864001632 -0.462653816 0.899320781
-0.774390996 0.732555509 0.695755184 0.61845547 0.168578371 0.954513252 0.869291306 0.647561431
0.420965344 0.828580856 -0.755446553 0.596433878 0.559021711 0.811602712 0.757405519 0.75101316
-0.641879141 0.797229528 -0.62031287 0.723325908 1.0474993 0.0691076443 -0.109257899 0.983197391
0.834164739 0.633898258 -0.487816989 0.895675778 -0.658052802 0.906713963 0.598735571 0.7850824
0.698550463 0.722067058 -1.05405223 0.127320498 0.201745048 1.01470375 -1.03932703 0.207112253
0.61118722 0.66463685 -0.636185646 0.693649411 0.616907477 0.827055991 0.226012707 1.03936696
0.933658123 -0.0199205447 -1.05013144 0.19277741 -0.856016695 0.489822417 0.930792868 0.402581334
0.95986414 0.568546534 0.512920856 0.84683919 -0.885365248 0.295610726 -0.431703389 0.920060217
-0.309660226 0.913052499 0.988521755 0.263464093 0.960495234 0.218358636 0.92975229 0.665364563
0.984631658 0.456277877 0.358369917 0.934369981 1.00399709 0.25450027 0.664540052 0.66912055
-0.938592911 0.349209785 0.670190156 0.835813642 0.222259939 0.949353576 0.338836104 0.903620064
0.3410227 0.955557406 -0.106237523 1.00415921 -0.585247338 0.804037869 0.319938898 0.798004746
-0.480458915 0.876196861 0.350162029 0.895405352 -0.933589637 0.495805383 -0.194908738 1.01166785
0.870419621 0.247860596 -0.57467556 0.918145061 -0.355158985 0.961916387 -0.24449864 0.924952984
0.745700419 0.44456917 0.916479409 0.177082092 0.467003554 0.986177266 -0.816257358 0.471129119
-0.883977711 0.483934551 0.979527712 0.279992878 0.594828248 0.897331953 -0.184929103 0.952159524
0.102295183 0.9626019 -0.054907158 0.928080142 0.932830513 0.265548855 -0.790091753 0.506612122
0.919315457 -0.00870263577 0.528147757 0.838623583 0.997123599 0.153873324 0.847200632 0.504527092
0.34508732 0.962673485 -0.941408455 0.451889277 -0.0414204374 1.02543473 0.523077309 0.841197908
-0.910638213 0.535160065 0.812574148 0.453334421 -0.939424157 0.431337655 1.01898062 0.148022607
0.797501624 0.678013861 -0.56025064 0.605814874 0.933490813 0.434155226 0.851841033 0.477523744
0.562626362 0.752809048 0.700374842 0.655145168 0.823457301 0.557520866 -0.5617823 0.809038997
1.01289034 0.180974185 -1.04691887 0.0819091722 0.914513886 0.58697921 0.284654588 0.922282338
-0.870099425 0.425796628 0.105100431 0.968049645 -0.87976712 0.473382145 -0.765579402 0.590056956
0.882127225 0.0707186088 0.64167726 0.734343231 0.965089619 0.0920995995 0.969329834 0.207180798
-0.920307994 0.0542687848 -0.185780346 0.97734946 -1.02235484 0.0938034505 -0.718829393 0.778502643
0.0710559115 0.849375248 -0.848628104 0.495441645 -0.144821808 0.965378284 -0.269205958 0.95235765
0.517427385 0.846449733 0.899693489 0.380046666 -0.637739539 0.858526707 -0.158463895 1.03016126
0.805066288 0.593194604 0.790056169 0.604310393 0.760596871 0.772981167 -0.220362455 0.911866188
-0.495972604 0.779731512 0.963268399 0.173681647 0.861988306 0.144302934 0.713441372 0.613029957
-0.586391985 0.799894869 0.558574557 0.808450818 0.914004862 0.473947674 -0.876945496 0.520773709
0.912783623 0.411584973 0.322009057 0.964928508 -0.24030593 0.96167469 -0.98150754 0.22265324
0.970483243 0.11523068 -0.937372088 0.279764652 0.827242017 0.667770565 0.37168631 0.994820178
0.210879788 0.91000843 0.461878389 0.860705912 -0.931896925 0.505375922 0.191071361 0.880454898
1.70424485 -0.219592467 1.50533342 -0.390200287 1.44981122 -0.460243404 0.275245935 -0.348162711
2.02421308 0.0534872115 0.28915751 -0.260199428 1.96201837 0.20040597 0.966482699 -0.517970324
-0.0230106786 0.164647982 0.0942154154 0.173678637 0.0280904919 -0.0550734997 1.85740352 0.254361391
1.64350259 -0.256486237 1.24193537 -0.557420313 0.760650873 -0.555817246 1.42451298 -0.409048796
1.06676507 -0.464082479 0.198784783 -0.0327872634 0.882652342 -0.607288301 -0.0256595463 -0.0608772673
1.0324595 -0.634901047 0.176378593 -0.0202409141 1.88306153 0.120611414 1.89664745 -0.0696955174
1.15974438 -0.588555753 1.95811129 0.241003066 0.519184947 -0.470961899 2.01751804 0.438736498
0.0599879958 0.401710838 1.74591541 -0.252064735 0.799920857 -0.523138583 -0.00754951686 0.205172032
1.36661994 -0.457883179 1.77692699 -0.0753915608 0.90710181 -0.393911451 1.99974895 0.393370926
1.87708008 -0.0371476635 0.934094906 -0.62434113 0.49391216 -0.533954144 1.85686898 -0.0867854729
-0.0411439091 0.306327462 1.8851279 -0.125936091 1.04560447 -0.630792141 -3.03499401e-05 0.266185492
1.09175241 -0.473425001 1.97447324 0.385023981 1.93093288 0.175780758 2.0027082 0.336958766
0.939026654 0.467505932 -1.04364574 0.0194517188 -0.567141414 0.886468887 0.0246017501 1.00904214
-1.05272698 0.292449236 0.635057867 0.720632434 -0.20285292 0.939090908 -0.921020865 0.275848329
0.895499825 0.307041168 -0.526522994 0.879293561 -0.946327567 0.0940374658 0.736968279 0.549733281
0.265331566 0.989905 0.565231144 0.792125821 -0.980764925 0.0228747055 -0.0325335488 1.03353536
0.534777105 0.791788399 -0.914552748 0.446523249 -0.853243113 0.53413868 0.66853112 0.647976041
0.470279902 0.9328053 1.03019333 0.0367011726 -0.396349609 0.961337924 -0.975326598 0.29139173
-0.429887056 0.885288596 -0.822005391 0.733381867 -1.0727303 -0.0788316056 -0.793664277 0.675555766
0.581715286 0.886402965 0.718634427 0.59862411 1.00584412 0.182931215 0.351179659 0.967494726
0.328707457 1.01777053 -0.955439866 0.178636461 0.957722068 0.312548399 -0.135750517 0.99436605
0.962738097 0.305800229 0.178769559 0.959416032 0.263399929 0.937135398 -0.482352763 0.761592329
0.146575615 0.986346006 -0.0849070773 1.13397717 -1.05848026 0.255312979 -0.927666426 0.430773914
-0.566830516 0.849336088 1.01311004 -0.064291805 0.323090464 0.904328525 0.671031356 0.734576821
-0.619460762 0.778739333 -0.919635892 0.314867735 0.415493488 0.901369989 -1.03006923 0.313707203
-0.555606067 0.796137393 -0.299378663 0.99014312 0.427641511 0.891941249 -0.989022374 -0.0135515034
0.915612936 0.527768075 -1.1079638 0.0833190903 0.421862185 0.910563707 0.549750745 0.759252429
0.610593081 0.85582757 1.0414449 0.232641384 1.07876348 -0.00358770788 0.20357433 0.991621017
-0.245696872 1.02375925 0.76537174 0.643783331 0.0047979895 0.971336484 0.478324413 0.887320161
0.965501785 0.322947413 0.426490903 0.890102148 -0.321390629 0.845923364 0.0166197252 0.956728399
0.153298974 1.00682306 0.857858658 0.373854965 0.639134288 0.723412931 0.627793849 0.592614591
-0.992155015 0.0842996985 0.0134865306 0.960753858 -0.887810051 0.12267793 -0.855937123 0.43306905
0.926841974 0.47006613 -0.867251635 0.502776265 0.54636699 0.889089942 0.930601597 0.151230767
0.256286472 0.925537825 -0.603197694 0.777289689 0.680044413 0.814357519 0.969707787 0.0595191717
-0.281209081 1.04416752 0.833508372 0.657661855 0.837763309 0.38361454 0.839853466 0.345560461
0.310268104 0.971924365 0.842710733 0.4447788 0.990668178 0.123625025 -0.915011942 0.330682278
-0.98113513 0.379722804 -0.231844679 0.97280091 -0.711082518 0.720345259 -0.113185108 1.04253268
-1.0004338 0.0931014642 0.258598745 0.961764812 0.943229318 0.182335347 -0.785064936 0.547219038
0.658117294 0.77396667 0.972912014 0.410921842 0.252120674 1.04065812 -0.678411901 0.674001992
0.912477016 0.480905592 -0.812572181 0.536336184 0.936010122 0.455835432 -0.145521641 1.02989626
0.923473656 0.488837481 0.939765096 0.338837385 0.149443522 1.06130958 0.410392523 0.891235888
0.733872831 0.74076885 0.40354079 0.786092877 -0.624063492 0.734279096 0.54408437 0.904649138
1.01602995 0.388210595 0.0739031285 0.948945522 0.904213786 0.268753737 -0.464890599 0.94501394
-0.0118351607 0.954720616 0.709117413 0.686324477 -0.729830384 0.72730875 -1.06283855 0.0839229971
0.786491871 0.65678072 0.796793103 0.741731346 0.876976609 0.196440235 0.943909883 0.462715507
-0.72234118 0.606808543 0.493664026 0.856083572 -0.132707804 0.964941025 0.649462044 0.842217088
0.972762048 0.0439760163 0.668736637 0.795266807 0.112449929 0.983880222 1.01589191 0.0531878285
-0.752107203 0.674143016 -0.600847781 0.793937147 0.931424558 0.378135622 0.960634589 0.0968524665
1.82915032 -0.0852538794 1.6038574 -0.367394239 1.77758837 -0.187979192 0.813201845 -0.524542749
1.52191019 -0.421384007 -0.0417494252 0.245913103 0.187467664 -0.161726072 1.66483092 -0.339143574
1.92202437 0.0224847626 1.95163369 0.0746366158 1.61712432 -0.360722333 0.0781193301 0.387592643
0.238169223 -0.239168495 2.10761213 0.43446961 1.00899374 -0.645177305 1.7576642 -0.156590089
1.45118964 -0.43334505 0.0951484442 -0.0460684486 1.82592189 -0.191457823 0.482213259 -0.25977391
1.46797252 -0.419705003 1.26528478 -0.504603624 1.47083366 -0.489422858 0.0169084817 0.355273604
0.0218342543 0.153538182 1.63451099 -0.378079206 1.45893717 -0.41946587 0.2304831 -0.0314133093
0.280284643 -0.265353858 1.86264348 0.104909234 0.0961536393 0.105079859 0.205360934 -0.164868385
1.69082606 -0.304368496 1.08774471 -0.476839781 1.25367165 -0.486435533 1.05124342 -0.623754621
0.558200896 -0.51838094 0.720249653 -0.5609532 0.880042851 -0.654724419 0.467425406 -0.364890546
1.14379346 -0.433174163 -0.0197074711 0.186489314 0.997927308 -0.543253124 1.9354471 -0.0409934781
0.0298201758 0.276499957 1.06008554 -0.633317828 1.70075238 -0.236263812 0.890608013 -0.584799886
-0.983755469 0.180928722 -0.703626275 0.787225544 1.01333344 0.274017394 -0.868988097 0.478689253
0.886529207 0.452491134 0.90014863 0.400460482 -0.638896227 0.80262965 1.02257192 0.0688695908
-0.675406873 0.658160985 -0.125056699 0.911205292 0.676128924 0.739237964 0.474754989 1.07927752
-0.454700023 0.862773418 -0.118115894 1.030599 -0.274221331 0.931805432 0.0495095663 0.934618294
0.386400461 0.892938375 -0.455979764 0.966164351 0.792027533 0.519072175 0.480742693 0.862632513
-0.873271644 0.341482669 0.284768105 0.976803422 0.679484248 0.731681347 1.06591523 0.233876556
0.13727209 1.03052127 -0.739640832 0.706882715 -0.828406751 0.588770747 -0.951114237 0.52379179
-0.983255744 0.0674350709 0.910695136 0.651040375 0.142376304 1.00599349 0.86104548 0.569026351
-0.635323703 0.867925167 0.543702483 0.86991477 1.01403511 0.0448013507 0.479239017 0.886483312
-0.998450696 0.0671973154 -0.752197802 0.796920896 -0.962997615 0.223310694 -0.64432919 0.870015919
-0.818138421 0.393951088 -0.669858396 0.726121724 0.919539273 0.41983825 -0.478022784 0.932516634
0.356081158 0.921042383 -0.881542802 0.305299312 0.900119662 0.466323763 -0.88168925 0.340132743
1.19474006 -0.482083738 1.8317616 0.20454827 0.182087332 -0.0897568315 1.80614507 -0.15818058
0.0633250177 0.0822006837 1.86938155 -0.0834280998 0.503289878 -0.467711359 -0.0295094736 0.312865406
0.162354156 0.0831390992 1.99845457 0.458322763 -0.00641149282 0.263586879 1.68285811 -0.132142767
0.455871284 -0.337754935 1.78867579 -0.3175807 1.67773199 -0.420210183 -0.0861638561 0.388088971
0.883277953 -0.541864038 1.93527722 -0.128228754 0.908238411 -0.565103948 0.0534456633 0.277009487
1.46126151 -0.409395605 1.92039442 -0.102508023 0.938186049 -0.504081905 1.69963384 -0.117372304
0.55073458 -0.549078107 1.81738019 -0.047662355 1.56795144 -0.313596189 0.650283098 -0.506497264
0.0623519942 0.205564037 1.21565866 -0.62981236 0.425691187 -0.377586484 2.00769949 0.316664517
2.05263782 0.444128811 0.0427283533 0.0341843218 1.80810058 -0.0745999068 -0.0114903413 0.343749672
0.121101946 0.0544451289 0.734487295 -0.416267157 0.292952627 -0.271234632 1.79507709 -0.158341795
0.69337976 -0.399039119 1.75035965 -0.14846392 -0.0862951428 0.390899718 0.223613605 -0.195437714
0.15967606 -0.128078744 1.36237168 -0.473401129 0.0417321995 -0.0852082297 1.72457492 -0.253877848
0.91535157 0.340479046 0.887699008 0.410125405 -1.0030216 0.0541103594 -0.504481852 0.918735206
0.132989913 0.9600178 -0.879794657 0.34730202 1.02506483 -0.0205607675 -0.278748751 0.999379277
0.288146287 0.917307198 -0.943079114 0.0776396021 1.02109802 0.0412331633 -0.840842605 0.310291529
0.162090778 1.09862876 0.543426454 0.64885968 -1.17472935 0.0665951967 0.483851701 0.895290077
-0.831798255 0.468204439 0.739284754 0.689207613 0.983762503 0.286138535 0.289212286 0.98627454
1.08011055 0.0346703306 0.941413403 0.083101891 0.590015888 0.929558754 0.163145453 1.07986975
-0.889945507 0.489910901 0.232650757 0.947338462 0.813501954 0.404298544 0.181111947 0.977165818
0.788228452 0.635248482 -0.797807217 0.729667425 0.940413177 0.370139271 0.203765169 0.959059834
0.37920633 0.907291353 -0.0556424297 1.02319682 0.524673998 0.804313958 -1.01919234 0.317772299
0.00140840933 0.981018603 -1.01349974 0.0721203834 0.578604817 0.81201148 -0.858749032 0.514658749
-0.625368237 0.714067042 -0.162256941 1.04927754 -0.249656394 0.992928743 0.723240256 0.562959492
-0.969527721 0.0650072768 0.866593659 0.490392506 -0.212800875 0.896833479 1.15318656 0.0280182585
-0.949610412 0.331531405 -0.878820121 0.633478343 -0.134137601 1.09375632 1.03349006 0.196897194
0.765063584 0.590702474 -0.998523176 0.457673371 -0.585261106 0.703555048 -0.393698514 0.958773077
0.143283755 0.967745543 -0.996400833 0.275018007 0.632317007 0.594045043 0.970884442 0.145286739
1.01137841 0.124212682 0.0128562376 0.950011253 -0.445254266 0.871794403 -1.00274384 0.519472599
-0.944565058 -0.0357649662 0.793320477 0.675498843 0.943460822 0.219922125 -0.493554294 0.956695497
0.905307174 0.531832576 0.716134608 0.73343575 -0.503006816 0.907984972 -1.01369393 0.237399846
-0.432263881 0.945187628 -0.971109152 0.0932442322 0.471257389 0.99168402 -0.813381135 0.669990003
-0.866291821 0.595405698 -0.437512994 0.879080176 -0.172715753 0.984461188 0.048520878 1.12896621
-0.213160351 1.06902862 0.880742788 0.379335463 -0.706186175 0.671206772 -0.0908508301 1.0038861
0.366147578 0.86016494 0.02464821 0.939210773 -0.99058634 0.157315046 0.514143467 0.901204526
0.0809144005 0.995555341 -0.0920379311 1.04142046 0.917122424 0.281315684 0.968420982 0.16471906
-0.99538219 0.158998877 -0.703985691 0.725100577 0.680015445 0.884230852 0.940583885 0.0707576424
0.533753574 0.812134504 -0.20120725 0.832402766 -0.267076999 1.01554835 0.368210584 0.913514793
1.01164448 -0.0206872337 -1.0127573 0.489902735 -0.0643891245 1.02683079 0.326282471 1.00918138
-0.665871382 0.696504831 -0.0698806494 0.970419347 0.186749846 1.0053885 -0.64224416 0.859229565
-0.882733226 0.49508974 0.734243214 0.508870244 -0.841531396 0.397570491 0.743694663 0.610932589
0.548860967 0.733155847 -0.503569186 0.926646054 0.555213213 0.694772482 -0.779802024 0.642579734
0.344540864 0.868631423 -0.0436896868 1.09803414 -1.0802505 0.0965539664 0.0783395171 0.907893777
0.123372734 0.893553555 0.0282542035 0.90430057 0.370158017 0.916697145 -0.589540362 0.756242812
-0.907771587 0.303805023 -1.02767515 0.296625942 0.0286366567 0.894026935 -0.0620869994 1.02677512
0.604366481 0.801326871 0.828171134 0.598058164 0.469113231 0.861958385 -0.576117158 0.78331089
0.758834898 0.564513087 0.880322456 0.579403937 -0.588359356 0.754768431 0.678339124 0.7912395
0.882374287 0.564300895 0.504860401 0.778309703 0.838875294 0.493610978 -0.341964215 0.818617284
-0.74597764 0.642088413 0.968610227 0.512776613 -0.984970629 0.0205465853 -0.73873359 0.61937958
-1.00757456 0.216307431 0.962098062 0.208861604 0.959002435 0.168673709 -0.823680401 0.598037302
1.03419566 0.265156716 0.478635192 0.743345559 1.03043103 0.178361595 0.219365776 0.968337893
0.922394633 0.283103645 -0.48409903 0.828404784 0.464113623 0.797007382 -0.332076907 0.894037247
0.470764816 0.931689203 -1.02329981 0.134974554 0.215222597 1.01216197 0.930692613 0.620483279
-0.644240439 0.588378966 -0.631182849 0.755741358 0.62628144 0.773007751 -0.694707274 0.771772385
0.906163335 0.186052769 -0.396133512 0.799003601 -0.802415431 0.629730463 -0.701158881 0.764089108
-0.469161749 0.833784759 -0.89584434 0.390609443 -0.789815068 0.659881949 -0.861109734 0.602584898
0.152528033 0.990632772 1.03551447 0.279705316 0.955627978 0.147771806 1.02780962 0.285647154
-0.845958114 0.329851627 -0.930806637 0.543291271 0.181826547 1.03516424 -0.598085046 0.920727968
0.612009764 0.665984988 -0.209564567 0.883877337 -0.789762378 0.554952383 0.698167562 0.700923562
-0.201668292 0.988561571 -0.863931239 0.586197853 0.874206662 0.587139845 -0.555013835 0.759283841
1.03486824 0.143605679 0.414286524 0.877408743 0.652312756 0.761000276 0.909651935 0.0427279733
1.89312637 -0.0179370232 0.0458581932 0.274861664 0.69646728 -0.55329293 1.89727974 0.0805100128
0.00636870414 0.144275725 0.371390581 -0.304836929 1.35292494 -0.590644479 0.396186888 -0.306304306
2.00414276 0.163663328 1.92192757 0.110508151 -0.0480534993 0.378623813 0.209686786 -0.259509712
0.594211936 -0.421453416 0.855460346 -0.555445731 0.759301245 -0.556917906 -0.00168120768 0.38677904
1.30245721 -0.527706802 1.52870476 -0.343909144 0.191513062 -0.269424796 1.10771286 -0.477464974
0.326414943 -0.280244023 0.0178561937 0.421636939 0.564767838 -0.429374516 0.0164127462 0.339159817
1.53963709 -0.338221699 1.64912379 -0.374749094 1.41970217 -0.427159816 1.90168059 0.279522747
0.0469263792 0.248668924 0.828986645 -0.4864766 0.0155029008 0.190118492 0.177344188 -0.0525887832
1.2284013 -0.546050251 0.0153289484 0.294737935 0.431337774 -0.240114138 1.77432275 -0.133607328
0.607642889 -0.479079634 0.603236079 -0.483917564 1.04978788 -0.584961236 0.0715304613 0.163311496
0.246212468 -0.296564549 0.697115481 -0.527428806 1.95510876 -0.029163409 1.77503002 -0.146907553
0.656918406 -0.469022572 0.120966449 0.0645478442 1.63277626 -0.310919344 1.67630434 -0.315678567
endtensor
tensor embed_w 64 2,32
-0.288341254 -0.351190627 -0.602493882 -0.513953686 -0.446811616 -0.261270404 -0.6001423 -0.259632677
-0.53942585 -0.166757822 0.500025928 0.193358839 -0.318911791 -0.314603209 0.564735353 0.603618681
0.308133781 0.587817252 -0.597999096 -0.497997373 -0.132022142 -0.0642911196 -0.0557733178 -0.110280752
0.630041063 0.250995696 0.166730762 -0.0913748145 -0.437283248 0.0422661901 0.111530185 -0.668215692
0.0234225988 0.266659558 0.51834029 -0.562179506 0.320244014 0.2646088 -0.429018408 -0.138960421
0.463007033 0.22697258 0.131738245 0.682540953 0.22397697 0.505333602 -0.651932836 0.337653697
0.291098058 -0.0933660865 -0.202903509 0.0467444658 -0.379281431 0.669915617 0.0224506855 0.111162126
0.432390749 0.153661788 0.273178816 -0.657191277 0.603576243 -0.572808444 0.584262311 -0.476052105
endtensor
tensor embed_b 32 32
-0.2816163 0.0283815265 -0.164918065 -0.0777047873 -0.68935138 0.331123292 0.620658219 0.432210743
-0.50072521 -0.570001125 0.293627679 0.0158805847 0.289864957 -0.690950394 -0.0421598554 0.498682559
0.328034937 0.0258216858 0.139030635 -0.0669488907 -0.388791025 -0.267215133 -0.430613667 0.587329447
0.389111459 0.247291207 -0.54224658 0.545619071 0.221708179 0.489172637 -0.278168768 0.14990443
endtensor
tensor first_w 192 96,2
0.0996516198 0.0385033786 0.0686529875 0.0821451247 0.0818534493 -0.0791328177 -0.0214314833 -0.0472502932
0.0777587742 0.032478258 -0.0799383074 -0.0666450411 0.00882724673 0.0866996497 -0.0574665554 0.023796916
-0.0238024294 -0.0284124091 -0.0261378363 0.00662899017 0.00763618946 0.0318197459 0.0928907394 -0.0360904932
0.0505292863 -0.079083398 -0.000432357192 0.000686019659 0.0724483132 0.00185905397 -0.0523022823 0.00205810368
0.0525998771 -0.014893949 -0.00946448743 0.0655313581 -0.0177599117 -0.0284813568 0.0119487569 -0.00987886637
-0.0781894177 0.0419666618 0.0117940158 -0.0642416775 0.0343171507 0.0273279995 0.0872561038 -0.0225675255
-0.0317763239 0.0489564687 0.0367451608 -0.0553650409 0.102012277 0.00377204269 -0.0437814705 0.00998466462
0.097019434 -0.0821187943 -0.050673008 -0.0742136464 0.0449884534 0.0391421616 0.0399828255 -0.0297058299
0.0285088122 0.0606143177 0.0807110071 -0.100823306 -0.0412498601 -0.0504522063 0.0268238634 -0.0840646476
0.000572785735 0.0407708734 -0.0767651349 -0.00295891613 -0.0247820988 -0.0190367624 -0.0681594089 -0.0169802085
0.0451272875 -0.0797767043 0.00917496532 0.0289442837 0.009998478 0.00254397839 -0.030962646 -0.0704343617
0.000490769744 0.0384047031 -0.0317457095 -0.00205135345 0.029326126 -0.0987090915 0.0991196036 0.0549012572
0.0154593959 0.0545916855 -0.045205161 -0.0192295313 -0.0623423792 -0.0704675466 0.00780152529 0.00409779698
-0.0757143646 0.0770139843 -0.0767149776 0.093421489 -0.0664298534 -0.0770365596 -0.0346648544 -0.0460982732
0.00755438209 0.0794680268 0.0702811331 0.04988572 0.0395326614 0.0631777495 0.0781916678 -0.0507997982
-0.064084515 0.0879299939 0.00861282647 -0.0839017555 -0.0907210112 -0.0049162209 0.0585486442 0.00211910903
0.0212707445 0.0171431452 0.0987159461 -0.0770144016 -0.0725877881 0.0936385244 0.0818466246 0.100303873
0.0861635059 -0.0704848319 0.0825189799 0.00377025455 0.0145637318 -0.0543646067 0.0928029418 0.0978657603
0.0681606233 0.05691652 0.0761464089 0.0601044297 -0.00663004071 0.0329256952 -0.0783222467 -0.0101609752
-0.00127006322 0.0574673265 0.0191405416 0.00173793733 -0.069521524 -0.0372235924 -0.0585468039 0.052695483
-0.0978516489 0.0320277214 -0.0357775986 -0.0264457762 0.0889030546 -0.0279707313 0.0174522176 -0.0902575329
-0.00623396039 -0.0279770941 0.00409860909 -0.0413467921 0.0636403561 -0.0556288138 -0.0901272967 -0.0921843424
-0.0787500441 0.0799427778 -0.0339326188 -0.0912120119 -0.0587385744 0.101318508 0.0526420921 -0.0535338856
0.0721153766 -0.0078452155 -0.0990232602 0.0832563192 -0.0866180062 0.0336714387 -0.099389866 -0.0291386545
endtensor
tensor first_b 2 2
-0.0821657777 -0.0417286232
endtensor
tensor update_w 4128 129,32
0.0709032416 0.0560169816 0.0307825729 0.0844865143 -0.00458782911 -0.0382860601 0.0348054245 -0.0377072059
0.0769233406 0.0835946053 -0.0813205913 -0.00501690805 0.0289109945 0.0259237662 -0.0482907556 -0.0301988088
-0.0608740151 -0.00106325746 -0.0188230425 0.0102298409 -0.00437495857 0.0314877257 0.0732618123 0.0664461702
-0.0790252686 -0.0253277645 -0.0685474277 -0.00303138793 0.0389931351 0.0296574235 0.0449749976 -0.019830443
-0.0332466811 0.0578669608 -0.000662177801 -0.0865885764 -0.030666355 -0.0205404684 -0.0557771176 0.0263682529
-0.080651924 -0.0182517767 0.00159020722 -0.0829545036 0.0554635376 0.047297731 -0.0714577287 0.0384670943
0.0410119295 -0.0575077683 -0.00684635341 0.0576814711 -0.000701442361 0.0652585328 0.0484481156 -0.0503369197
0.0206526145 0.0298035666 0.0734796822 0.0766713172 -0.0500164703 0.0830717385 -0.0190856308 0.0161397979
0.0733786225 0.00514118373 -0.00421653688 0.0214643553 0.0681387633 -0.00839725137 -0.0724600777 0.0400858968
-0.0321666673 -0.0482159518 0.01224567 -0.0283771604 -0.0608792827 0.0754986703 0.000536285341 -0.024223499
0.0214318708 -0.00666477531 -0.0776848197 -0.0139556602 -0.0847848654 0.0216079056 -0.062725313 -0.0853004605
0.0618513972 0.0873194635 0.0276265442 0.0589084625 0.048884213 0.0157814771 0.0849287957 -0.05597426
-0.0151628181 0.0513210744 0.00506485254 -0.0804556161 -0.0277099535 0.0610440373 -0.0270941444 -0.079066366
-0.0714523122 0.0297912806 0.0166177899 0.0315930396 0.0435489863 0.031945236 0.0570107847 -0.0337348208
-0.0400994271 -0.0707297474 0.0750843138 -0.00393483788 -0.0444057994 -0.0154806003 -0.0706262961 0.0373951644
-0.0636669546 0.0392894745 -0.0773189068 -0.0582074001 0.0215922147 -0.0467964485 -0.0395471081 -0.0268000513
-0.011228703 -0.0636299998 0.0779861808 -0.0392062552 -0.0677892417 -0.083489947 -0.0424013846 0.0415951759
0.0687369406 0.0708639324 -0.0325033069 0.00027821213 0.00732462853 -0.00777443498 0.0357503816 0.0685467571
-0.07314758 0.00390033424 -0.0855143145 0.0468529314 -0.000646457076 -0.057639733 0.0692536533 -0.0865979865
-0.0743030161 -0.0517189838 -0.0599255823 0.0635874867 0.05829449 0.0292201117 -0.0373189785 -0.0260785185
0.0351398736 -0.0841482431 0.0252654329 -0.00865720212 -0.0569219887 -0.0654081404 -0.0816796049 -0.05793285
-0.0119458288 -0.0274711438 -0.00966514647 0.0342553109 -0.0670334399 0.0324289277 0.00498581678 -0.0144522935
0.0110260174 -0.0506349578 0.0428863317 -0.0362686627 -0.0333052389 -0.0845075026 -0.0251365826 0.0288521051
0.0077637136 0.0550459027 0.00609240681 -0.0302265063 -0.0456807949 0.0747085661 0.0373948812 0.0626730919
-0.012936838 -0.0717298314 -0.0797633082 0.0715306103 -0.0842670575 0.031818375 0.0638430715 -0.0234755203
-0.0123909116 0.0841572881 -0.0097578615 -0.0340172723 0.087375626 -0.0539898761 -0.0826311111 0.0834881067
0.00798850507 0.0325933024 -0.00876962394 -0.0308817178 0.0633185804 -0.0778443068 0.0170647874 0.00670031458
-0.080842413 0.0471870601 -0.00774148852 -0.0767297149 0.0763492137 0.0228097364 0.0157615095 -0.0659515709
-0.000741489232 0.0485859513 0.0815671384 -0.0366069004 0.0651365966 -0.0135045052 0.00934069604 0.00847160816
0.0297629088 0.0731550008 -0.00293501467 -0.0401055366 -0.0161860585 -0.0162262991 0.0420476794 -0.022938326
-0.0440912619 0.0844818801 -0.0755689517 -0.0847264603 -0.0386869051 -0.0858041644 -0.083388105 -0.0412476249
0.0698344558 -0.0707602501 0.00499551743 -0.0174698457 -0.0294151828 0.0218152925 0.0323322862 0.0180738717
0.0609794259 0.0809582174 0.0536947548 -0.0511342548 0.0661385804 -0.0198842883 0.040916875 0.0561757088
0.025470078 0.0324525386 -0.0569002852 -0.00643244386 -0.0385375917 -0.0560777299 -0.0203761235 -0.0458282083
-0.0664321035 -0.043526493 0.0148032233 0.0608881265 0.0169359818 -0.0108574778 -0.0717508942 0.00323525816
-0.0610291623 -0.0102449879 -0.0478647836 0.0309436545 0.0801748931 0.0248800591 0.0255009457 0.069342941
0.0294245258 -0.0243492648 0.0444309115 -0.00575019419 -0.0224158466 -0.00409545004 0.0425100327 -0.0632572919
0.0629746318 0.0767352581 0.0192187726 -0.0775618926 -0.0723688081 -0.0315473415 0.0137387216 0.0693082064
-0.0323002152 -0.0194973424 -0.071575433 0.0297678187 -0.0420778543 0.00925638527 -0.0602956638 -0.0267842859
0.0253572762 0.06785658 0.0141682774 -0.0395387523 0.0547373146 0.0481338948 -0.0237586424 0.0266997293
-0.0035045892 0.0487132967 0.036332868 -0.0107576922 0.0388440788 0.0803455114 -0.0355459861 0.0592127442
-0.0241480693 0.00142080337 0.0272768885 -0.0179292485 -0.0301815979 -0.0792188197 -0.0532863736 -0.0626399294
0.0200728551 0.0820026398 0.0607794225 -0.063734211 0.047343567 0.07635203 -0.0561847538 0.0854273885
0.0764447153 -0.00154983997 -0.0561796539 -0.076000005 0.0526603311 -0.0443370827 0.0534556955 -0.00221744925
0.0335301459 -0.0629123449 0.00858748704 -0.0698010102 0.0501302481 -0.0844293535 -0.0314328745 0.0430395454
-0.0503683761 0.043073386 0.00251185149 0.00486135483 -0.0428289436 -0.0490821898 0.0127901286 -0.0640060604
0.0673666745 0.0296592936 0.0322632864 -0.0816787183 -0.076644972 -0.016899474 0.0164573193 -0.051842656
-0.0349271856 -0.0670766607 -0.0701722205 0.0146207735 -0.000120282173 -0.00915535539 0.0520178527 0.00816574693
0.0766823292 -0.00166155398 -0.0486140773 0.00249443948 -0.0354334712 0.0648462325 -0.0647188202 0.084038347
0.0414676666 -0.0832280144 -0.00714548677 0.0357691348 -0.00319726765 -0.00811392069 0.0216050819 0.0462220907
0.0645189136 -0.0532710068 0.0610850006 0.0179094449 0.0365011245 -0.0797020197 0.0821234882 -0.0389730819
0.0602336228 -0.00292491168 -0.00125070661 -0.0543932579 -0.00614125282 -0.0520930104 -0.0372104198 -0.0200735405
0.0221909061 -0.000531159341 0.056436345 0.0467471927 0.014943175 0.0392877609 0.0726934075 -0.0111995563
-0.0645222217 0.023403354 0.0426323712 -0.0272538066 -0.0648691058 0.0210582316 -0.0224801227 -0.0593038201
-0.0389839783 -0.0215670094 -0.0252697095 -0.0740592182 0.0834056288 -0.0571991131 -0.0626569763 -0.086033769
-0.0312766433 0.0729355365 0.0350703299 -0.0607548952 -0.0656716377 -0.0230370387 0.0193561614 -0.0598755367
-0.0258194096 -0.0254892707 -0.0657927692 -0.0378808379 -0.0149859488 -0.0519583598 0.0543082505 -0.0049784258
0.0538449138 0.0251336321 0.0595959127 0.0556273162 -0.0820435435 -0.0512780771 -0.0308640525 0.0289021805
0.0843235701 -0.0692779645 -0.036477685 0.074466303 -0.0308699198 0.078156203 0.0573111176 -0.0353711471
-0.0825633481 -0.0585515983 -0.0278258771 -0.0664710999 -0.0192552954 0.0537945479 0.0254042074 0.0118310079
0.0288498476 -0.0426775739 -0.0532468371 -0.069921881 -0.0423738025 -0.0180092975 -0.0180311501 0.0569257587
-0.0199084505 0.0311755911 -0.00110360235 -0.00223704427 -0.0833290145 0.0787205398 0.0266851336 -0.0611881539
-0.0494905375 0.061509937 0.046131283 0.0773401409 0.0775550604 0.0632722229 0.0152360722 -0.0832082927
-0.0876182392 -0.0819171146 0.00205580145 -0.0230548456 0.0347417071 -0.0347797088 -0.0545186624 -0.0814491361
-0.00770302117 0.0413063765 0.000221326947 -0.0622992888 -0.0554815456 -0.0262774453 -0.0240594 -0.081139192
0.0444327891 0.0321523249 -0.0668216124 -0.022788614 -0.0497029833 0.0577509701 0.0126246214 0.0850460231
-0.0815364197 -0.0145129859 0.0284549221 -0.0392482802 0.00608118623 0.0307996199 0.0659659356 0.0548800081
-0.0533201396 0.0195885077 0.0297627598 -0.0540962927 -0.0277306698 -0.0471951701 -0.0204396024 -0.0411654636
-0.0688357651 -0.00766924769 -0.0683126748 0.0418342203 -0.0433260761 -0.0298356563 0.0723501593 -0.0471805409
-0.0616088733 -0.0371966995 -0.0613086522 -0.0245631561 -0.0322048701 0.0698213726 0.0610290319 0.0164903402
-0.0748895556 0.0413962156 -0.0656814873 -0.0451589338 -0.0713875219 -0.0605268031 -0.0474738255 0.0487984568
0.00528106093 -0.0468016118 0.0290088356 -0.0879177451 -0.0563816763 0.0373209119 -0.0855777636 -0.041929096
-0.0339967236 -0.017449379 0.0798726231 -0.00536772609 -0.00658544153 -0.0539289378 -0.0236397758 -0.0299459137
-0.061605677 0.0613289028 -0.00171903521 0.0605807304 0.0113494694 -0.00865525752 -0.0658354014 0.0725447536
0.0302831754 0.083343491 0.0223297775 -0.0301089659 -0.0872795284 0.0144530982 -0.0478546657 0.0757380128
-0.0513970032 0.0174066424 0.0605225116 0.0752752721 0.0441634208 0.045527786 -0.0376873463 0.00285980105
0.0400440991 0.0611667782 0.087472558 0.0638646036 -0.010575369 0.071685344 -0.0312278681 -0.0812617615
-0.0280226432 0.0862156153 -0.0804778412 0.00530614704 0.0214885697 -0.0202241838 0.0863334537 -0.0854821876
-0.0474894121 -0.0368509814 0.0614359528 -0.0587485507 0.03406021 -0.0379774719 0.019705452 -0.0793849602
-0.0145319253 -0.080046013 0.0789546669 0.00404790044 0.0419491529 -0.083679229 -0.0176774114 0.00694707781
0.00288736075 -0.0668612644 0.0438778549 -0.00795418769 -0.0667463839 0.0829194337 0.0249768049 -0.0398106799
0.00625599921 -0.0623883568 -0.0665670484 -0.0495235249 0.0526436269 -0.0592214912 -0.0819008127 0.023288928
0.0503244549 -0.0751014575 -0.0258053429 0.0425462127 0.0333510563 0.0434240848 0.0603336841 0.0166766569
-0.0565966927 -0.0430622436 0.0459835976 0.0249723792 -0.0489877686 0.00910883397 -0.0428988971 0.0863560587
0.0324837342 0.0574957281 0.0537414104 0.00172163546 -0.0800055861 0.0200435817 -0.0329515934 -0.0749728456
-0.0268704891 -0.0325004831 -0.021349512 -0.0509215668 -0.0580398738 -0.0306908414 -0.0647795349 -0.00452668965
-0.0582532957 0.073258996 -0.0524593256 -0.0269804224 -0.0551211759 0.0232493058 -0.0519567467 -0.0586868674
0.0508798957 -0.0632742345 -0.0518727377 -0.0446675941 0.0406873971 -0.0513933301 0.0244564861 0.0324035883
-0.0515332296 0.0781943649 -0.0852864683 0.0731746256 -0.0119810179 0.0469780117 0.000292234123 -0.0820224285
0.05936867 0.0243249685 -0.0352087356 -0.00031362474 0.0563406646 -0.0145935491 -0.0155249238 0.0434405506
-0.01154425 0.0701805949 0.0267064422 -0.0336139426 0.0558448434 0.0574853271 0.0352145806 0.052225396
-0.0842655972 -0.0782805681 -0.0186986327 0.0211717635 0.0607717186 0.0259603038 0.0717598945 -0.00288341194
0.0832321644 -0.0540889353 0.075987488 0.0287988782 0.0341740623 0.0709694922 0.0667420775 -0.012447536
0.0314349085 0.027389273 -0.0112993121 0.0205456093 0.0543256998 0.0327088684 -0.0764729753 -0.0256294124
-0.0818360597 0.0852624923 -0.0703098625 -0.0628299788 0.0324243978 -0.0112657025 0.0452833623 -0.0698558614
-0.0685017034 0.0685342699 -0.0185340717 -0.0527639762 0.0122371167 0.0288454518 -0.0114208311 0.00708091259
-0.0367431976 -0.0834226161 0.0154626966 -0.0623234063 0.0292524993 0.043232739 -0.065850772 0.0830780864
0.0275345668 -0.0492313765 0.02127406 -0.0541145876 -0.0724906027 -0.0310516357 0.0593888462 0.0879374295
0.0417944491 0.0499436259 0.0370527506 0.0416619331 -0.0659345984 0.0873933285 0.0837200433 -0.0669030994
0.0540607572 0.0692905933 -0.048990801 0.0608158261 -0.066339463 -0.0342233479 -0.0818273649 -0.0566030443
0.0187763199 0.012247391 -0.0556098782 0.0162667856 -0.0616538897 0.0875094384 0.0529725999 0.0166162699
0.056415543 -0.00793634355 0.0602671504 -0.0797709003 -0.0591140985 0.0659175515 -0.015418984 0.0847875774
-0.00906769186 -0.0293162279 0.0456376821 -0.0612512752 -0.0159060881 0.0232667401 -0.0150775015 -0.0430280045
-0.0416357405 -0.0426346958 -0.00480141491 0.0250129774 -0.0441576466 -0.0436509959 0.0631750077 -0.00457633287
-0.0430215821 -0.0669651479 -0.0614852011 -0.00251372159 0.0474869609 0.0379269272 -0.0493856445 -0.0798703507
-0.0785614401 -0.081259422 0.0876278877 0.036236003 -0.0478756018 0.0517545789 0.00341395289 0.0422464162
0.0502794683 0.0650040507 -0.00709080696 -0.0400662087 -0.0498654991 0.0686123669 -0.0878871903 0.0641601235
0.0561419427 -0.0429416895 0.0618865192 -0.0805431604 -0.0409129448 0.0769119114 -0.01129511 0.0574982464
-0.042466931 0.0368162915 0.0212216526 -0.0579165928 -0.0608714744 -0.0874944255 -0.0200167596 0.023057811
0.0426479876 -0.0680667311 -0.0352115259 0.0266245231 -0.00412283093 0.0650460422 0.0284963474 -0.0518312044
-0.0695034713 0.0510505438 0.055024907 0.0412996411 0.0581839681 0.00280232728 0.0747093111 0.0693542361
0.0243095756 -0.0798677877 0.0195249245 -0.0564961024 -0.0458878241 -0.0100483149 0.0650329441 0.071936205
0.0394329429 -0.0702189356 0.053070426 0.0757747889 -0.0427885354 0.0880200714 0.0436692089 0.0607065558
-0.0490174182 0.0603303462 -0.0860227942 -0.0492561236 -0.0826160237 0.0351557955 0.00995784998 0.0658925474
0.00988681614 0.00652130693 0.0610495061 -0.0446632281 -0.01628986 0.0490435362 -0.0333727486 -0.0517955944
-0.0838368461 0.0309942886 0.0206962302 -0.0626601875 -0.0457949787 0.0772896409 -0.0251866058 -0.0331008546
-0.0245770216 -0.0687190071 -0.0235880688 0.0402291268 0.0718093365 0.00808434933 0.0182510912 -0.0599204302
0.078355059 0.0622347891 0.0584579706 -0.0478727371 0.0128074735 -0.0762234181 0.0751446187 -0.0856068879
0.076386556 0.0746997148 0.085878104 -0.0373559855 0.0830825567 0.0630940199 -0.0382867008 0.046405524
-0.00961232185 0.0504717529 0.0137838274 0.0566692054 -0.010175325 -0.0372835658 -0.0639135242 -0.0563604124
-0.0558412783 0.0238170326 -0.0213962123 -0.0371383019 0.0220501944 -0.0416737646 0.0550971329 0.0495459288
0.0499900728 0.051322192 0.0767050534 0.0684067756 0.03591723 0.0785895288 0.0631868392 0.0471294373
0.00747601688 0.0320630297 -0.0541907959 0.0474269986 0.00923990458 0.0131576285 0.0232531652 0.054739669
0.0651575476 -0.0453641377 0.0406171232 -0.00628191233 -0.0227032304 0.0439410806 -0.0206496716 0.0722128153
-0.0359879434 -0.0225635916 -0.0170127973 -0.0785361007 0.0321650878 0.0162708163 -0.0207814053 0.0386965126
0.0372982919 -0.0170780122 0.0840061158 -0.0577593967 0.0631338358 -0.00122473389 0.0299623907 0.0436893553
-0.0517306961 -0.0759636462 0.0190213025 -0.0867213309 0.0505915284 0.0741214007 0.0771196187 0.0216308534
-0.070598416 0.0681820959 0.00214809924 0.012066789 -0.0364022441 -0.0389689468 0.0168781057 0.0280151889
0.0642025471 -0.0779355466 -0.0823725536 0.0372700393 -0.0847948268 -0.0566930138 0.0701947063 0.0187677667
0.0681072623 0.0565059036 0.0199697912 0.0618699938 0.0544829071 0.0835345685 -0.0844645351 0.0452528894
-0.0498358607 0.0590205044 0.0329496488 -0.0842832848 0.0756162554 -0.0749836639 -0.019320704 -0.0578618981
-0.0189338773 0.0628581941 -0.0760914087 0.000951118767 0.0730339587 -0.0118525103 0.0400847644 0.0081108436
0.0530002415 0.0343546644 0.0633462816 -0.0757789314 -0.0765702799 -0.0375701189 -0.0615675971 0.0288383588
-0.013225235 -0.0283480659 0.0561002493 -0.0557177775 -0.0440832302 0.0818777084 0.0331109017 0.0252232477
-0.0787016004 -0.0447834916 -0.0404246934 -0.0706530884 -0.00889600068 -0.00945876539 -0.0570798144 -0.0315797292
-0.0409960635 0.0337848514 0.0734090507 -0.0341197327 0.0234190822 -0.0878570825 0.0761389285 -0.0132393539
0.0535934418 0.0310998112 -0.00757171959 0.0177880898 -0.0164042711 0.0145736188 0.0263249725 -0.0103525221
-0.0592881292 0.0227205083 0.000208370388 0.033492744 -0.0584533252 0.0155249014 -0.014528431 0.0723853409
0.0152148157 -0.050546594 0.0199214369 -0.0114542991 -0.0187272057 -0.0138438642 -0.0429963805 0.0179215223
0.0709201694 -0.0120576099 -0.0696462095 -0.0325248986 0.0789593011 0.0776869953 0.0236961693 0.0070630461
-0.0751430988 0.0118651763 -0.0807920247 -0.0550253689 0.0811706483 -0.0277206376 -0.0439760052 -0.0691603422
0.00386677682 0.0641122758 -0.0623974875 -0.00449769944 0.0529360324 0.0405264944 0.0149658471 -0.0484998934
0.0583336502 -0.055958394 -0.0253749341 0.0364239886 0.0287403464 -0.00345609337 -0.0486236922 0.0357778296
0.0379178077 0.076361388 -0.0446440019 -0.0769317746 -0.0207177475 0.0598281771 0.0308047757 0.0463855416
0.041462943 0.0575327873 -0.0660049468 0.0147120133 -0.0868500099 -0.0658524707 -0.0353966504 -0.00658264756
0.0454794466 0.055258885 -0.0708459094 0.0331631452 -0.00736128539 -0.0503153503 0.0675076842 0.064589873
0.0301177725 0.0081044808 -0.0139858946 0.0624040961 0.00146880001 0.0290198177 -0.0801712871 0.0878492743
0.0285113379 -0.0318902284 -0.0183037296 -0.0259843506 -0.0681253225 -0.0623221286 -0.034170419 0.0262579322
0.0219813883 -0.0353500098 0.0276128873 0.0175458789 0.0486204028 -0.00376567245 0.059195593 0.0603756756
0.0500335544 0.00904528797 -0.0528128669 0.039294973 -0.0515534952 0.0802721083 -0.0415161066 0.0345264524
0.0304324552 0.00832688063 -0.037124984 0.0589205176 0.0678492934 -0.0227478445 -0.0512052476 -0.0127803907
0.0206040889 -0.0109073222 -0.020085223 0.0855953395 -0.0805851147 -0.0627650395 -0.00538695604 -0.0177146867
-0.0592019074 0.0803611428 -0.0846120194 0.0429955423 -0.041483812 0.0825352818 -0.0859255493 0.00372584909
-0.0732834488 -0.0180312991 0.0133445188 -0.0384373032 0.0526838452 -0.0756190196 -0.0056155026 0.00230897963
-0.0638427436 -0.0248443261 -0.075060837 0.0720952302 -0.00799620897 -0.0199940726 0.025933519 0.00197699666
0.0510690212 -0.00595545024 -0.0807657987 -0.00181224197 0.0371987522 -0.031061355 0.0252778456 0.0132443756
0.00278317183 -0.0671039149 0.0620081574 -0.0263005234 -0.0628901795 -0.000274330378 0.045243904 -0.0112222061
-0.0122503191 -0.00133371353 -0.0223006085 -0.0779096708 0.0435509533 0.0595041811 -0.0727618635 0.0348376557
0.000398546457 -0.0707454383 0.0496445745 -0.0454694517 0.0878323466 0.0576928705 0.0547036082 -0.0288024172
0.0200468078 -0.0603633188 -0.0378684625 -0.0701944977 -0.0545094274 0.0727531463 0.00846696645 -0.056001056
0.0176070258 0.0793879777 -0.0727112219 -0.00116300583 0.0682030171 0.010594368 0.0275317952 -0.0628523305
0.00145100057 0.0386013836 0.0225136206 -0.00140847266 0.0500674248 -0.0327291451 0.031918332 -0.00814479589
-0.0413861498 0.0323727429 0.00226132572 0.00760369003 0.0577345341 -0.0640719086 0.0672661662 0.0629299432
-0.0431409813 0.0485850424 -0.0762718543 0.0815738291 0.0293923318 0.0219656676 0.065688476 0.00408479571
-0.047564853 0.0654218346 -0.00300692767 -0.0471941642 -0.0668778121 -0.00150646269 -0.025980331 -0.0699812919
-0.0327413119 0.0571768135 0.0309479162 0.0150068179 -0.0404188447 0.0851577669 -0.0192740113 0.0710582584
-0.0819932073 0.047217384 -0.0338028558 0.0870035142 0.06841515 -0.00576604903 -0.0828473195 -0.0857958645
-0.0651851371 0.0768525004 0.0594845712 -0.0109977573 -0.0823175684 0.0180441365 0.0458317697 0.0825242549
-0.0371560603 -0.0783198178 0.0259605795 0.0071606189 0.0319303125 -0.0539972 0.0489767045 0.000491067767
-0.0583117902 -0.0872095078 -0.0557994954 -0.0098849237 -0.0140489265 0.000141061842 -0.0324868076 0.00154248625
0.0369828343 0.00967172533 -0.0347706415 -0.0554045066 -0.014637284 0.0651918948 -0.0658092201 0.0574922115
0.0295150504 -0.0289815702 0.0464546382 0.0448776335 0.0849272311 -0.07557863 0.0121843368 -0.0649340749
0.0718175173 -0.00782053173 -0.0415141247 0.00528398901 -0.0224052146 0.0115280822 0.0693246126 0.0287904292
-0.0727454647 -0.00893180072 0.00702171773 0.0320264772 0.0532125682 -0.0479875505 0.00485749543 0.0490601957
0.0872959048 -0.0188083947 -0.0104109049 -0.0783133283 -0.00130460411 0.0796160102 0.0239526555 -0.051463265
-0.0853899196 0.00687069446 0.0581732392 0.0552213043 0.0111336634 -0.0764796212 0.0762130469 -0.0543822385
-0.00711321086 -0.0473642275 -0.0571681187 0.076708734 0.0628905445 -0.0634850636 -0.0551283434 0.0656179637
0.00238170475 -0.0732031614 0.0853138268 0.0871150941 -0.0874824822 0.0364731923 0.00413991511 0.078456834
-0.00164115429 0.0425407439 0.0495593101 -0.0211616978 0.066566065 -0.0731955469 0.0735617876 -0.00338374078
0.0566375852 -0.0239888579 -0.0466974825 0.0188357085 -0.0706444085 -0.0518599637 -0.0718419701 0.0470876843
-0.000929914415 0.0866321623 -0.00932197273 0.0848656595 -0.083515577 0.0383729786 0.0565613061 -0.00489269942
-0.0689119622 -0.0298024043 0.0580006093 -0.0360178463 -0.0835587233 0.0123755485 0.0160372481 0.0285659134
0.077284649 -0.0516423322 0.0196817964 0.0862923265 -0.0260554478 0.027701661 -0.0751422346 0.017044507
0.0838682055 0.0378895402 0.0207012743 0.0342796892 0.0640911609 -0.067268081 0.0588025898 -0.0854756087
-0.0557233803 -0.0036733821 0.0158549547 -0.0156642869 0.0461148769 0.0841676742 -0.0568130463 0.0343354419
0.0295765176 0.0214158222 -0.00980487466 0.0290777758 -0.0602465868 0.0482773632 0.0816527456 0.0024291575
0.0494176596 0.0585508496 0.0338599533 -0.0714263543 0.0699166358 0.0363014117 0.000269450247 0.0693168342
-0.0495983735 -0.0717074573 -0.0147199705 0.0708756 -0.0200587213 -0.0200598016 0.0460453629 0.0637871772
-0.0526476316 0.0518618375 -0.0156575069 -0.037348859 0.0545532107 0.0850561857 -0.0443009362 -0.058787629
0.000779248774 -0.0604526997 -0.018400833 0.0276798829 0.0415182859 -0.0529763699 0.0657677352 -0.00617624819
-0.0314463191 0.0796104223 -0.0594663583 -0.0495328382 0.00536417216 0.0163677037 0.011922121 -0.0275761634
0.0502482951 -0.00443488359 -0.0517248511 -0.00558210164 -0.0595838726 -0.0694073588 -0.0467437692 -0.0683891252
0.0810613483 0.0761197954 0.0394953042 -0.0114485994 0.0206014365 -0.0198674202 0.0660868734 -0.0864808932
0.0115119144 -0.0316946283 -0.0343623012 0.0503288954 -0.083227165 -0.039257329 0.072756201 -0.071743384
-0.016067408 -0.0591865405 0.00533276796 -0.00593007356 0.0347076207 0.028597869 0.0714306533 -0.00182658434
-0.0624198765 -0.0485832505 0.0392906368 0.00268348306 0.0701090246 -0.0408225879 0.0557054728 0.0757113099
0.0327667743 -0.0678931028 0.0461000204 -0.0582164787 0.0769204497 -0.0784527659 0.0538906902 -0.0543470979
-0.00255610049 -0.0778008625 0.0288531408 -0.0375006907 0.0359301195 -0.00278513134 -0.0503100082 -0.0687820613
-0.0737247169 0.0644802451 0.0879081488 -0.00221765786 0.073208943 -0.0341494568 -0.000615075231 0.0121527538
0.00222101808 -0.000456631184 0.0212755054 -0.0129199028 0.0591678917 -0.0198813602 0.00678937137 -0.000204049051
-0.0139355063 0.0535218716 0.0353317112 -0.04041427 0.0733089 0.0149376094 0.0393704772 0.0652255118
0.0329792723 0.0319607705 -0.053136304 -0.0852677375 -0.055838529 -0.0244521946 -0.0833581015 0.0293750465
-0.0615696535 -0.075498201 -0.0571786985 0.00910267234 0.0655963868 0.0160406753 0.0143040121 0.0655414462
-0.00249779969 0.0259670094 -0.00770608336 0.0789281875 -0.0186258256 -0.0421786122 0.0118582845 0.0555491
0.053637296 -0.0765884519 0.0813357085 -0.0573982894 0.0483792871 0.0655423701 -0.0804441348 -0.0468165129
0.0231555551 0.0228022262 0.087209329 -0.0514343381 -0.0286867023 0.0611120611 0.064178586 0.00818210095
-0.0698285624 -0.000610999763 0.0226125568 -0.0595549941 -0.0630108267 0.0189782828 -0.00844402611 -0.0394176617
0.0490655303 -0.0243463442 0.0734741241 -0.0718873516 -0.0179017186 -0.0754660517 -0.0326210298 -0.0721366704
-0.0418859161 -0.0237785205 -0.0534477569 -0.0570172295 0.0611419231 0.0160978064 0.0440809131 -0.0387581401
0.0106804669 0.00465190411 0.00124359131 0.00597742945 -0.0296938978 0.0316480398 0.0758300722 0.02280505
-0.00514461845 0.0301162153 -0.0162733793 -0.0752938986 0.0763352662 0.0288043618 0.0643411428 0.00215984881
0.0461439788 0.0521791428 0.00687289983 0.0698570609 -0.0333161317 0.0258019865 -0.0114313066 -0.0807673261
-0.0768039674 -0.0355015062 -0.0705331415 0.0687927157 0.0751169324 -0.0843536034 0.032897301 0.00280673057
0.0658067763 0.0316940397 -0.0568888783 -0.0873311758 0.0525697619 -0.018903248 0.0530299097 -0.0795316473
0.0291902721 -0.0567719229 -0.0113697127 0.0129834563 0.0583388656 0.0193178505 -0.0787497833 -0.0624876469
-0.0101446956 0.00175975263 0.047521621 0.0217236057 -0.00630515814 0.0759117752 -0.0811466053 -0.0602434874
-0.087410517 -0.0823462829 0.0216941833 0.0238076299 0.0671108216 0.0847349763 0.026005961 -0.0408557877
0.06565696 0.0339172557 -0.0427233018 0.0742031783 0.0745386481 0.0492151976 -0.0666155219 0.0492951274
0.0649603605 0.0522797257 -0.0186573192 0.0365702733 -0.0877453536 -0.0530096516 -0.0218219161 0.0612886399
0.0151316598 -0.0513994694 -0.0582614839 -0.0177335441 0.0680797845 -0.0833102316 0.0529664308 -0.0816145614
0.0357746556 -0.0829310566 0.015987277 -0.0364680514 0.0433928668 -0.0822483823 0.045192346 -0.0113705099
-0.0314213485 -0.0244726688 -0.0339082628 0.0708903372 0.0522033274 0.0856865793 -0.0337717049 -0.00910720229
0.00847409666 -0.0102551654 0.0603974164 -0.0224223435 0.0633334666 0.0103884116 -0.0195393264 -0.0697344989
-0.0776790902 0.0204187334 0.0168238953 0.0759971142 -0.0532318912 0.0871947706 -0.0866932422 -0.001323089
-0.0343284309 -0.0848858804 0.0846647769 -0.086779207 -0.060031727 0.0186905414 0.0427410305 -0.0563640445
0.0768610537 0.0575207621 -0.0699087903 0.0206509456 -0.0597125888 -0.0421854034 0.0812200457 0.0342866555
0.045431599 0.0383928269 0.0211463571 0.0331398696 0.0255357623 -0.0355753005 -0.0274486504 -0.00587795675
-0.0244120508 -0.0501982383 -0.0126248822 -0.0581697375 -0.0666742772 -0.0315454006 0.0468716621 -0.0610485971
0.0540644526 -0.0681057721 0.0853623897 0.0384091139 0.0476411432 0.0835590512 0.0733939707 -0.0568732917
-0.0876703486 -0.0879156962 -0.0275201574 -0.06365899 -0.00987607986 0.0577312857 -0.0446552932 -0.0485559404
0.0823035538 -0.0249650404 -0.0024971813 -0.0586215332 0.0195809528 0.0522170365 0.0827984661 0.00771909952
0.0100859627 0.0139342993 0.0637337118 -0.0489914939 -0.0564524829 0.0579546541 0.0786705911 -0.0554668419
0.075215891 -0.0491970219 0.0377717912 -0.0545154288 -0.00277390331 -0.0460858718 0.0127452537 0.0838873237
0.000336319208 -0.0767253786 -0.0845259354 -0.0837620422 0.047102347 -0.0555637926 -0.0605113097 0.0183928832
0.0857940614 0.0767021775 0.0585890412 0.0389456302 -0.0757093951 0.0648413301 0.00229876488 -0.0293447562
0.0108353198 0.0217061266 -0.0313245133 -0.0307972804 -0.0422161967 0.0392772555 0.0789489001 0.0237361714
0.0290077552 -0.0290204361 0.0521468669 -0.0871421993 0.0363858715 -0.0202589035 -0.00901316851 -0.0838438347
0.0761190653 -0.0661655366 0.0298074037 0.0522031933 0.0497083217 -0.0592309274 0.015285328 0.0453180224
0.0501076132 -0.0296792276 -0.0361574814 -0.0167077929 -0.0204516202 -0.0831162259 0.0193745419 0.0742364824
-0.00473937392 -0.039670486 -0.0589338131 -0.03198535 0.0347197577 0.0830346644 0.0819195211 -0.0858728737
0.0756462812 0.0492593944 0.0400770754 -0.0859853029 -0.000203810632 0.0169859529 0.0126302391 -0.005243361
0.0810474902 0.00503923744 -0.0286749043 -0.0581452549 -0.040241845 -0.0817986578 0.0707856566 -0.0658183992
0.0492222905 -0.0180033892 -0.0325471796 0.0741048902 0.0504515171 -0.0637565553 -0.0374507308 -0.0655010715
-0.0456189662 0.0631587654 0.0553265661 0.00769626349 -0.0524937324 -0.0534291491 -0.0237754881 0.0421621352
-0.0202797577 -0.0141533688 -0.00656976551 0.0281893089 0.0489206165 -0.0230838284 -0.0163522363 0.0406060666
0.0543884039 -0.0777748302 0.0213973597 0.0299282521 0.0430893153 0.0119014084 -0.0339188948 0.00784994662
0.045121178 -0.068396084 -0.0172577724 0.0524013191 0.0126471967 -0.0529705435 0.0382135361 0.0610496849
-0.0750246271 -0.0422889777 0.0810584277 -0.0590771325 -0.0822938383 -0.00307686627 -0.0758639276 0.059311375
0.0767230392 -0.0871734321 -0.0824311525 0.0182145387 -0.0789582133 0.0450917482 0.0698732585 -0.0476003289
0.0219306126 0.00629393756 -0.0431237705 0.083458215 -0.00322787464 0.0681502372 -0.027352225 -0.0304819755
0.00250119716 -0.0607850403 -0.046640899 0.0867279172 0.0478167832 -0.0418522656 0.0373915136 0.0295016915
0.0322969407 0.0223299339 -0.0671164915 -0.0609928779 -0.0711877942 -0.0579389706 0.0213330463 -0.000198818743
-0.0419820808 -0.0639528185 -0.0348738022 0.00102523714 -0.0575848594 0.0214053541 -0.0211672708 0.0358972698
-0.0536832623 -0.00116594881 -0.039834138 -0.0504504107 -0.0686054975 -0.0843324959 -0.030310411 0.0722796917
-0.0429599285 0.0647510588 -0.0850972757 -0.0731901824 -0.0675222054 0.0368987247 -0.0378810279 0.0163435787
-0.00263196975 0.0251137763 0.0770886093 -0.0804301202 0.0616001487 0.000646859407 0.0237996206 0.0852604359
-0.0115538836 0.0631870031 -0.0747436285 -0.0845010355 -0.0297901034 -0.0048096627 -0.0532794036 0.00645782053
-0.0565541759 -0.0807808563 -0.0430377685 0.0333818272 0.0401655138 -0.0663409755 -0.0458733514 -0.018437095
-0.0564375669 0.0389874876 -0.0248878226 0.0706758499 0.0575552881 -0.0557741374 0.0668772757 0.0217021704
0.0459643006 0.00642883778 0.0526642799 -0.079636924 -0.0291738212 0.0311661735 0.0247448087 -0.00163415074
0.0585130304 -0.0859135538 0.0625415593 0.0286293924 0.0752848983 -0.00266519934 0.00236459821 0.0746417344
0.0134519562 0.0864436328 -0.000782713294 -0.00458699465 0.00179341435 0.0535556376 0.00120852888 -0.0515072718
-0.0573698133 -0.00717972219 0.0227594227 0.0818516761 0.0169784427 0.082490921 -0.0189222544 0.0037080273
-0.0755506456 0.0603603125 -0.0704862997 -0.00768046081 -0.0252986103 0.0550380945 -0.0555752106 -0.0413494781
-0.045615986 -0.0433068387 -0.0475896783 -0.0750158653 -0.0567868352 -0.0342793539 -0.0345330574 0.0746878982
0.0638874322 -0.0205722675 -0.0670225844 0.0339124277 0.0399782658 -0.0436025858 -0.010141246 -0.0564110242
0.0871653259 0.0259443894 -0.0578422919 -0.0649774224 0.0480797142 -0.0808931217 0.0407015979 -5.21242619e-05
-0.0492243767 -0.0489953347 -0.0472034626 -0.0387849882 -0.0395591371 -0.0530334339 0.0701265335 0.0509495437
0.0671839714 -0.0796816573 -0.0694248974 0.0119237006 -0.00547350198 -0.0123538077 0.0743286759 0.00058632344
0.00846432894 0.0633051991 -0.078298375 0.0418830216 0.064458251 0.0442516357 0.036682032 -0.00802257657
0.0413045585 0.00818409771 0.0339726433 -0.0404805392 0.0737992972 -0.0439952239 0.0853444487 -0.0676737353
0.0595270842 -0.0415723324 0.00528226048 -0.0715686381 -0.0466677882 -0.0512624793 0.0598741919 -0.0235506296
0.0215808377 0.0473716408 -0.0115476474 0.00998558849 -0.0286585204 -0.0625078306 0.0824965984 -0.0542836189
0.0554418117 0.0776120126 0.0182133913 -0.00190512091 0.0526808202 -0.0149181858 -0.065566726 0.0399896652
-0.0200620368 -0.0564412624 -0.0460083373 0.0145776197 0.0558655709 -0.0418867581 0.00243807584 -0.06999138
-0.0438336954 -0.0511597469 0.0716418177 -0.0491089225 0.0627118051 -0.0328522101 -0.0230963677 0.0867545754
-0.0017247647 0.0601822436 0.0598816127 -0.0608226061 -0.0833955556 0.0873936415 -0.0824199244 -0.0176188126
0.0706553608 -0.0344842412 -0.0757267177 0.0155799314 0.0205722451 0.0628970712 -0.0252871066 0.0297912583
-0.0357654095 -0.0274650864 -0.00174625963 0.0258270949 0.00625941902 0.050828442 -0.0338368826 0.0538974553
-0.0848923028 0.0852276534 0.0695494562 -0.0210240781 0.040897578 -0.0145454034 -0.0265979022 -0.0866297781
0.0753500313 0.00770428032 0.0384968221 -0.00248519331 -0.0786446407 -0.00993763655 0.0461088866 0.0445011705
0.0739807039 -0.0259482637 0.0712635815 -0.0189545825 -0.00613474846 0.0129790306 -0.081046693 0.0800254345
0.0468111336 -0.0878270268 0.00936277956 0.0765661746 0.0235231593 -0.00868631899 0.0473379791 0.0190953538
-0.0249805972 0.0119183809 -0.0411623679 0.0857424885 0.0127788708 -0.0199241936 -0.00832063705 -0.000650510192
0.066043511 -0.0442616604 0.0322070122 -0.0688743368 -0.0721478611 0.029711552 -0.0560473949 0.0698499233
-0.0392001793 0.0864424706 0.0664419979 0.0237585604 -0.0190758854 0.0655194521 -0.0877090991 0.0681739599
-0.0112416446 -0.0806691721 -0.0835882947 0.073677361 0.0554731786 0.0238904506 -0.0265306234 0.0280559883
-0.0735392123 -0.0759480372 -0.00663100928 -0.0505898148 0.000988014042 -0.0752032697 0.0295708776 0.0755918473
-0.0362131186 -0.021345228 -0.00535792112 0.0732799321 -0.0749209523 0.0334130302 0.0307762325 0.00888412446
-0.0390915796 0.00992857665 0.0505278409 0.0205726773 -0.0602901839 -0.0371800847 0.0243643448 0.014516145
-0.0864928886 0.0711227953 -0.00612296164 0.0280501619 -0.00586088002 0.0146613941 -0.0612838008 -0.0521519892
-0.0695521459 0.0364734381 0.0144460276 0.072698161 -0.0127669647 0.0806839019 -0.0484043919 -0.0216002464
0.00853987783 0.0051318258 -0.0804933682 -0.0347359106 -0.0709445328 0.0580275953 -0.0741180107 -0.0421108082
0.0748314112 0.0756317228 0.0592895448 0.0554146916 -0.0615562275 -0.0309227258 -0.011379756 0.024282895
0.0821247548 -0.0869557709 0.00650412589 0.0491191447 -0.0400795378 0.0126016811 0.0291415229 -0.00150600076
0.0297511145 0.0676116049 0.0255873129 -0.0490601882 0.04286623 0.0235566646 -0.0734947845 0.024785921
0.0102611929 0.0368991792 -0.0521824583 0.0387322605 -0.013977848 -0.0256547295 0.0785131156 0.0451148003
0.015473403 0.0239948481 -0.0515604876 0.0771298707 0.0859849006 -0.0352188833 -0.0791789666 -0.0381085649
0.0116029233 0.0527174473 -0.0808610469 0.0510100424 0.0562124401 0.0756653398 -0.0758037195 -0.000921145082
-0.0724160224 0.0270126611 0.0206876174 0.0321126953 -0.00415394455 -0.00905181468 -0.0202930868 0.0421512872
0.0721195042 0.00152094662 -0.0744628832 -0.0762471035 0.0812734514 -0.0693723932 -0.0736963525 -0.079012394
0.075855881 0.0478690714 0.0132787228 0.0239034444 -0.015099287 0.067222923 -0.00265327096 0.0308904797
-0.0311397351 0.0520387888 0.00954474509 0.0701847076 0.0118267536 -0.0282494575 0.0830403566 -0.0620544329
0.0590042174 -0.0533207692 -0.0828137696 -0.00593713671 -0.0655979663 -0.0373517126 -0.0452462062 0.0534429103
0.0494732261 -0.041050788 -0.0262687542 0.0278089568 -0.0475626588 -0.0114355162 -0.0667217523 -0.0771275461
0.0811056197 -0.0762258321 0.0189776495 0.068542853 0.041921109 0.00827920437 0.0267986059 0.0675831437
0.025562942 -0.0205997601 0.0328442603 0.0228197202 -0.00845462084 -0.0831950977 -0.0400619172 -0.00615172088
0.067468524 0.0264264718 0.0843052268 0.0214656666 0.013895683 0.0329125822 -0.0744600892 0.00938989222
0.0712907612 0.00426509976 0.0606982261 -0.0839384124 -0.0309750251 -0.073872 0.0544739366 -0.0295451842
-0.0840826482 -0.0173545554 0.0767754614 -0.0862485766 -0.0172181353 -0.0620573498 0.0639331639 -0.00180049241
0.00857612491 0.0678046942 -0.0604226738 -0.0449133962 -0.0849882364 0.0293589905 0.0804965645 -0.0109969676
0.0239935741 0.0794337392 -0.00585629791 -0.0212037265 0.00605152547 0.0865440518 -0.0519241355 -0.0152726099
0.0536754727 0.00269727409 -0.0583783649 -0.0104932413 -0.0372315161 -0.0276190266 0.00339926034 -0.0437171496
0.0846249908 0.0616817176 -0.0794272721 -0.039247863 0.0581168085 0.0476423502 0.052937448 0.0169566572
-0.0413887724 -0.0722900331 -0.0493087731 -0.0381709933 -0.0226230398 0.058293581 -0.0530651547 -0.0620153472
-0.0440960266 0.0396917015 -0.0504080392 -0.0142457783 -0.0548861213 0.0486473888 0.00136224926 0.0267186686
-0.0766103715 0.000820666552 -0.0226582736 0.021177642 0.0195441842 -0.0448195226 -0.0172642767 -0.0748643577
0.0108865201 -0.00489684194 -0.0253181532 -0.0784152746 -0.0209427625 0.0551338494 -0.0837975293 -0.0723722801
0.03167779 -0.0805871561 0.0594215989 -0.0874858424 0.087849915 -0.0564267449 -0.0745705366 0.0352007076
0.0358105227 -0.0496816263 -0.0785164535 -0.0312468559 -0.0105872303 -0.08380685 -0.00266097486 -0.0690589771
0.0584938079 0.0382965207 0.0864189863 -0.00619456172 0.0531981289 -0.0873867124 0.060679704 0.0381699055
-0.0418875329 -0.0764871463 0.0445964634 -0.0358486101 -0.0592854768 -0.0547734685 0.0236559734 0.0493821949
0.0518212467 0.0509951562 0.0126665756 0.0533213913 -0.0128415152 -0.0393654257 0.000790819526 -0.0677856728
-0.0162643343 0.0233940631 -0.0736417249 0.0242442712 0.0519749969 -0.044867605 -0.0377925038 0.0873270035
-0.0233802721 -0.0331818201 0.0604911 0.0518452227 -0.0403280035 0.0375579596 -0.0382535122 0.0775563866
0.0476849824 0.009194538 0.0467627496 0.0678515136 0.0655045211 0.00422660261 -0.0828428119 0.0743628442
-0.0033325702 0.081614092 -0.0828842968 0.038734287 0.0224894211 -0.0534079261 -0.0718771592 -0.0796061158
0.0681608468 -0.0210391507 -0.0123103485 0.0718984008 -0.0287056044 -0.0822791532 -0.0280648246 0.0048410967
0.0706390142 0.00554532558 0.0320079476 0.06958507 -0.0409416221 0.0864957273 -0.0410472713 -0.0100627989
-0.0663959533 0.00819183886 -0.0853064731 -0.0778003186 -0.0421179272 -0.0844566748 0.0652451813 0.0810924768
-0.0257242024 0.0325973481 -0.0396262556 0.0547063351 0.0418631136 0.0588515848 0.011987552 -0.0740460157
-0.0695523918 0.00251756608 0.0686571002 -0.0196882263 0.00485942513 -0.0222836882 0.0158395469 0.00072453171
0.0554041564 0.000375404954 0.0559337586 -0.0632957816 0.0288233459 0.00204373151 -0.021089457 0.0254463851
-0.0263394862 -0.00823389739 0.0810678601 0.050611347 0.0219682083 0.0111998171 0.0573906302 0.0369676948
0.0201797038 -0.0829988196 -0.0106628984 -0.072179094 -0.0454646684 -0.011697866 -0.0779958516 0.00857532769
-0.0219026506 -0.00842028856 0.00777094066 -0.0226675197 0.0817874819 -0.0121274889 0.0750618428 -0.0459040739
-0.0514644384 0.0371694714 -0.0178906024 0.0630816817 -0.0822630525 0.0698387772 0.0598967373 0.0713835955
0.0605986267 0.0457477421 0.0583460331 -0.0272490717 -0.0181774646 0.0309750885 -0.0811918229 -0.0339019038
-0.0444815978 -0.0860503986 -0.0803651586 -0.0217319876 0.0720082819 -0.0680453777 -0.0219091922 -0.0238937363
-0.00374381989 0.00892825425 0.0843493193 -0.0311952494 -0.0655493215 -0.0650666952 -0.0466384329 0.0811328292
-0.00926741958 -0.0538966507 -0.0472683683 -0.0622543767 0.0521979034 0.0582418889 -0.0727916881 -0.0566265211
0.0715754032 0.0342445299 0.0746655464 0.00428689271 0.0879093558 0.0787952989 0.000611104071 0.00397804379
0.0781342238 -0.0651784018 -0.0644291639 -0.0499828123 0.0808967352 -0.0636000037 0.0240314305 -0.00991667807
-0.0601776391 -0.0775964856 0.0362374485 -0.0749285966 -0.084048301 -0.0651991963 0.0567250997 -0.0340284295
0.013141565 -0.0688346177 0.044481501 -0.0569694638 -0.0339942761 0.0724607706 -0.034377005 0.0298864618
-0.0773979574 -0.0444130301 -0.0322970226 -0.0572896041 0.0179863796 -0.0285379663 0.0274317339 -0.0373167731
0.0413621664 -0.0368269123 -0.0675340146 -0.0442526639 -0.0147235692 -0.0323981382 -0.0512681492 0.0637863129
0.0590300858 0.0347386524 -0.00829979032 -0.00532962382 0.0439380258 0.0241614431 -0.0592734441 0.0490748882
0.0251626372 -0.0716575161 0.0237443596 -0.0174929947 0.0396383405 0.0103641674 -0.0471677557 -0.0642546564
-0.0405128151 -0.0156587809 -0.0447048768 -0.0492659509 -0.0212624371 0.0317569822 0.00361476839 -0.0419965833
-0.0374600105 0.0716877431 -0.0339257717 -0.0108685642 0.0316429809 0.0116729513 -0.0363816172 0.0537711084
0.0860972255 0.0536994189 -0.0576901436 -0.0315022729 -0.0567990541 0.0771437436 -0.0192784816 -0.07315135
-0.0815441981 0.0369905233 -0.0273119956 0.0799599886 0.0681219399 0.0570296347 0.0756762326 0.0101571679
-0.0231968462 -0.0541605242 0.0241274238 0.00792941451 0.0269828364 -0.0295032524 -0.079484418 0.0813113302
-0.032650657 -0.0637861416 0.081776306 0.0250409022 -0.0703957528 0.0718180388 0.0650987327 -0.0466381609
-0.00492466986 0.00493237376 0.0720545799 -0.0547951236 -0.0156433806 -0.014548935 0.0797737092 -0.0870754868
0.00393906981 0.0700451583 0.0679273009 0.0628157705 0.0196390003 -0.065174073 -0.0640693158 -0.00806012005
-0.0515151545 0.0416972786 0.0645538121 0.00868888944 0.067710489 -0.0309612118 0.0824393928 0.00396063179
0.0843069106 -0.0431981832 0.0622162521 -0.0475574136 -0.0694711581 -0.0842904598 -0.00801986456 -0.00148707628
-0.0335037261 0.0825900882 0.0545271486 -0.0446591899 -0.0135698244 0.0562686622 -0.0337653533 0.0678593963
0.0458727181 0.0873272866 -0.0627369285 -0.00696788728 -0.0857889354 -0.0836409703 0.0453394353 -0.0131410062
0.043885842 -0.0516540669 0.0766041577 -0.0740179047 -0.0589120872 -0.0780160278 -0.0433576666 -0.0618446954
0.0847188979 -0.0664886087 0.0159465224 -0.032621216 0.0142164677 0.0554253608 0.0096263662 -0.0683273524
0.0117922723 -0.0309898444 -0.0506945103 0.0674718618 -0.0347776078 -0.0252685398 -0.0648291185 0.0637277514
0.0497030318 0.0314395875 -0.00185625255 -0.0486303233 -0.0258165449 0.029137142 0.0565259457 0.0639430285
0.0158553943 -0.0464202352 -0.0578226969 -0.00264651328 0.0543193817 0.0185839906 0.0273747817 -0.0133247226
0.0275612473 0.0613289028 -0.0839877352 0.00528132915 -0.0714336336 -0.0307557359 -0.0715259835 -0.0584718287
-0.0574749932 -0.0320731066 0.0113439336 -0.0784960389 0.0158948153 -0.0100955591 -0.0423798896 0.0338917449
0.0433068871 -0.017950505 0.0711838454 -0.0343991332 0.0751160979 -0.0408009775 -0.0480577275 0.0252450258
0.0211765096 -0.00212933123 0.0562577248 -0.0335374698 0.0877609849 0.0590783954 0.055060178 0.0412005484
-0.0801619738 0.0551895797 -0.0429638959 0.066137597 -0.029878404 -0.0724614412 -0.0848882794 -0.0789135844
0.0690053701 -0.085418433 -0.0853479654 0.0694431514 -0.0306197628 -0.0854222849 0.0785549432 -0.0486776717
0.0139223039 0.0162167549 0.0283288062 -0.0348916873 -0.0812283903 0.0865620226 -0.0255476311 -0.0774684176
0.0648078918 0.0592412949 -0.0141151622 -0.0603565052 -0.0375677682 -0.0489791743 -0.0805184245 -0.0140434429
-0.0166722238 0.072421059 0.00337330252 -0.00643584132 0.0606593788 -0.0750985295 -0.0668561459 0.0274285302
0.0369866192 0.0579118133 -0.0552061051 -0.0763835385 -0.0421253368 -0.0220288858 -0.0784173906 -0.0719331503
-0.0844570175 -0.0870659351 -0.0690989271 0.0488102436 0.0734874308 0.0123820752 0.0556232035 -0.0320137627
-0.0344110243 0.0661079139 -0.0414360054 -0.0725964084 -0.0259646177 0.0359959602 -0.0260897055 0.0580919087
0.0121058226 0.0672622174 0.0453202873 0.0262299702 0.0862403363 -0.0561318994 -0.0227905437 -0.065539211
0.0624817312 -0.00795781612 -0.030488085 -0.0872582942 0.0502358824 -0.0794169828 -0.0221411586 0.0752921253
0.0579311699 0.0101642385 0.0143288225 -0.000648006797 -0.0669652671 -0.0283661485 -0.0835210904 -0.0264445283
0.0443276614 -0.0764863864 0.0517372191 0.0246266648 -0.0160394832 -0.0137338638 -0.0406947285 0.0449040979
0.0673703998 0.0144161582 0.0189768746 0.0395998955 0.000899039209 -0.0604861937 0.0658337921 0.064527303
-0.0781365782 -0.0290055647 0.0283675566 -0.0633385107 -0.0374434367 0.018810831 -0.0545897633 -0.0100614578
-0.069328472 -0.0290636271 -0.0125942081 -0.0203254819 -0.0191366747 0.076710552 0.0305011496 -0.0850582942
0.0157603249 -0.085298121 0.0412557721 0.0114083067 0.00906932354 -0.062510781 0.086252898 -0.0830509588
0.0760935396 -0.00958826393 0.0863640308 -0.034252055 -0.00882486254 0.0321431756 0.0341352224 -0.00910310447
0.0430636257 -0.0438547693 0.000910773873 -0.0875184834 -0.0787293911 0.0716558099 0.00569318235 0.0868051946
-0.0517436825 -0.00668390095 0.0363682359 -0.071360305 0.0615191907 0.0843432397 0.07310763 0.0417210907
-0.0655212253 0.0668592006 0.0197511613 0.0513209403 -0.044370532 0.00938814878 -0.0356920771 -0.0285505615
0.0234856606 -0.0353707671 0.0248171687 0.083865881 0.0795980394 0.0568313599 -0.025440298 -0.0724194646
-0.0158612952 0.0876975209 0.074812755 0.0777076334 -0.0107016861 -0.0429908596 0.0459840149 0.0640127659
0.00103003532 0.0505734831 0.0495901555 0.00721804798 -0.0831105113 0.0653686225 -0.0560646392 0.0171307474
-0.0477633923 -0.0438237861 -0.0553074218 0.0682723373 -0.0780763328 -0.085800007 -0.0747870579 0.0174709409
0.0835035443 -0.0362527817 0.078395769 -0.0163640529 -0.0783446357 -0.0569414496 -0.00178027898 -0.0401501134
0.0877943933 0.0118464455 -0.0251543671 -0.0774731338 -0.0366110764 0.00172933191 0.0866606981 0.0391541421
0.0268085077 -0.030306831 -0.0623148642 0.0544106811 -0.0812430158 0.0541808754 0.00694223493 -0.0657068118
-0.0543919802 -0.0816956684 0.0827274323 0.0317442641 0.0340646952 0.0471979678 -0.0796692669 -0.0207829848
0.0791722536 0.0641852766 0.0640401691 -0.0172100961 0.0822343826 0.0841617137 0.0537294149 0.0704502314
-0.0142283663 -0.0555870719 0.0190299302 0.00908584893 -0.05107769 -0.00845633447 0.0496508181 -0.0661816597
0.0511526614 -0.0666928366 -0.0289968736 0.0555908233 -0.0177086145 -0.0252080932 0.0318269283 0.0290485844
0.0497271717 -0.00664120167 -0.0152441934 -0.0289714299 0.0159786791 -0.0194538608 -0.00903955102 0.0592993498
0.0503985435 0.0224893168 0.0331832245 -0.0210123286 -0.0381913781 -0.081590265 0.0612189919 -0.0122042447
-0.00191193819 0.0760808289 0.0362965614 -0.0647780076 0.019842267 0.0572396517 -0.0486279838 0.0384281874
-0.012364611 0.00531829894 0.0731670856 0.00759635121 -0.0652542636 0.0486707091 -0.0325460993 -0.0673163235
-0.0552168638 0.0642112046 0.00267804414 0.0546341091 -0.0423163287 0.0810875744 0.0770461261 0.0395655632
0.0607679039 -0.0657332093 0.0611848831 0.0791494548 0.00532791764 -0.0530199073 -0.0620243698 -0.0590451434
-0.0276642628 0.074943617 0.0688811094 -0.0373454466 0.0288504884 0.0717315674 -0.0254365653 -0.00181983411
-0.045313213 -0.0245178491 -0.0642032474 0.0809206516 -0.00715905428 0.0261736289 0.0771396756 0.0686572194
-0.0833577514 -0.0112713352 -0.0278359242 0.0273152813 0.029959403 0.00325026363 -0.0699462816 -0.058838971
-0.0622265525 -0.0877109244 -0.0505256951 0.0317897424 -0.00279905647 -0.0327080488 -0.0559891462 -0.0475040525
-0.0364377275 0.0515189767 -0.0281249247 -0.0572888479 -0.0184027255 -0.0822369158 0.0692740828 0.0637472272
-0.00757979602 -0.0410554484 -0.0199568644 -0.0217680186 0.0574856102 -0.0332491174 -0.0194617957 -0.0490599051
-0.0165691376 0.0196252316 -0.0743739456 0.0658205599 0.0552284569 -0.0853588879 -0.0532105081 0.0138943493
0.021966368 0.0126177892 -0.0830073953 -0.0577564463 -0.0375947021 -0.0236830711 -0.0572371557 0.0513202697
0.0177558362 0.058990255 0.0675316751 0.010484308 0.0381630212 -0.030540552 -0.0813390017 -0.00660724938
0.0288519263 -0.0268937461 -0.0293193683 0.0684055239 0.0446268469 -0.0623574853 0.0251207575 0.0802371651
-0.0548334941 -0.0856869891 -0.0157987699 0.0466485471 0.0100171342 0.0683241785 -0.0793024525 -0.0521961004
-0.0361125395 0.0398961604 0.0836789906 -0.0130266771 0.0332957059 -0.0785022825 0.0516343415 -0.0626692027
-0.0206337869 0.0833713114 0.0373717248 0.0264643431 -0.0336302519 -0.0201930329 0.041894123 -0.0205162838
-0.0495315343 -0.0499189235 -0.0215390697 0.0492080301 -0.080136314 0.087981388 0.0392938405 0.0129034445
-0.0342399217 0.0724862814 0.01742962 0.0202009082 0.00340596586 -0.0192582086 0.0847140253 -0.074599728
0.0647356361 -0.0777938217 -0.0639624223 -0.0237175822 -0.0112875104 0.0377489626 0.0672715902 0.00858269632
0.055561468 0.0588113815 0.0192687958 0.0415523648 0.0866059959 0.0147326738 -0.0849110037 0.00922458619
-0.0764709935 0.077282086 -0.0121180639 0.0777725428 -0.0230824724 -0.0775558576 -0.0471735597 -0.0664570481
-0.0756398439 0.056777373 0.00696920604 0.0434511155 0.0363441557 -0.060309194 0.047480166 -0.082298696
-0.0866267756 0.0410994738 0.00199636072 -0.00991221517 0.0053961426 0.0031516999 -0.0375260711 0.080119133
0.0729706287 -0.0212321058 -0.0189405084 -0.0110583976 -0.0565409288 -0.010715805 -0.0292946585 0.0123748779
0.0420360416 0.00605293363 0.0505550057 0.0453571528 -0.0667350814 0.019952558 -0.0271851532 -0.0525450781
0.0842408687 0.0612502396 -0.0206019059 -0.086577937 -0.0778299868 0.081291154 0.0369488969 -0.000981166959
-0.0185020491 0.0207168683 0.0432912856 0.0747701526 -0.0167473108 -0.0708699673 0.0501521677 0.0153377354
-0.0127895102 0.0164239332 0.0839662552 -0.0157020912 -0.0033814311 -0.0615339056 0.00488507748 -0.0558773316
-0.0582656935 -0.0467283614 0.0550186336 -0.0792586207 -0.0559980869 -0.0428299718 -0.00486081839 0.0282162055
0.0834296346 0.045745939 0.0617889911 0.045691058 -0.0598866642 0.00822322071 0.0694859922 0.0245323405
-0.0543906987 0.0458477736 -0.0325006209 -0.0311818682 0.0387260169 -0.0349836834 -0.0422724225 -0.0331409909
0.00718358159 0.0277202055 -0.0566434525 0.0804769248 -0.0468571037 0.0593385994 -0.00705640763 -0.00208872557
-0.0495522544 0.0561374575 -0.0315506682 0.0431002527 0.0413320661 -0.0749300867 0.0773884207 0.0782634318
-0.0699107051 -0.0450351164 -0.0128664374 0.0588161796 0.0210827738 0.0285453349 0.0266134366 -0.026663512
0.028353028 -0.0200304836 0.00302063674 0.0110714436 -0.0543410964 -0.0826336667 0.0088390708 0.0722835958
0.0795475245 -0.0154383257 0.0818329006 0.0745205879 0.0669747293 -0.00287842751 0.0294938311 0.0633863211
0.0730418712 0.0136196688 0.0102490857 -0.0636086613 0.0180908963 -0.0407622494 -0.0661442876 0.0498669297
-0.060999658 -0.0737952739 -0.0671115965 -0.0117509812 -0.0487394482 -0.0761666372 0.0587945282 -0.0161726326
0.0478723496 -0.0745593831 -0.0470851548 -0.062250115 -0.0685064271 -0.0193893909 0.0820292979 -0.0396777913
0.0296286643 -0.0255198777 -0.0239310786 0.0234752223 -0.0132817328 -0.0527900793 0.0253161639 -0.070430398
-0.0580164492 0.0505466759 -0.0816829205 -0.0589682311 0.083734557 -0.0341741219 0.044428885 0.0229973719
-0.00621032715 0.000336170197 -0.0353083611 -0.0763424933 0.0818279982 -0.0310947299 -0.0199966654 0.0766360313
0.0454875082 0.0745955706 0.0743304044 -0.0792917162 -0.0427717417 0.0258276388 -0.0226876289 -0.00799206644
0.0549164861 -0.0785925612 -0.0337713771 0.0771668553 0.0648701191 -0.0731023103 -0.0407617241 0.087610662
-0.0714471936 0.0678750426 -0.0332514793 -0.061795406 0.0326263607 0.0506244451 0.0737373531 0.0416527689
-0.0678807423 0.0472216457 -0.0209573507 0.0562011451 -0.0283910781 0.0706430972 0.0136120021 0.0850224942
0.0866136253 0.0390709937 0.0221140683 -0.0362099297 0.0863393545 0.00782557577 0.0330330282 0.00606502593
-0.0682112649 -0.0517971478 -0.0373513363 0.0750902742 0.0542432368 -0.0696481988 0.0142312124 0.0452506393
0.0669203252 0.087013483 -0.00822816789 -0.0407697633 -0.0624784939 -0.00449901074 0.0177600905 0.0645000935
-0.0350604095 -0.0382964388 0.0578115582 0.00450149924 -0.0713908374 -0.0598927066 -0.0481344201 -0.0140549764
-0.0616639704 -0.0238908678 0.0629120171 0.000455759466 0.00818716735 0.0540430248 -0.0563291349 0.0114470795
0.047397241 0.0501079708 -0.0739260539 -0.0831243768 0.0219906792 -0.0812535062 0.0544445664 0.0763603151
-0.0420140699 -0.0228123739 -0.0031953305 -0.0790811777 0.024044998 0.0824507773 -0.0531229749 0.078968063
-0.0532644913 0.0218233019 0.0687811524 -0.0246381909 -0.0446569324 -0.0711255893 -0.0210717022 -0.0272719413
0.0101108253 -0.0803683177 -0.087564677 0.0169069991 0.0283203349 -0.00689987093 -0.067038022 0.0190257654
-0.0384395607 0.0647464842 -0.0865647942 -0.053034801 0.0421265215 -0.0412627906 -0.0583076552 -0.0834493414
0.00571545213 0.00261035562 0.0160670355 0.0752035677 -0.0584161729 0.0175584406 0.0529960543 -0.0865863115
-0.033254113 -0.00694388151 0.0305243656 -0.0135479048 -0.00946444273 0.069086358 0.00864507258 0.0824481845
-0.0302545093 0.0137670264 -0.0383605808 -0.0582562573 0.0482501537 -0.00777114928 0.0583766252 0.0649297535
0.0803756714 0.00243473798 -0.0132343322 0.0245664939 -0.0826140195 -0.0535116643 0.040655002 0.0377846509
0.0877104104 -0.0510178767 0.00483227521 -0.037091542 -0.083124876 0.000238925219 -0.0743305236 9.57623124e-05
0.0879111588 -0.00818480551 0.0849856883 0.0685765445 -0.0424253792 -0.0151826143 -0.0402529389 -0.00966782868
0.0353689715 -0.0197741389 -0.0170747861 0.0876368731 -0.0142025724 0.0631409287 -0.0538024604 -0.0100077093
0.0298939794 0.0716770142 0.0113234073 -0.0705202967 0.080788672 -0.0281632543 -0.0604041293 0.0321908146
-0.035133332 0.0803313255 -0.0261859968 0.0576192141 -0.0749952719 0.0558291376 0.0262561366 -0.0557297319
0.0727532059 0.0227187499 0.084094733 -0.0293853842 0.0357054174 -0.00669655949 -0.045950707 0.0843176842
-0.00498003513 -0.0715916902 0.0493701547 0.0739606023 0.0571176559 -0.0807009935 -0.0417833924 -0.0322469808
0.0220578313 -0.0155332163 -0.0494573824 0.0152624324 -0.0335758626 -0.00208579749 -0.00971943885 -0.0580857545
0.0820085555 0.028023459 0.0634006262 0.0789371431 0.0831618458 -0.0115648434 -0.0252969414 -0.0349865705
-0.0802904814 0.064262405 0.0199032873 0.0865473896 0.0108942688 0.0624483973 -0.0318038687 0.0552390218
-0.0406547487 0.0386897177 -0.0176508874 -0.0385991707 -0.0731885508 -0.0204135105 0.0693261027 0.03161522
0.0323545486 0.0428924561 0.00147596747 -0.0315311141 -0.0221822932 0.0227949396 0.06477575 -0.0721336752
0.0699521005 -0.0145765692 -0.0288444422 0.0558333844 -0.0427927747 0.0458051115 -0.0145016611 -0.0871975794
-0.0867505819 0.0184172019 0.060353443 0.0633360296 -0.0618570894 0.0275957584 0.0547894686 0.0413237065
-0.0493101999 0.0274624825 0.0870930851 -0.0227776021 -0.0404500067 0.0318879709 0.0630971938 -0.0841860697
-0.0696095228 0.0340944454 -0.0343299322 -0.0015297085 0.0168499947 0.0710722059 0.0616697967 -0.0579195544
0.0680010617 0.0220635012 0.0703009665 0.0654750019 0.0673915446 0.0277301669 -0.0680561885 -0.0716172978
-0.0513669439 0.0063355118 0.0379659981 0.0333221555 0.0161513537 -0.0450244956 0.0441481322 -0.000405281782
0.0122169852 0.027791664 -0.0320627578 0.0704696178 0.0746795088 -0.00456682593 0.0426032245 -0.00383172929
-0.0726543963 0.0395459533 -0.0666848421 -0.0462820679 0.0812754035 -0.050221853 0.0262202844 -0.0295010395
0.0261151195 0.0873592496 0.0519733578 0.00222610682 -0.0584165305 -0.0023252517 0.0165438578 0.0565597117
0.0473950803 0.0142546371 0.0127385333 0.0462837219 0.0634350032 -0.0216673538 -0.0298221484 0.0372564048
-0.0465809777 -0.0870653689 0.0674635023 -0.0812393129 -0.0335480049 0.0375896096 -0.0415649042 -9.53823328e-05
0.0205385759 0.0265195295 -0.024575308 0.0229676366 0.0225899369 0.00539773703 -0.00952724367 0.0249118283
-0.0396859683 0.0358513221 -0.00194509327 -0.0865296051 0.0794858485 -0.0621099994 -0.0544260703 -0.0125089139
-0.0625234991 0.0161992237 0.0802122056 -0.0584449172 0.00287234038 0.056806922 0.00658689439 -0.00254689157
-0.0655441135 0.0489848852 -0.0596985444 -0.061062023 -0.0542250872 0.0652613491 -0.046244137 -0.050469324
-0.0213495269 -0.0584035218 0.025025703 0.0418533087 0.0498874485 0.015207313 -0.0773216635 -0.0177399442
0.0554347783 0.0427636355 -0.0324739628 0.0537558347 -0.0522695296 0.0634545535 0.0825741291 0.0447336137
0.0650200695 -0.0285357721 -0.0226951763 -0.0724236146 -0.0849053189 -0.0283106491 -0.0379548632 0.0712196678
0.0639885664 -0.0535160527 -0.0129007325 0.0768930316 -0.0850000232 0.0305803493 -0.00137149543 0.0134018138
0.0709458143 -0.00494838506 -0.000164084136 -0.0541411191 0.0424996316 -0.0503132939 0.0782315433 -0.0758449137
-0.0603067465 0.0812890381 0.0542012453 -0.0741806552 0.0251552537 -0.0640771538 0.0144664347 -0.0736741126
0.000239081681 -0.0100402087 -0.0699908808 0.0641050637 0.0358400047 0.0704356134 0.060912922 0.0150534362
-0.0670389906 0.0223077461 -0.0484121367 0.0844278932 -0.0842731297 0.0285848156 0.0759286284 0.0454129726
0.0860584229 -0.0867900252 -0.00653345138 0.050800249 -0.000659421086 0.0294627845 -0.0467751399 0.0857462883
-0.0512952283 0.00376262516 0.000968456268 0.0227713808 -0.08789628 0.0338320658 -0.0739021674 -0.0104597956
0.0419749767 0.0214584768 -0.0778124258 0.0564042777 -0.0863471553 0.0802811682 -0.048743017 0.0657052994
-0.082164906 0.0559721589 -0.0250114873 0.0761753917 0.0105154291 -0.028540317 0.0299679264 0.0233404711
-0.00497385859 -0.0206359699 -0.0701362491 0.0830937028 -0.060957253 -0.0751278028 0.0568548143 0.0776870996
-0.0424423292 0.000422164798 -0.0478870645 -0.0367362387 -0.0365329906 -0.0866514891 -0.045857273 0.0625798106
0.0420773774 -0.0693592727 0.0543358475 -0.0677238628 -0.0292775407 0.0528031439 -0.051370848 -0.0636653155
-0.0740295351 0.0488923341 0.0667475164 0.0720413029 -0.0622756332 0.00740662217 0.0589539856 -0.0657654703
0.0380371511 0.0608548224 -0.0434617549 -0.0206505656 -0.00588154048 -0.0844215006 0.0563485473 0.0420411974
0.0380792767 0.0218522698 0.0476834178 0.0563948154 -0.0248564333 0.00904756039 0.0592176467 0.0553712696
0.0658830702 5.81815839e-05 -0.0618609414 -0.0538222902 0.0324097201 -0.00742167979 0.0558071434 0.0614172369
-0.0537310913 -0.0614257976 0.020327121 0.0704734772 -0.0864325464 0.0536731333 0.0552004129 -0.034004584
0.0103413984 0.0659956932 -0.046448186 -0.0294205658 -0.00846670568 0.0101535544 0.0545994043 0.0131404251
0.0121264681 -0.0813727379 0.00678670406 0.0587480664 -0.00685776025 0.00345146656 0.0578537285 0.0794620961
0.0491744727 -0.0814284459 0.0378144979 0.0366742909 -0.0809618235 -0.0390695073 -0.0689491704 0.0422911495
-0.0794045851 0.0879304707 -0.00925003737 0.0127421096 0.0831302702 -0.0491316989 -0.0420567356 0.0165757984
-0.0471846126 -0.0286544487 0.0748409182 0.021084182 -0.0471513197 -0.0636402965 -0.0374117605 -0.0135654062
endtensor
tensor update_b 32 32
0.0841015875 0.0287971273 0.0493588597 0.0363506228 0.0820221007 0.0795858055 -0.0853073969 0.0315985084
-0.029219687 -0.00538463891 0.0563403219 -0.0466795564 -0.0319917127 -0.0115776062 -0.0824302956 0.0610560775
-0.0162141174 0.0515022576 0.0244608968 0.0663934499 -0.0596824586 -0.0495609529 0.0313524231 0.0350625888
0.0259207264 -0.0619615763 0.0277391523 0.0194982737 0.0498276055 0.046526596 0.0830691904 0.0344053358
endtensor
tensor head_w 192 96,2
-0.0409982055 -0.00293955952 0.0884415209 -0.0072690025 -0.0477315001 0.00918035954 0.00269610435 -0.0389426425
-0.080293268 -0.00421093404 -0.0543223135 -0.0970145464 0.0353488475 -0.090692699 -0.0114428848 0.0253135264
0.064537555 0.0444067568 0.00884985179 -0.0196318775 -0.086834006 0.00467136502 0.0325220823 0.0455746204
0.0745093077 -0.0792437643 -0.0269007534 0.0954668522 -0.032905519 -0.0835950077 -0.0852294862 -0.00593316555
0.0808594823 -0.0133965239 -0.068865411 -0.0673224181 0.0131152645 -0.0075295344 0.084849596 -0.026233077
0.0142466202 -0.0995214283 -0.0894881338 0.0530985296 -0.00710178912 -0.0630440861 -0.0926318243 0.0685807019
-0.00494732708 -0.0211254433 0.0929487497 -0.00856730342 0.00518658757 -0.0534826741 0.0561076701 0.0184640884
-0.0942241997 -0.0232378542 0.0569922626 -0.0565866791 0.017244406 -0.00902638584 0.0372655243 -0.0492751077
-0.0372728929 -0.00226607919 -0.0839765593 0.0239498913 -0.0344005674 0.0847891569 -0.000351801515 0.095084101
-0.0956698731 0.0547405481 -0.0612265542 -0.0798551142 -0.0874967873 -0.0732132047 0.0962437689 0.0259264559
0.0530587137 -0.0347721055 -0.0320617631 0.0443251431 0.00336457789 -0.037424989 -0.101037942 0.0990002155
-0.0137196258 -0.0828651413 0.0152744874 0.0872964561 -0.0684702471 0.00582844764 -0.0241503716 -0.0674406588
0.0159334391 -0.0906188339 0.0643200129 0.02542077 0.0124709904 -0.0407995097 0.0602428615 0.020704262
0.0640636832 -0.0142821074 0.00380598754 -0.0379625857 -0.00783678144 -0.0551595911 0.0696749836 0.00780624896
0.0103239343 -0.0558902808 -0.0883041471 0.0732635558 0.0726050884 0.0258301795 -0.0443238989 -0.0214810371
0.003328152 -0.00929363072 -0.0248778611 -0.00947223604 -0.0950951129 0.0364905596 0.0469879359 -0.0665261596
0.0614153296 -0.0595296435 -0.0202878937 -0.0164573267 -0.0911043137 0.0942896307 -0.0674616843 -0.0805957988
-0.00978420675 0.0461644232 0.100708872 0.0273443162 -0.0820694193 0.00830800086 0.0223771781 0.0275279284
-0.00239691883 0.0228401572 -0.00201956183 0.0615405738 0.000132873654 -0.0920008719 0.0384579152 0.101355314
0.0748011768 -0.0241255313 0.0815985948 -0.00781861693 -0.0942585096 -0.0206823051 0.0445174277 -0.0471347459
0.0806040317 0.070565924 -0.0831173509 -0.0416852236 -0.0775846839 -0.0142755583 -0.0836578161 0.0694798827
0.0885832906 0.0405458957 -0.0683215857 0.0402830094 0.0273400098 -0.0643770695 -0.10153129 0.0268307626
0.00983785838 0.0277130455 -0.0194918588 0.0425169617 -0.0435929596 -0.0989685208 -0.00262790918 0.0448626131
0.0188963711 0.0208100304 -0.0386327952 0.0702672899 -0.0940385684 0.0880450159 0.0732320249 0.0647611916
endtensor
tensor head_b 2 2
0.0952158719 -0.101959586
endtensor
tensor logits 192 96,2
0.000596299767 -0.0854125172 -0.0120796114 -0.0847194344 -0.0067184791 -0.0905904919 -0.00850318372 -0.0863413885
-0.00347423553 -0.0873714909 -0.108494535 -0.137915194 -0.106516168 -0.144983381 -0.00177797675 -0.0915580764
0.0108995512 -0.0817251429 -0.0135268718 -0.0896914229 -0.00132193416 -0.0833659545 0.00183260441 -0.0838927627
-0.103370905 -0.142607242 0.0084701255 -0.0942583159 -0.120438561 -0.148787707 -0.00351356715 -0.0808921605
0.00340183079 -0.0843047053 -0.0157229081 -0.0848914012 -0.0127861574 -0.0881081447 -0.112335756 -0.145228773
-0.00945869088 -0.0859874487 -0.100313619 -0.138701588 -0.100309804 -0.131323874 -0.0878213942 -0.136698216
-0.101665139 -0.141375989 -0.102756873 -0.141835809 -0.10309653 -0.139664322 -0.114590123 -0.142453104
-0.103133827 -0.137635261 -0.0071746856 -0.0859848335 0.00122413039 -0.0817099884 -0.113266081 -0.151939765
-0.107507989 -0.152481049 -0.00482115895 -0.0812007636 -0.122476354 -0.144715115 -0.00722230226 -0.0919543877
-0.101541236 -0.14177525 0.0023971647 -0.089886032 -0.107181922 -0.138596237 -0.0916602761 -0.139367953
-0.113597438 -0.143099487 -0.0971314162 -0.140364408 -0.107109293 -0.143687785 -0.0127348006 -0.0868593678
-0.106845975 -0.140801042 -0.124454632 -0.142509103 -0.000207021832 -0.0848441347 -0.092660591 -0.13718012
-0.111900806 -0.140302688 0.00203562528 -0.0867834315 -0.120123535 -0.148265451 -0.0139216185 -0.0886196271
0.0059825182 -0.0873684809 -0.0145951807 -0.0769087598 -0.106661871 -0.146555886 -0.109052017 -0.142744094
0.00258094817 -0.0815261453 -0.104759499 -0.149438784 -0.0876995474 -0.141480163 -0.0967623889 -0.142516822
-0.116901383 -0.142472878 -0.00422234833 -0.0795796067 -0.00602214038 -0.0838923901 -0.010195151 -0.0874310657
-0.011092782 -0.0896683335 -0.121436432 -0.15192543 0.0103537664 -0.0860920921 -0.107568726 -0.142058
0.0178737938 -0.0822756141 -0.0986783952 -0.139191866 -0.0733205527 -0.142785996 0.00117433816 -0.0866206586
0.0010536164 -0.0855587125 -0.00239798427 -0.0857321471 -0.0134872794 -0.0905995592 -0.00801905245 -0.08699698
-0.0947334021 -0.134832174 -0.0248646438 -0.0863306299 -0.122578904 -0.144889504 -0.0938373506 -0.144040167
-0.107797876 -0.139166176 -0.0123751163 -0.0863240883 -0.0163659602 -0.0865377039 -0.00909184664 -0.0881813914
-0.121454015 -0.145082295 0.00182378292 -0.0836596042 -0.0146908239 -0.0925466716 -0.0205238387 -0.0921083614
-0.118169352 -0.146594107 -0.0038684234 -0.0822463557 -0.105754569 -0.141075641 -0.00792515278 -0.0841849074
0.000195428729 -0.0822966099 -0.00889225304 -0.0828634202 -0.0109502152 -0.0827141404 -0.0865849108 -0.136277556
endtensor
tensor logits_first 192 96,2
-0.183208138 -0.0829679444 -0.176997155 -0.0713145062 -0.156339645 -0.0764451995 -0.191037983 -0.0651033893
-0.17501837 -0.068755202 -0.58525002 0.138130039 -0.614229023 0.153461576 -0.158667386 -0.0699802861
-0.147880301 -0.0944879726 -0.190291762 -0.0552820638 -0.170620933 -0.0910814181 -0.140271068 -0.0811608508
-0.604468286 0.1424824 -0.146594197 -0.0880889073 -0.6269871 0.16380313 -0.190532401 -0.0667246357
-0.15161249 -0.0839853063 -0.198404714 -0.0578799024 -0.183784857 -0.0631473288 -0.614541709 0.148076028
-0.193742722 -0.0651525185 -0.590013325 0.135821044 -0.589204907 0.127966374 -0.605894268 0.122203819
-0.623690307 0.144963562 -0.605024278 0.13296634 -0.607941866 0.125190496 -0.610252559 0.142373741
-0.594974101 0.133425117 -0.209092259 -0.0751960054 -0.142537192 -0.0697983131 -0.622420311 0.169225872
-0.639321208 0.154502571 -0.208660364 -0.0628891215 -0.607034385 0.161230445 -0.182616323 -0.0713882223
-0.615012348 0.132193327 -0.172946617 -0.0896974877 -0.585639894 0.136651367 -0.610121548 0.13885051
-0.611174047 0.139040768 -0.588960052 0.137439311 -0.616520703 0.147320837 -0.182841018 -0.0530782416
-0.602923393 0.142600089 -0.612466395 0.157132953 -0.186602443 -0.0740714446 -0.580066502 0.137520015
-0.604431093 0.141665906 -0.129998982 -0.0605284348 -0.617068112 0.157200634 -0.214577109 -0.0619877353
-0.169069558 -0.0860808715 -0.193367943 -0.068789728 -0.605255067 0.137981474 -0.601179481 0.134447247
-0.170081988 -0.0884159282 -0.624132097 0.144313961 -0.613471746 0.14036715 -0.596233785 0.127063692
-0.602743685 0.151324511 -0.206027806 -0.0634237453 -0.200897858 -0.060548 -0.196055591 -0.0669881776
-0.199933216 -0.0709313229 -0.632277429 0.165662706 -0.138680264 -0.0873021111 -0.601815641 0.140775234
-0.151551068 -0.100527681 -0.610453904 0.135554284 -0.624226213 0.129212469 -0.205801398 -0.081535615
-0.194941625 -0.0577047244 -0.155560121 -0.0761887953 -0.203817174 -0.0645944998 -0.184680194 -0.051260449
-0.582415521 0.122006796 -0.218625456 -0.0408027545 -0.603213966 0.151924431 -0.611035049 0.138531536
-0.590958536 0.146568984 -0.197847292 -0.0482950583 -0.221376419 -0.0515281782 -0.190771922 -0.0565700457
-0.603647172 0.150800139 -0.169330567 -0.0816632584 -0.203122735 -0.0670046583 -0.211878598 -0.0468160585
-0.637754381 0.147059649 -0.194776371 -0.0616099611 -0.622072875 0.145331144 -0.195670173 -0.0731212124
-0.173047349 -0.0777602866 -0.171904281 -0.072912313 -0.199797332 -0.0516726747 -0.578529358 0.114122368
endtensor
tensor entropy 96 96,1
0.998190224 0.997988641 0.998849809 0.997145593 0.997966588 0.911466062 0.901065767 0.998582959
0.999486089 0.996720314 0.998860121 0.999370217 0.905990243 0.999382913 0.895467579 0.99724108
0.999175668 0.996447623 0.997380257 0.902279258 0.997024298 0.910901964 0.912886679 0.910380542
0.90083462 0.908087134 0.909216225 0.904652476 0.910311043 0.996773958 0.999046445 0.895257771
0.894723594 0.996178091 0.90092802 0.997772336 0.905930221 0.998751402 0.911715865 0.905514598
0.90522176 0.910771966 0.901987076 0.996969819 0.906325519 0.900607705 0.997719944 0.912791908
0.906190693 0.99913013 0.899483562 0.99581337 0.998758972 0.997206628 0.906861663 0.908637166
0.998798251 0.900884688 0.904365599 0.911485076 0.90431124 0.996341944 0.996456444 0.997002184
0.997005165 0.89371103 0.999524117 0.907012939 0.999530673 0.906211674 0.904460192 0.997220576
0.996611416 0.99886477 0.996512949 0.996796966 0.915774584 0.994320035 0.90405786 0.905374527
0.908194959 0.995977819 0.994816244 0.996759355 0.904221594 0.998615384 0.996666431 0.9951033
0.896927178 0.996809125 0.901134372 0.997296751 0.998364627 0.998234928 0.996054113 0.91840595
endtensor
endcase
case rings
samples 96
points 48
hidden 32
tensor x 9216 96,48,2
0.943159223 0.351938009 -0.849268198 0.690993547 -0.770859122 0.614301264 0.0483765788 -1.11068559
-0.778690755 0.657841444 0.497894645 -0.85860616 -0.971844018 -0.0428505056 1.01718426 -0.164009467
1.06407571 -0.10000208 -0.799697399 -0.771882415 -0.795673192 0.692978978 1.07072127 -0.321527719
0.161099076 0.989090383 0.845022798 -0.719683349 -0.934568167 -0.314426214 0.267418474 1.09724379
0.397740126 -1.03693068 0.491286069 -1.01976991 1.03278899 0.396486551 -1.04592085 -0.194788471
0.550960183 -0.882469177 0.906594455 0.336856127 0.396669567 -1.10055816 -1.0737797 0.406724781
-0.902451515 -0.4267416 -1.07618105 -0.29530406 -0.620471001 -0.888854384 -0.631111026 0.83048588
-0.34164077 1.09011471 -0.725383341 0.77067554 0.613482714 -0.963245332 0.850642502 -0.578025579
-0.95623064 0.207893908 -1.05582964 0.0238029417 1.0120548 0.150505722 0.450785965 -0.947985411
0.951828361 0.449270844 0.923041642 0.632841587 1.02236652 0.399250895 -0.802179575 0.6995579
0.279236197 1.1064769 0.398551613 -1.02112401 -0.960929513 -0.621986985 -1.03558183 0.175333664
-0.660260677 -0.784869552 0.922801793 0.45599243 0.546126962 0.964198709 0.426861137 0.906353593
-0.16965884 -0.577752173 0.672453403 -0.29030171 -0.513258636 -0.0165088493 -0.473644197 0.278250217
0.563661397 -0.0811690241 0.110099234 0.541346908 -0.0945273042 -0.560188591 -0.333926946 -0.391146779
-0.555196881 0.0246127807 -0.192603141 -0.572638392 0.533214927 0.157568306 0.455040395 -0.158928201
0.0783324018 0.531416953 -0.170637324 -0.47234422 -0.468866616 -0.342976511 0.535381138 -0.145331308
0.63231802 0.111923836 -0.268593878 -0.452538043 0.270014614 -0.48290953 -0.451295614 -0.0600020215
-0.553142786 0.0312289018 -0.422938943 -0.464891046 0.312094182 -0.400018305 -0.495268196 0.22002852
-0.480724812 0.170634001 -0.378365368 -0.408082664 0.465381563 -0.199519902 0.323501319 -0.434610337
-0.296526104 0.382594943 -0.343395442 0.407878965 0.670387745 -0.022394402 0.396200866 -0.403138548
0.071938619 -0.588068366 -0.165032193 -0.503868461 0.49966681 -0.103069782 0.129898518 -0.50072366
0.507949293 0.139194235 -0.514166176 0.211381346 0.526174247 0.125993893 0.530005693 -0.121054858
0.532437682 -0.288038909 0.0427449234 0.543061256 -0.295504481 -0.501655221 -0.0335392058 0.646918952
-0.261674553 -0.496718884 -0.527516901 -0.15802452 -0.275032997 -0.53318119 -0.302004188 0.45538798
0.441310674 0.389472425 -0.56165421 0.0706350803 -0.498135716 -0.143750966 0.0890280455 0.533493221
0.458864123 -0.349465102 0.0841677263 0.50312537 0.2910254 -0.518966734 -0.168749481 -0.488698274
0.161034137 0.478210479 -0.543196142 0.137640625 0.538155615 -0.0228616595 0.635342777 -0.0782314539
0.201194555 0.558232546 0.313751459 -0.388309091 0.38670668 -0.322807401 -0.426949054 -0.441447586
0.26960358 -0.524551868 -0.152884424 -0.468534887 0.487388432 0.0991092026 -0.137631372 0.531026483
-0.19975619 -0.531791866 -0.143909588 -0.595026016 -0.365985185 0.47312507 0.475384325 0.204068005
-0.218010947 -0.570141733 0.096895881 0.587415159 0.295396715 -0.490145713 -0.424092114 0.401920736
0.48669523 -0.212614939 0.180791602 0.545962811 0.619572222 0.0468725413 -0.396155596 -0.486249864
0.331109136 0.363611639 -0.00447616028 -0.556992829 0.283197552 -0.398344427 -0.179500952 0.568711638
0.0899787322 0.473714143 -0.328422189 0.365361035 0.363443285 0.292593926 0.449428141 0.0776002333
0.555812836 0.0668254271 -0.547499835 0.117329314 0.558363914 0.210557655 0.130666956 0.513688147
-0.335780531 0.388416022 0.551523447 0.0662041083 0.442834914 -0.319044292 0.0105221756 0.545117676
0.237285614 -0.506965399 -0.224918127 0.517350495 0.466698557 0.0742967054 0.296765029 -0.514460802
0.400587469 -0.247355521 -0.169353992 0.50645107 0.426034212 0.373836488 0.172544852 -0.521617591
0.441007763 0.231232524 -0.204652205 -0.518742144 0.433453649 0.218599722 0.0411979519 -0.463020921
0.103136949 -0.554304361 0.411215156 -0.269034624 -0.39288649 0.341994315 0.415565133 0.337931037
0.488654256 0.318180084 0.543807387 0.00742141297 -0.310393602 0.416762352 -0.356690913 -0.204710767
0.329990625 0.429089963 0.517792583 -0.240713239 0.193994135 -0.473410457 0.450126648 0.340792
-0.36577639 -0.47706756 0.515245438 -0.179034218 0.424372643 -0.0417104736 -0.285317004 -0.33922106
-0.476635545 0.303875506 -0.0294320676 -0.576797605 0.510751128 0.298956811 -0.0619796067 0.593932927
-0.0342644043 0.456178099 0.467941791 0.192220122 -0.10787645 -0.586948097 0.264850736 0.430289119
-0.583542347 -0.0382421911 0.219584644 -0.56546855 -0.256687224 -0.485163391 0.129917443 -0.540374041
0.0542712547 0.626137316 -0.630298197 0.175070897 0.412489772 0.335371912 -0.462340683 -0.336620659
0.490284503 0.193870425 -0.292405427 -0.355441123 0.15640977 -0.428419977 -0.199076116 -0.555120826
0.963867009 0.294185102 -1.07799053 -0.169742942 -0.749848306 0.690022767 -0.900593042 0.643999875
0.213047251 -1.09307814 -0.534345388 0.927385211 1.01362479 0.164860964 -0.985782266 -0.317790806
-0.18689388 1.0173924 0.120709032 1.0284934 0.891054451 0.584570646 -0.428289086 0.929802477
-0.491530299 0.857381642 -1.12116086 -0.304100454 0.791753113 -0.70126915 1.0519408 -0.154995814
0.102436177 -1.0595988 0.886076152 -0.582400262 0.988232672 0.51601404 0.585539341 -0.791863263
0.803080022 -0.625240445 -0.59909451 -0.735884428 -0.6959548 -0.899906993 1.03197289 -0.150381878
-1.02382219 -0.476535589 0.900906086 0.658581913 -0.244952336 1.127478 -0.926437497 -0.291613936
-0.402873039 -0.984521329 0.624487817 0.850643575 0.855764747 0.689614177 -0.157669738 -0.953672111
0.545681119 -0.93167609 -0.335151196 1.01697409 -0.644246757 0.830763638 -0.0841017887 1.17908049
0.0476178378 -1.10638356 -0.835262299 -0.612908065 0.811306238 -0.650506377 0.806898594 -0.675468326
0.481111109 -1.09031725 0.467511356 -0.881645739 1.0399853 -0.159395114 -0.84958607 -0.357717365
-0.615320861 -0.876589835 1.02256703 0.381424904 0.569600642 -0.801331997 -0.979201734 -0.221597493
-0.00225400273 0.594954014 0.173011571 -0.443740487 0.506821752 -0.13730374 0.478475451 -0.244955897
0.266113877 0.449222416 -0.277680099 -0.39209801 -0.216418654 0.524655282 0.290715188 0.507383704
-0.471499681 -0.254015982 0.478924483 -0.362846345 0.0740796402 -0.549293458 -0.22089465 0.496506333
0.0896599814 -0.465490133 0.0832346752 -0.510254025 0.481718749 0.242553741 0.125269338 -0.640582919
0.518502355 0.276399255 0.571799457 -0.14316836 0.170597121 -0.515569508 0.143583834 0.548679888
-0.573416889 0.0341371596 -0.400692731 0.304631591 -0.464755356 -0.52506566 -0.416689008 0.455438107
0.225801051 -0.409732938 0.212909415 -0.484648317 -0.4435938 -0.301287711 0.127458781 -0.482316792
0.54090178 -0.201966345 0.284243315 -0.403424621 0.42131421 -0.217025012 -0.224466458 -0.536149085
0.585051239 0.292307615 0.438123018 -0.154392168 -0.428530157 0.370589018 0.301644713 0.380540431
0.0571885481 -0.59636724 -0.414574474 -0.355944663 0.496921539 0.0428448208 -0.492754579 -0.353895873
0.494040877 -0.290189266 -0.450671196 -0.255871594 0.494036585 0.288936347 0.517886102 0.0643964261
-0.535181165 0.227912202 -0.0240822937 -0.60276562 -0.310682267 0.527472913 -0.0761582404 -0.491889387
0.327836424 0.395446509 -0.14640291 0.560888588 0.4116804 0.300432622 -0.225963756 -0.492689192
0.0756018087 -0.502183378 0.545497537 -0.0656412542 -0.541650176 0.251306951 0.0461314842 -0.561620831
0.0710963681 0.581521213 -0.435940623 -0.363565683 0.139399335 -0.537933528 0.475445956 -0.37183848
-0.426493049 -0.17155917 0.183910817 -0.589656651 0.461013347 -0.162737653 -0.374585032 0.444141597
-0.492594123 -0.196373254 0.214063898 -0.563851833 -0.150217041 0.426593602 -0.554124177 0.0707978159
0.271702766 -0.40692988 -0.484539509 0.295005023 0.224229127 -0.417802423 0.277272671 0.398155272
0.0660540685 0.58496058 -0.338828117 -0.434072554 -0.309251696 0.504144847 -0.543484151 -0.120543033
-0.497626215 -0.19527629 0.0371572338 0.647191167 -0.472191095 -0.277610987 0.45430389 -0.0806470364
0.277263641 -0.510909855 -0.516549528 0.123152189 0.42769292 0.110547908 0.444455445 0.264215022
-0.514186084 0.159010395 -0.113046564 -0.511776388 0.421983004 0.475789756 0.154634908 -0.463290334
0.461623043 -0.452035517 -0.594689608 0.188750759 0.0416341685 0.578187585 -0.340422362 -0.44213596
-0.187575877 -0.566242576 -0.494688332 0.232867002 0.226636782 0.502900243 0.448273808 0.432076246
-0.0365975574 -0.513498008 0.0285765566 -0.630969226 0.235392481 -0.484796464 0.00366129121 0.565199018
0.478090674 -0.315178901 0.30299598 0.534117162 -0.309768677 -0.479825526 -0.554869592 0.10975375
-0.255170226 -0.48645094 0.242152512 -0.590879142 -0.454328805 0.410023749 0.314487219 -0.524655998
-0.43777889 -0.338019609 -0.455353707 0.340864748 -0.520610452 -0.222462177 0.430644959 0.332091153
-0.493182987 0.148553789 0.385486335 0.399107039 0.547995687 -0.207744837 0.307022363 0.479288638
-0.404525787 -0.304966807 -0.411270201 -0.298673242 -0.611820042 -0.199463457 -0.510865688 -0.344539702
0.430477768 -0.477572024 0.0819653794 0.636813402 -0.0142487939 0.570041955 -0.161602214 -0.460490197
0.402198583 -0.56938976 -0.309527218 0.50344497 0.413227737 0.217484996 0.0437543355 -0.479412675
-0.473994493 -0.417648584 0.125030249 0.545178473 -0.0312861688 0.548108935 0.240899771 -0.526689708
-0.376274556 0.379217952 0.515249789 0.168612897 -0.57851094 0.135234639 0.140240893 0.491713285
-0.0517758504 0.563288987 -0.441381127 -0.218605801 -0.434474289 0.330831617 0.598424494 0.190344512
-0.643172383 0.105999365 0.330986828 -0.47114116 -0.581545413 0.117200866 -0.394260228 0.253003895
-0.995127022 -0.331873178 0.630051076 0.768045008 0.971658587 -0.319826305 -0.677538753 0.703547716
-1.05915916 0.0340527743 -0.276313007 -0.990804613 -0.722678959 0.823933184 0.10484986 -1.10273492
1.0419718 -0.14450258 -0.299623251 -0.992331862 0.786716521 -0.67968297 -1.01128757 -0.453536481
-0.820129275 -0.701610684 0.943064392 -0.255321234 1.10753834 -0.0966222435 0.410770148 0.919408917
1.06142557 -0.038626764 0.975908458 -0.446419895 0.895363986 0.67937547 0.868011773 0.705028236
-0.033456713 -1.02443409 -0.843735993 -0.582082272 0.83387202 -0.677721202 -0.958406866 0.398196578
0.662128329 -0.764861703 -0.600936234 0.889906526 1.05544794 -0.363927007 -0.446699351 0.951256156
-1.0979178 0.257160097 0.979134023 -0.10098435 0.774596512 -0.569037199 -0.359894156 0.982870221
-0.155552402 0.994986713 1.04856837 0.047750663 0.648666143 -0.773940265 0.901608765 0.574212611
0.19454667 -0.994341671 0.861214519 -0.639409482 0.225096464 -0.996841371 -0.861637533 -0.695575714
0.87011975 0.76676178 0.865463197 0.646195173 -0.22548452 1.05924749 -0.497365743 0.916861475
-0.598491728 -0.898632228 -0.588164926 0.856522024 0.422460437 -1.06235969 -0.802032769 -0.693283498
0.534180045 0.947276354 0.254030555 -1.05622005 -0.560415328 0.845824778 0.972807586 0.490742356
1.02653837 -0.0678651258 1.07038713 -0.282837927 0.280144542 -0.971843541 0.784840226 0.662907124
-0.392521858 -1.0190053 0.833381712 0.584864855 0.0696864501 -1.01242638 0.496794224 -0.912930727
1.03545332 -0.385410219 -1.1087538 -0.160020813 -0.60900265 -0.83405602 1.07106268 -0.274837136
0.963546515 0.266634881 0.212626189 1.04998946 0.286386818 -0.923845172 -0.89068979 0.533359408
-0.776374519 0.667386651 -0.815137863 -0.50569725 -0.6997419 0.654890001 -1.08614993 0.247290149
-0.847923219 -0.730457306 0.515177846 -0.958288729 0.336220592 -0.83277595 -0.086608015 -0.982975483
0.915580988 0.484102726 -0.844705164 0.734448969 -0.958434463 -0.590170622 0.770819187 0.695224762
-0.902198195 0.503790736 -1.06113827 -0.167920649 -0.988987744 -0.573303878 0.847329855 0.363839209
1.10127544 0.151859313 -0.110916205 -1.13564587 0.59687686 -0.845811486 0.868481815 -0.546482325
1.06402659 -0.0799444318 -0.872817755 0.587484717 -0.926759124 0.221181571 -0.0635475069 1.10863078
-0.912852466 -0.55846256 0.128123164 0.928718507 0.982743204 -0.384343505 0.285799474 1.04223084
-0.947252095 0.319397509 -0.700057864 -0.549047112 -0.648144662 0.813080966 -0.692961156 0.762762427
0.875423372 -0.554038227 -0.930066109 -0.226017699 -0.09506955 -1.0779531 -0.912438393 0.448213041
0.977740347 0.54540807 0.524435163 0.950339675 1.09467697 0.106919333 -0.0386735573 -1.04791248
-0.932080567 -0.464770764 1.05115068 -0.135646284 -0.955051243 -0.570011199 0.935166895 -0.462176919
-0.608585894 -0.877461135 -0.916666687 0.566448212 1.04441214 -0.183281392 1.01867592 0.26108852
1.0609293 -0.303486526 -0.372205436 0.956986308 1.06373465 -0.00742423441 -0.590730309 -0.950345874
0.837331831 0.75829953 0.629152894 1.001127 0.31071645 1.04358518 0.70985657 -0.823726535
0.281329006 0.977847159 -0.41617772 1.01591861 0.538044155 -0.948584259 -0.51615274 0.874258518
1.1238519 0.112248771 0.0334119126 -1.05448687 -0.912969768 -0.508147836 0.837195396 -0.549935818
-0.056786079 -1.16389894 -0.113108054 -1.00453305 -0.0568662845 1.11388516 0.969129741 0.245852083
-0.124054484 -1.10079658 -0.631124556 -0.859525084 0.79667449 -0.692264557 0.96785593 0.411208421
1.04988515 0.214525938 1.09997261 -0.261523396 0.956019878 -0.549013972 -0.328583598 0.96243453
1.03148437 -0.505785048 0.0610858463 -1.14821351 0.574445903 -0.899340093 1.03256416 -0.122974835
-0.614028573 0.729114711 -0.917854607 0.577428401 0.867418885 0.733796895 1.04546618 -0.241965622
0.106416091 -1.12615371 -0.907075405 0.668976367 -0.0647971332 -1.00245023 0.896232903 0.566997826
0.773739994 0.693621576 -1.1697793 -0.0648503155 0.830289662 0.576463163 -0.105417587 -1.04380584
-0.16913332 -0.961650908 0.0499799028 1.09513843 0.435459226 1.0017302 -0.29696995 -0.983540952
0.489678025 1.00115979 -0.891059279 -0.574566603 -0.0348400995 -1.08449852 -0.859692216 0.565180838
0.382480234 0.898060739 0.574225008 -0.956575215 -0.510710835 -0.849226534 -0.81213057 -0.680864692
-0.546764731 0.935325086 -1.07029164 -0.0897264108 0.915474653 0.50729996 -1.00528693 -0.408117235
-0.494638294 -0.868255556 -0.0942177251 -0.872616172 -0.40736109 -0.998651683 0.137962297 1.00387061
0.485001296 0.879569709 -0.102104083 -1.04642105 0.340559989 1.06594908 0.65872848 -0.742503881
-0.856684506 0.556202948 0.733861864 -0.659816027 0.956511617 0.238079458 -0.54891026 -0.851066649
0.345768452 -1.03836119 1.03921628 -0.128639132 -0.980087996 0.128878072 1.0015918 -0.517372847
-0.521586657 0.0670884848 0.403948575 -0.247653171 -0.424309254 -0.148629054 0.563392997 0.0979379341
-0.534654379 -0.0163302738 -0.267965794 0.430998951 0.446840882 0.303000361 -0.568256378 0.206783354
-0.185189024 -0.504337013 0.533470273 -0.210785434 -0.075014241 -0.528741837 -0.187258452 -0.466327816
-0.121607259 0.507853031 -0.443719208 0.102484919 -0.52111876 -0.0396211296 0.503483415 0.052990064
-0.341952205 0.339847624 0.0323371515 -0.594279885 0.668052733 -0.114911221 0.371946007 -0.458444178
0.413650393 -0.406478912 0.424523532 -0.309263796 0.491454452 0.401953489 -0.398413479 0.458366066
-0.104376674 -0.504714966 0.483669817 -0.404394507 -0.282010078 0.414738059 0.497706085 -0.34026581
0.0236935262 -0.541879356 -0.170569375 0.507801235 -0.491294146 -0.0248955879 0.563830018 -0.137723655
0.462844342 -0.15246594 -0.161057115 0.465039432 -0.282070547 -0.553082466 0.401538193 -0.334742308
-0.286196738 0.442284524 -0.426019073 0.404758453 0.483001739 0.154079795 0.457703859 0.236298874
-0.551846683 0.286721289 0.612363875 0.0686050355 -0.503869116 -0.18937555 0.492607027 -0.00280034239
0.534889519 0.102531388 -0.309971213 -0.420647353 -0.0588231795 0.601932645 -0.124860302 0.453234017
-0.154253095 -0.404779851 0.232502148 0.412701219 0.424323261 0.33579585 0.330982864 -0.419649005
0.456307352 0.200002104 -0.0348140225 -0.586064696 -0.493969023 -0.425452948 0.252796412 0.515231848
0.229713142 0.451197922 0.00896882731 0.516825557 0.555272222 -0.0807394758 -0.494368047 -0.197816536
-0.473197848 0.0488970019 -0.148710161 0.597194791 -0.189059913 0.502402008 0.0184220243 0.585369885
0.427363068 -0.278432369 -0.0457742177 0.470226616 0.556546748 -0.116908222 0.329887897 0.487700284
0.109850436 -0.5223791 -0.63227129 0.284212649 -0.51753068 0.30334416 0.0153283924 -0.610268831
0.476351261 -0.0807202905 0.28514868 -0.482457995 0.588596642 -0.100682087 -0.384659201 0.381913483
-0.248348787 0.454711586 0.0363681056 -0.486667484 -0.454925597 0.428006023 -0.543201387 -0.27842626
0.475690067 0.311917782 -0.54837507 0.0778381675 -0.183104247 0.504089832 -0.338275194 0.320575923
-0.585726917 -0.1219716 0.210117728 0.486118376 0.557522655 0.0404544622 -0.593456149 -0.0600864887
-0.548927367 -0.00243079569 0.415172666 0.392063409 0.193493843 0.535376549 0.399436384 -0.334926605
0.499803126 -0.0137962196 0.369658649 0.439413607 0.700973153 -0.180284977 -0.167957291 -0.517545521
-0.269103795 0.482735187 0.410454482 -0.0357364863 -0.437389106 -0.116607241 0.487410069 -0.353858322
-0.493300408 0.273903936 0.439603537 -0.284442842 0.426482111 0.349555492 0.668989658 -0.149917379
-0.380943328 0.23499164 -0.465393037 0.216128156 -0.425567746 0.380699784 -0.573051989 0.135906979
0.213928193 -0.486649156 -0.567874849 -0.0991256088 0.432655275 0.308583409 -0.194677725 -0.546852469
0.525740504 0.368202507 -0.367850721 0.581950128 -0.549120724 -0.0776088983 -0.442060471 0.329420835
0.151049614 0.510848761 0.454295099 -0.217970833 0.467112631 0.381693006 -0.483350754 -0.225262523
-0.29489243 -0.440464914 -0.505415499 0.381044239 0.0637677833 0.583590508 -0.251936764 -0.393486023
-0.511168301 -0.216510013 -0.293026716 0.604251921 -0.552393317 -0.085023053 0.457114697 0.0174749512
0.365988791 0.390318692 -0.102057025 -0.52383399 -0.419276357 -0.423958838 0.363497376 0.46987313
-0.230639204 0.487775594 0.369204223 -0.410250396 -0.456530124 -0.275930405 -0.602292776 -0.124729998
0.264959097 -0.522592247 -0.566430867 0.0526539758 -0.465447247 0.127555877 0.255791724 0.497763187
-0.426769823 -0.360267192 -0.050189577 -0.523623168 -0.354453981 0.502312601 0.390841484 0.391331255
-0.855053008 0.611805916 -0.892716467 0.501757026 -0.583174229 0.823250353 0.838318944 0.522565544
0.18587707 -0.977449715 -0.786040545 0.713735938 -0.409686327 -1.0382551 0.158211514 -0.984291136
0.0691721216 1.06926501 0.705786407 0.774795234 -0.332270265 -1.037992 0.211252838 1.04621613
0.927097499 0.459902287 -0.779261112 -0.575198412 -0.629438877 0.858805776 0.906076431 0.449498087
-0.80678606 0.75636673 -0.904999912 0.476280183 -0.948390484 -0.418348491 0.928398132 -0.4786475
-0.446887463 0.97519958 0.776298106 -0.724826276 0.821063638 0.79011935 0.95045197 0.571067572
0.797087848 0.552816153 0.538762152 -0.921068072 -0.950120807 -0.353632063 -0.830547214 0.6035164
0.940547287 -0.506754875 -0.553739786 -0.802740991 0.386962593 -1.14376378 0.440644205 0.89849478
0.45769465 0.880305469 -1.08095205 0.180741951 -0.684564888 0.835706294 0.827644825 -0.707658768
-0.0793235749 0.969713569 0.32483387 -0.942073822 0.490242898 -0.824842036 -0.981975198 0.236477762
-0.796953797 0.734969616 0.382250577 -0.965878129 0.300162464 -1.05023813 -0.868944943 0.419763565
0.964443743 -0.412527651 0.62388432 -0.97600919 1.01580012 0.415821701 -1.08492005 -0.159658208
-0.890333891 0.553762555 -1.04712069 0.0513166673 1.02941096 -0.155349731 0.778286517 -0.734063625
1.0286516 -0.259149462 -0.910624683 0.412353516 -1.11538351 0.311133087 0.138049603 -0.991260231
-0.476326466 -0.893852055 -0.887875378 0.758634627 0.647922099 0.793986797 0.964034736 -0.612049282
0.139065638 -1.10932434 0.493450075 0.945923746 -0.560449123 -0.84196645 0.59327507 0.961996019
0.681397259 -0.590865195 -0.358741403 1.04714346 0.0539023876 -1.16832018 0.788627684 -0.587932944
1.00842357 0.376216382 1.01391554 -0.252324998 0.415875971 0.998912632 -0.574228048 -0.892801464
0.706872582 0.661245525 -1.00511956 0.110714905 0.941946745 0.509562731 0.863755226 -0.606270194
0.694712818 -0.856688023 0.089523077 -1.05007648 -0.711978137 0.810986936 -0.828549445 -0.678346217
-1.03043211 -0.0406185202 1.1300174 0.0689598545 0.946951449 -0.320073694 0.32998383 0.975633025
-0.946336627 0.322639138 -0.976620972 -0.516670108 -0.10795743 0.951082349 0.247826189 0.941017568
-1.03175855 0.143469155 1.09782124 0.14335686 0.390090346 -0.986937761 -1.04023182 -0.244681612
-0.53345722 0.853531361 -0.835356891 0.62227881 -0.880222082 0.523093402 -0.989875138 0.410926729
0.259155869 -1.04772651 0.465759277 0.939349771 0.423372805 -0.938512206 -0.215317473 -1.0964874
0.792507052 -0.777271986 -0.989732265 -0.464541733 1.1029551 0.103537239 0.792555988 0.693787277
-0.7050789 -0.826981127 0.6272313 0.729375422 -0.207882583 -1.07597649 0.0724006519 1.07711148
-0.128998756 -1.07341313 0.759512663 0.862838328 0.943683743 0.344035417 -0.687494814 -0.694394171
1.03410697 0.275314122 0.961016059 -0.427249759 -0.978989244 -0.499231935 -0.763123572 -0.690923929
1.01306236 -0.15880467 0.745695949 0.77256918 -0.171675473 1.04865813 1.03683579 0.522341847
0.525530815 0.996372521 -0.756626308 -0.655685306 -0.887076855 -0.760786235 -1.02021945 -0.160553455
0.155915052 -1.06512928 0.460307002 -0.905324042 1.07485318 0.265986919 1.05318916 0.0469749942
-0.217991054 1.03546977 -0.874789119 0.644069135 0.455152273 0.931484938 -0.923940361 0.455007762
0.795352817 -0.640369117 -0.217866763 0.994882345 -0.137242869 -1.0951736 -0.0112735527 1.10075319
0.87317729 -0.537709773 -1.00544465 -0.203385636 0.880478978 -0.635776579 0.783023894 0.674289644
0.938795567 -0.302646935 0.848169863 0.535860002 -0.0981672555 1.10748947 -0.366830558 -1.0230937
0.832983255 0.619746983 -0.806383848 0.616314828 0.362506449 -1.02898371 -1.02259362 -0.152362779
0.831193924 -0.746786416 -1.00476587 0.00260531646 0.660188258 0.750635684 0.0398381911 1.02096486
-0.764969528 -0.700617433 -0.563593686 -0.791682363 -0.627363682 -0.84123677 -0.748170316 0.680792749
-0.352169752 1.0052433 -1.09643281 0.151082784 0.956357121 0.380387694 -1.03861499 -0.485924929
-0.183072299 0.953549206 -0.766716421 -0.664760649 -0.949867785 0.450370222 0.952900171 0.407462448
-0.427154869 0.89727962 -0.240754902 -1.0020076 0.801980376 0.653857648 1.00175333 0.185058162
0.119123958 -1.0193969 0.951829612 -0.396887928 0.711129785 -0.78619951 -0.0626533106 0.980469584
0.940201283 -0.383127272 0.794735193 0.69382292 1.08626139 0.126941338 1.12797678 0.0800710768
-0.207900256 0.930541396 -0.56459552 0.833697677 0.420100838 0.922201395 0.546820819 0.833370626
0.76327455 -0.705284536 0.0753436983 -1.16500735 0.600921333 0.848106921 -0.936281502 -0.614543557
0.594646096 -0.912860632 -0.924472809 0.410208553 -0.435987681 0.968381286 0.0874750093 1.02624762
-1.07449222 -0.276628494 1.02639413 -0.302318454 1.07835388 0.297903806 -0.999188185 0.175141186
0.409282237 0.29391405 0.281209052 0.443246782 0.167549685 -0.543174803 -0.310145497 0.495494604
-0.266583085 -0.508607805 0.317311615 0.426410347 -0.0918548033 -0.603346705 -0.439554036 0.533907712
-0.0417614095 -0.485816002 0.0173391402 0.587353051 0.262096614 0.448854208 -0.446177423 -0.297580034
-0.532039404 -0.0366636105 -0.573368907 -0.288867533 -0.17744647 -0.483666718 -0.274873912 0.476145625
0.522218943 -0.263590038 0.434289962 -0.314283699 0.480413198 -0.213808015 0.663631201 -0.14893195
-0.0413064063 0.504508197 0.0803024769 0.527624547 -0.308966339 -0.454651386 -0.464385301 -0.280614346
-0.389619201 0.362883478 0.46937874 0.326378077 0.218270123 0.454416811 0.422395885 0.17806448
-0.412948728 -0.43600139 -0.440100402 0.382401347 0.552413344 -0.187914908 0.20273605 0.497843951
0.459426582 -0.335689873 -0.582414329 0.108426817 0.321615458 -0.545697868 0.179608837 0.447563797
0.00943030324 0.463685393 -0.373901546 -0.309754342 -0.492722243 0.209979981 -0.549433827 -0.209694922
-0.250923514 -0.455467552 -0.490580767 0.255734265 -0.43106097 0.319547892 -0.100555889 0.503625631
-0.0693679675 0.644973934 0.38998884 -0.387308061 -0.235532001 -0.511405826 0.0616265573 0.586454749
0.748040795 0.849124014 -0.321855336 0.999731779 -0.350773543 1.09211564 0.541046858 0.964282393
0.80012536 0.650558293 0.384603262 -1.02743316 0.717147529 -0.877803326 -0.429011315 -0.865244687
-0.232331872 0.959278882 1.0175662 -0.354620785 -0.980696261 -0.196846336 1.07342589 0.197452232
0.901001811 0.0996835381 -0.539427638 -0.878403783 0.861250818 0.626361668 -0.167835981 -1.05735409
-0.972704232 -0.540417373 0.884222746 -0.189642921 -0.0345396549 1.17802453 0.801154554 -0.3700625
-0.832598627 0.442721456 0.642423451 0.926545501 0.968699098 -0.55630821 -0.596656442 0.852518022
-1.06267464 -0.108196162 -0.907314897 0.609259903 0.951384544 0.604124248 1.02285588 -0.167519674
0.719293416 -0.833604336 0.352362782 -1.02689278 0.810597122 -0.5816558 -1.00862181 0.244703934
-0.964280128 -0.224183097 0.0791817531 0.986117363 -0.75417918 -0.717754662 -0.203871772 -1.10272312
-1.06991684 0.24737744 -0.467518628 -1.03388965 1.06498575 0.0659328997 -0.69796598 -0.811671555
-0.983736217 0.0329243988 1.05002046 -0.353382945 0.843464017 -0.573035359 0.986976385 0.375418812
-1.0741204 0.130797043 -0.306666136 -1.01817822 0.963429391 0.3134422 -1.12469172 -0.33567968
0.023808172 -0.532440901 0.480508417 0.23034355 0.289730698 -0.429843575 0.450189531 0.278865546
-0.283879161 0.326678127 0.50923872 0.0660020486 -0.00695628021 0.53443867 0.615850747 0.0320880115
-0.553725481 0.0946169794 -0.32713151 0.403905362 -0.139186978 0.520866811 -0.00806550123 0.544229507
0.169859141 -0.492503226 0.388613999 -0.407474488 -0.285887271 -0.44985047 0.287297875 0.531689405
-0.350585639 0.368845731 -0.23846662 -0.323549151 0.157396108 0.435125947 0.521591067 0.205513075
0.0617507473 -0.590101838 0.55726254 -0.0230725557 -0.457222044 -0.336856395 -0.360972196 0.331423283
0.0575460531 -0.447682738 0.102989689 0.477187485 -0.497742683 -0.354156166 0.277043998 0.43994385
-0.591316044 -0.275440544 0.291771263 -0.315108865 -0.202220216 0.49094364 -0.324481308 -0.420196623
-0.296886712 -0.410071671 -0.107312411 -0.574678779 -0.631431043 -0.0896656066 0.533704877 0.121861711
0.31155476 0.480826437 0.4682585 0.449464768 -0.104933247 0.701543331 0.457829386 -0.16562742
0.412104636 0.204162255 -0.0633335263 -0.52899611 0.0203757901 -0.51346159 0.214926675 0.430254519
0.245586917 -0.465145439 0.512844741 0.222276255 -0.219396457 -0.475958854 -0.407772839 -0.371585667
-0.02693009 -1.07066274 -0.556378067 -0.80693686 -0.418090492 1.04213655 -0.745110571 0.689043999
1.03216672 -0.472110063 0.335611433 0.910451233 1.06054223 0.0508856513 -0.126528189 -1.11545742
-0.580890179 -0.819218993 -1.00058401 0.392881632 -0.553538501 -0.82005471 0.709128678 -0.703305721
-0.932621896 0.156354412 -0.174796522 1.04571402 1.08059251 0.194060221 -1.08774507 -0.0567702129
0.359209388 -1.00207114 -0.363195091 -0.977462411 0.243386835 0.968062341 1.0370059 0.0025942903
0.868054628 0.61919558 0.0742418617 -1.01198101 -0.00683229882 -1.07658005 0.98135972 -0.352655858
1.0331825 -0.324432522 0.63816154 -0.781173825 0.565635681 0.830603242 -0.361581445 -1.01960194
0.18327406 1.03141451 0.613932908 -0.876681387 0.497328341 0.935986042 0.221915022 1.02839291
-1.01190865 0.365790129 0.572282434 0.87329036 -0.766448021 -0.720457733 -0.850551426 -0.61537236
0.881522357 -0.662662208 0.398249686 0.917189181 -0.0162404645 1.02452672 1.06116498 0.380363017
0.303358316 -1.04022098 -0.256423861 1.01572001 1.08840704 0.0893011987 0.831383228 -0.468329132
-0.445861906 0.951252997 0.28903532 -1.08340275 0.678812921 0.817935765 0.483111322 0.827710152
0.712580085 0.685709953 -0.996667683 -0.241896734 -1.05355942 -0.25251776 0.84890908 0.794780672
0.233051971 -1.00734758 -0.428862721 -0.96391052 0.167506397 1.00844586 0.504736543 -1.02613902
0.363979638 0.987918317 0.723309636 0.771941066 0.593404353 -0.800931871 1.0863843 -0.00757402647
1.0956248 -0.0805723518 -0.434488028 -0.916835427 0.278749347 1.05049872 -0.968614221 -0.319683969
0.524579823 -0.948423326 1.04953814 0.0170897692 -0.978164852 -0.182169855 -1.02345943 -0.210786775
-0.786663592 -0.67399627 0.91789335 -0.525661469 -0.638944924 -0.687111259 0.507441759 0.971269488
-1.05831528 -0.231181473 0.953139424 0.0262394287 0.115378313 -1.04926181 0.625442564 -0.814751387
1.10922921 -0.0223503001 -0.314195871 -0.990015328 0.866068304 -0.616682112 -1.02756977 -0.192108333
0.972640455 0.36477375 -0.134440273 -1.09388661 -1.02905369 -0.317373335 0.873971164 -0.496294171
1.0489831 -0.243337229 -0.977729499 -0.197216421 0.306204587 0.94950521 1.09750235 0.230252028
-0.716024876 0.984051824 0.491186589 0.857860386 -0.155149609 0.960671723 -0.993363678 -0.435180694
-0.682621777 -0.752766788 0.0722232834 0.969897807 -0.60875237 0.934484661 1.02780223 -0.116414391
-0.436026156 0.378033936 0.504946589 -0.0904543623 -0.198128298 0.53488481 -0.343857169 0.447511733
0.581050813 0.0523443334 0.361661583 -0.320867836 0.144908264 -0.549517334 -0.0274161678 -0.508194447
-0.245799378 0.521170795 -0.0768392161 0.519127607 -0.342453599 -0.375192136 0.114235066 -0.514489889
-0.491552591 0.0723879412 0.473495841 -0.0447058491 -0.595347047 0.258427382 0.564513922 0.263162673
-0.133890867 0.633759022 -0.423031241 0.364023477 -0.102080457 0.610642135 -0.270157516 -0.471082181
0.430087715 -0.391298056 0.121166371 -0.385761231 -0.16345033 0.526526451 0.331496626 0.353068203
-0.505228221 0.156581283 0.448635697 0.36085403 0.549988389 -0.0752007589 0.411430418 0.300602406
-0.146431133 0.565013468 -0.0945063084 -0.483134747 -0.459759653 -0.19429937 0.350902557 0.390480995
0.0299449302 0.510030389 0.575815141 -0.322828472 -0.512123823 -0.203065068 0.405514449 -0.423935026
0.519486904 -0.00492132409 -0.424247533 -0.368765652 0.418690771 -0.256016105 0.207723781 -0.41790542
-0.128284395 -0.498776406 -0.34563303 0.239474148 -0.0279845037 -0.606462836 -0.32660681 0.497527748
0.186771467 0.544668674 0.430569977 -0.335957229 0.247118056 -0.594592094 0.0971570984 0.551429093
-0.766136527 -0.822468042 0.365321457 1.00166559 1.12609529 0.0667075068 0.173388913 1.11272323
-0.0052108895 -0.946387827 -0.963351011 -0.253712714 0.764753878 -0.747359872 0.880583048 0.418808848
0.943764508 -0.582994998 0.563528001 0.976351619 -0.329448521 1.00658536 -1.03588533 -0.319774091
-0.272983283 -1.06773198 -0.807965934 0.568558455 -0.96840775 0.19522807 0.685439706 -0.839755356
-0.0667706281 1.05948973 1.07415903 -0.114403464 0.762279689 0.680965543 1.00632572 0.245554417
-0.926958203 0.400876999 -0.241431013 1.03612554 -0.874628186 -0.323165685 -0.767987132 -0.74388653
-0.752750397 -0.825775385 0.948884547 0.455489308 -0.535917699 -0.903588891 0.981115699 -0.252584934
1.08157229 -0.034766566 0.867721438 0.686771452 -1.07827187 0.309035897 1.01889133 0.038303677
0.773102403 0.638276279 0.985583186 0.268041313 0.0896850601 0.910375237 -0.553634822 -0.865009308
0.116926417 -1.06625104 -0.546064794 0.909053922 0.8744151 -0.756587446 0.892334044 -0.110783987
1.02568412 -0.184560373 0.627199531 -0.795101464 -1.02782702 -0.343828946 -0.0374677218 -1.09744203
0.238013953 1.05222571 -1.08201766 0.0590682812 0.888711751 0.531926334 -0.654832959 0.837921441
-0.322836667 -0.965185761 -0.950165451 0.277288377 -0.238014758 -0.972208917 -1.00530529 -0.0986866355
0.326449424 1.02712142 0.261476964 1.05723333 -0.482153207 -0.927663803 -0.70040375 0.749457657
0.634268105 0.835228086 -0.967763186 -0.64368099 -0.95071286 -0.485163867 0.742083788 0.708814383
0.643158495 -0.760200441 -0.243223414 1.00968719 -0.166649669 -1.01940477 -0.794991076 -0.761427939
-0.478322148 0.868841827 -0.413009197 -1.09510911 0.19273816 1.00632775 0.250413239 -0.978427947
-0.985912144 0.266727477 0.944765985 0.570361853 -1.0600028 0.0872648433 -1.02910483 -0.156221882
-0.224393114 0.958127499 -0.918511927 -0.443013191 1.09051013 0.14174591 0.976432562 0.531177461
0.598838925 0.871810257 0.624926388 0.928456008 -0.986691058 -0.267260045 0.686981559 -0.691303611
-0.975402892 0.137556911 0.151179284 1.12182963 -0.0266096015 -1.04835534 -0.1386794 1.01024938
1.03757989 -0.315122187 0.643260896 0.825864673 -0.139490545 -1.05676556 -0.528082788 0.879732847
0.184226066 -1.06359041 0.674552143 0.863273621 0.903491616 0.602099538 -0.786774337 -0.732202291
0.142064989 0.980578244 0.30613631 0.947108746 -0.894417107 0.539174199 0.875315368 0.358138025
-0.430633307 0.178482577 -0.486138225 0.338020504 -0.391369581 -0.26018393 -0.517794192 0.296190351
-0.203257546 0.507302999 0.0731248036 0.482435167 0.454804122 -0.150451586 0.331533283 -0.508415759
-0.589623034 -0.233975798 -0.263091087 0.50886631 0.220351726 -0.486816108 0.0762290061 0.581547022
-0.102206022 -0.473408908 0.517896235 -0.0123449164 -0.495642394 -0.151222169 0.517909884 -0.172500208
-0.573512852 -0.17384778 -0.030903073 -0.572260618 -0.374325573 -0.354847103 -0.299252152 -0.432689548
-0.390427411 -0.308793217 0.593942881 0.0810756087 -0.5235461 -0.102943867 0.444472522 0.302795351
0.420337915 0.365132153 0.514902174 -0.280807525 0.192505255 0.457698613 0.474017084 0.0684287325
-0.0198906381 -0.512586832 -0.313779473 -0.451270074 -0.531664371 -0.198118538 -0.352069527 0.411016881
-0.295931518 -0.339599699 0.0873014927 -0.533540368 0.484063983 -0.182268411 -0.35951966 -0.499253184
0.525114775 -0.140273049 -0.353502184 0.375573784 0.623377383 0.0733886808 0.41136384 0.42247951
0.322520286 0.387588054 0.448623568 0.356387645 0.402118325 0.283682019 -0.49566853 0.271530509
-0.338868827 0.437113017 0.0966169089 0.500404179 0.604231715 -0.177186057 -0.510160208 -0.239100128
0.374006152 -0.96958667 -0.589283168 0.903727949 -0.926922679 0.407300532 0.877958834 -0.742209017
-0.0960469544 1.11988735 0.248675346 -1.01476896 -0.19629845 0.905759931 -0.782164633 -0.678957999
0.933245063 0.338049322 1.02361238 0.333151907 -1.10881853 -0.306236029 -0.129113689 1.0200932
0.762174785 0.601401031 1.07512319 -0.0902847722 -0.903146982 -0.609324872 0.451075137 -0.915080249
0.403711885 0.959043264 -0.0635169074 1.12129664 0.92469871 0.656153917 -0.794175148 0.72138828
0.48898086 0.913433492 -0.635541677 -0.859368205 -0.930335701 0.317462653 -0.0434043594 -1.01748657
-1.15182483 0.221768484 0.909092307 -0.511492848 -0.0761515349 -1.00417864 0.86168921 -0.608221054
1.04435575 0.360316783 0.614904463 -0.905923247 -1.01372945 0.35988304 -0.542590082 0.978010535
1.00598121 0.0929276869 0.241458952 0.927586854 0.576483548 0.799990952 0.870084643 0.527512074
-0.182233006 -1.01368356 0.952819645 -0.432495803 0.581849933 0.923747718 1.10402167 0.0559464768
0.247321576 -1.0490216 1.10901237 -0.0137624796 0.768740356 -0.749485493 0.206474736 1.05319488
-0.984811246 0.272747546 -0.751635671 0.670030415 0.288924128 -0.990833223 0.24882625 1.05771935
0.503161371 -0.134089217 0.495248377 -0.390797049 -0.460459799 -0.230447903 -0.491352588 -0.252878726
-0.234993428 0.444181383 0.436850816 -0.175719932 0.324660391 -0.390313506 -0.37859866 0.318201035
-0.26105231 0.485108852 0.453917205 -0.251660675 -0.489213586 -0.198840469 0.549002051 -0.0537778661
0.166422054 -0.545641243 -0.578078628 0.239543334 -0.456357598 -0.334839702 0.135428816 -0.540892541
-0.380179465 -0.346388906 -0.405604601 -0.0184310805 -0.193755656 -0.411615491 -0.462412149 -0.0346137695
0.199059561 0.462964922 0.4945454 -0.0153060602 0.403544515 0.342975944 0.135668412 -0.514911354
-0.441609561 0.352211654 0.586588621 0.0506565236 0.129607305 -0.550476909 0.476180881 -0.222498775
0.224100754 -0.541631579 -0.281267911 0.47597307 -0.45802629 0.380994648 -0.452767909 -0.303630382
-0.125364229 0.552351832 -0.294589907 0.477797776 0.547435641 0.127846584 0.275090992 -0.469191879
0.421773344 -0.30114162 0.457524717 0.226457462 0.027227534 0.590981305 0.201258525 0.521400571
0.166813821 0.442330986 0.368288398 -0.436879188 -0.343721777 0.363209397 -0.488964558 0.280425251
-0.384269506 0.253070414 -0.34001717 0.493641019 0.495592445 -0.295968384 0.390500873 0.417656094
0.582696915 0.0808199197 0.474357545 -0.310673058 0.463365763 0.0794643238 0.326185018 -0.340589523
-0.122034922 0.516161859 0.0653400794 0.431159973 0.328884214 -0.390523434 -0.212461427 0.486717552
-0.526131868 0.0603871346 -0.380604535 0.368200094 -0.424016356 -0.393770754 0.404794574 0.28922376
-0.35603404 -0.446320474 0.479202658 0.211506128 -0.238891885 -0.485857189 -0.29522413 -0.4587861
0.127241582 0.509359896 0.317187518 -0.431257814 -0.293377727 -0.471495092 -0.179782301 -0.451601177
-0.475088894 0.305310637 0.533638179 -0.103759743 -0.0351829529 0.430989891 -0.251118124 -0.479753315
-0.408295006 0.346437275 -0.500983179 -0.237553462 -0.0392179601 -0.54367274 0.530982137 -0.0330747738
0.0384176858 0.498720586 0.24997434 -0.489233822 -0.25785023 -0.479543835 -0.117322683 -0.529303551
-0.156275094 0.532867551 -0.0871647298 -0.525880992 0.523406625 -0.0265086889 0.0348255709 0.528031468
-0.429640144 0.256793886 -0.387287885 0.295178652 0.260311246 0.485414803 0.0824642777 0.447456002
0.502727211 -0.214856938 -0.108623438 0.590310752 0.539212465 0.273649335 -0.526390195 0.134434432
0.545618534 0.201762021 0.503077984 0.27034235 -0.553781152 -0.106561787 0.285907477 0.481946409
0.413555086 0.474162757 -0.460591882 0.269315809 0.613004088 -0.158727199 -0.0355663784 0.514284015
0.358103603 -0.379663616 0.131003618 0.543564677 0.261586457 0.533201039 -0.521632195 -0.218111306
-0.101814471 -0.528275609 0.347767919 0.41968298 0.398173988 0.217766032 -0.473516732 -0.254691899
-0.348028123 0.420998365 0.394355804 -0.299854755 -0.28194797 0.539281726 0.229833111 -0.521305025
-0.445909679 -0.292135924 -0.126886457 0.454388976 0.545690119 -0.283507288 -0.491848081 0.309737951
-0.22739248 0.526678741 -0.587218225 -0.1162249 0.618803144 -0.13439846 0.429669023 0.309713244
0.107250795 0.531127214 -0.0174298957 0.547334611 0.639297545 0.105055958 0.55431962 0.184023425
0.333135873 0.610259831 -0.408756167 0.389711589 -0.537758887 -0.281456947 -0.20344986 0.515371323
0.351468623 -0.312344909 0.0578817613 0.575545669 -0.0718737841 -0.536515951 0.350836098 0.362383038
-0.515539765 0.35246852 -0.362990439 0.45460394 -0.153696448 0.436429292 0.621630609 -0.113626942
-0.147655889 -0.435674518 -0.450235426 -0.245902076 0.0936660841 -0.493304312 0.336822122 -0.404902011
0.24469839 -0.503263354 -0.11975465 0.532177389 0.281221837 -0.305901378 0.509650946 -0.241801038
0.131411195 -1.04514349 -0.58262068 -0.868209958 0.434344918 -1.04299366 -1.01192105 0.000742271077
-1.00175583 0.532322586 0.0283382218 -1.16920626 0.00730905216 -1.09712541 0.468726069 -0.914512157
-0.560501039 -0.951224864 1.07931149 -0.0355434604 -0.986694574 -0.570600033 -0.654037654 0.824487686
0.870381773 0.5122419 0.495085806 0.959213257 -0.101485424 -1.06667042 -0.463606864 -0.873068154
0.434692115 0.993219197 -1.07355618 0.142901212 -0.798697948 0.615193903 0.356449038 1.07635379
-0.319080561 -1.04238105 -0.892123818 0.750939131 -0.728888452 0.713888109 0.664278746 0.759522557
-0.792652786 0.531911194 -0.906354129 0.548118114 0.493427843 0.934223235 0.994399607 -0.396067798
0.348451674 -0.943943739 0.390306711 0.969864428 -0.374243677 0.972207487 -0.849666178 0.568460345
0.920178652 -0.450830579 0.984306276 -0.478984267 0.702449083 -0.768126249 -0.354116052 -0.949403226
0.0444613509 1.06019211 0.670471311 -0.797710299 -0.552485406 0.838646948 -0.0510218553 -1.07884359
-0.307298243 0.93785435 0.477113664 0.82563895 1.00632775 0.253204197 0.0888954848 1.07047963
0.929038227 -0.376564294 0.757253051 -0.869271934 0.801930666 -0.78419441 0.666226327 0.801119208
-0.405686051 0.973457456 -0.998049319 -0.1002286 -1.09357607 -0.108943596 0.291668683 0.968852043
1.00243628 0.499839216 -1.05451608 0.374760747 0.978956759 0.158501074 0.887054324 -0.489559889
-1.0032196 -0.288911164 -0.802198708 -0.76134336 -0.246754766 1.08736026 0.663371742 0.859555781
0.844781339 -0.331015259 0.602592051 -0.813438177 -0.22665529 -0.96908921 -0.466325104 0.848327219
-1.04145515 -0.0441891253 -0.646772027 -0.84307766 -0.759056747 -0.705523968 0.986808062 0.449780971
0.607936919 -0.7674793 -0.0757043585 -1.07507038 -0.453334689 0.883491516 -0.694683015 -0.695369303
1.05215538 -0.165388733 -0.957613349 -0.521083176 0.567776263 -0.98033303 1.07935476 -0.00241313339
0.362066001 -0.975427866 0.054055091 1.03433871 0.364806741 1.0866487 -0.639874935 -0.859684229
-0.932751834 -0.418281317 1.04903185 0.491604775 0.339869976 1.02846229 -0.566333771 -0.907727778
1.07363057 0.0011234181 -0.853502274 -0.532545149 0.542047203 0.94791007 -1.04124868 -0.564270258
0.968232989 0.29902491 0.445172042 0.822870314 0.457894355 0.893074214 0.941752553 -0.455100149
1.06308222 0.121786818 1.00592971 0.535442531 -0.919313371 -0.540064156 0.872425079 0.499929577
0.66069746 0.097703293 0.227957606 0.429710269 -0.284933895 0.421972156 -0.349629283 -0.582035124
0.574644744 0.160507783 -0.257149786 -0.462027341 -0.498111069 0.402856231 0.10974586 0.483252823
0.265533328 0.568324924 -0.527204752 -0.0111845927 -0.416500509 0.362566978 0.468052536 -0.198737592
0.461889446 -0.157906353 0.0296899546 -0.538871884 0.235715687 -0.498995274 0.158525929 0.494023323
0.514199078 0.177378654 0.545848489 0.102611393 0.386699945 -0.364989787 -0.212209299 0.599617183
0.145699486 0.531617284 0.00662526721 -0.474318981 0.412620634 -0.304094553 -0.502705932 0.308396757
0.447157621 -0.332765549 0.212129578 -0.467603177 -0.479448587 0.0627396256 -0.412836552 0.374744684
-0.071680598 -0.580353796 0.302214444 0.314485043 -0.0472401604 0.565256536 -0.254199594 -0.537993014
0.475309283 -0.443635225 0.188996151 -0.484982371 0.462573349 0.313182443 0.504952252 0.255966991
0.398205817 -0.37973541 0.378201663 -0.410832137 0.199159667 -0.420227528 0.565349936 -0.0309088584
-0.46301657 -0.242744803 0.363785774 0.382874668 -0.0245895833 0.497729033 0.144707665 -0.491492063
-0.490917206 0.0815180913 -0.48001197 -0.329474092 0.181534305 0.465696931 -0.148778409 -0.441628426
-0.937548161 -0.0091438219 -0.0498135798 1.05378616 -0.0782184526 -1.144243 0.0961160734 -0.994550467
-0.364899963 -0.979253769 -0.769355774 -0.730863035 -0.096184507 1.02189231 0.258712351 1.02938437
0.837602139 0.413580924 0.218959555 1.06629074 0.678195834 0.768494248 -1.01102328 0.100352779
-0.225335374 1.14337635 -0.0227106065 0.943371117 -0.692659736 -0.884208977 -1.0273416 -0.256475598
0.524739563 -0.940631568 -0.879932582 0.672126412 0.198209122 1.08460999 -0.900807023 0.576327622
-0.979686618 0.0086218752 -0.987208784 0.598916054 -0.228830457 0.882467806 -0.451269627 -0.903586566
-0.828964472 -0.701364756 0.512517631 -0.910877645 0.784945369 -0.759359121 0.610554218 -0.854505777
-0.964714944 0.00931107532 -0.301651478 -0.997187912 -0.919372499 -0.308548778 1.10731435 -0.0115995239
0.993714929 0.444316208 -0.511676252 0.867660642 -0.216984883 1.0283004 0.0610324666 0.935824037
-0.508737624 -0.788681328 1.07208657 0.14224942 -1.00260651 0.212640598 -1.09513819 0.275866866
0.915621936 0.511901379 0.46022293 -0.970527589 0.21835424 -1.04009295 -0.838249624 0.781558514
0.757162035 0.641388655 0.123236418 1.03419673 0.340003133 -1.01687407 -0.440403104 -0.961552262
-0.118111275 -0.573784053 0.0241594631 0.597078204 -0.204013497 0.500806749 0.13044776 0.627044201
-0.393054962 -0.32634142 -0.406587124 -0.290100396 0.465708464 -0.330475211 0.229343578 -0.595252216
0.502084613 0.256476551 -0.520494521 0.0392143875 0.401581079 -0.451340497 0.205005184 0.534477949
0.59875077 -0.199404314 0.388177127 -0.340110093 0.0578201972 -0.534338474 -0.384159178 -0.489452213
0.223125413 0.537910521 -0.574182391 -0.0170976315 0.55383414 -0.164522693 -0.180287346 -0.588513374
0.474247187 -0.211424798 0.535936296 -0.0957182869 0.498381525 0.132026181 0.0219468065 -0.532725275
-0.31991443 0.447339267 0.255637616 0.47497499 0.320103526 -0.479026973 -0.423434347 0.263166189
-0.474520534 0.168395743 0.584962249 -0.0464393646 -0.12556538 -0.52622962 -0.265334338 0.437174559
0.547554851 0.430083841 0.367957443 -0.341121376 0.216769084 0.466115773 0.154954597 0.59293437
0.447383434 -0.240106985 0.0841701925 0.501687646 0.322727501 0.505246758 0.322283417 0.551231742
-0.476982117 -0.138150483 0.511204422 -0.368475765 0.451255977 -0.100144446 -0.536012113 0.0280784406
0.184729397 -0.631435752 -0.515821755 0.132116914 -0.498325497 0.236935243 -0.0555461757 0.554877818
-0.330155104 -0.481056064 -0.544598341 0.138710529 -0.463726908 -0.131902605 0.031323377 -0.558144391
-0.494787246 -0.272480816 -0.288250148 0.489209443 0.633242071 -0.0300979856 0.386028588 0.425093949
-0.360021293 0.445045024 -0.563287318 0.243669659 -0.269505352 -0.446133167 -0.474189878 0.215967879
-0.478232294 0.206808195 -0.255859911 0.445315182 -0.08607582 0.654380918 0.29335624 -0.356709898
0.582548976 -0.169187054 -0.292450786 -0.324595153 0.439540833 0.302473217 -0.445671767 -0.257355452
0.382184446 -0.41977483 0.080781363 -0.601756573 0.176855713 0.49871093 0.175776541 0.495360345
0.465391994 0.12763992 0.106176883 -0.628439069 0.317696273 0.49935773 -0.24571608 -0.369159222
0.575577736 -0.293839395 -0.131448299 0.623605013 0.198754728 -0.630703509 0.629717112 0.162816659
-0.0729613155 0.462683827 -0.0305054635 0.627487659 0.0701161176 -0.505677581 0.611064613 0.0734878555
0.341583908 0.432181478 0.338244379 -0.414020479 -0.00636242982 -0.62552917 0.171857014 -0.506573915
0.148117065 0.513073027 0.131061345 -0.592804074 -0.602625787 -0.0646599829 -0.446734428 -0.304887831
0.271508008 -0.441456676 0.402016789 0.360627383 -0.495306164 -0.165463045 0.334239572 -0.492659271
0.814336777 -0.74302721 1.02395153 -0.204909712 0.60463047 -0.814378858 0.802371323 0.539606392
-0.409315884 -0.984903693 0.553723633 0.794669211 -0.760206521 -0.741745412 -0.490971982 -1.05184793
-0.706616521 -0.737603486 -0.346714646 -1.11607575 -1.02569413 0.503423154 0.337979198 0.883647501
-0.897277296 -0.576536775 -0.293305516 1.10326636 0.965600193 0.435088247 1.10528517 0.364827037
0.815953314 0.657500625 0.323166132 1.1052562 -0.06860888 1.06342399 -0.405730188 0.956513286
-0.584641159 0.82041353 -1.0220685 0.0279452838 0.431264818 0.97453022 0.993179977 -0.34228003
0.255814493 1.06999266 -0.338857621 0.970839083 0.189545915 0.968139708 -0.199069515 1.06549871
0.191503927 -1.01057267 -0.435148001 0.969305038 -0.612125099 0.905841053 -0.576250434 -0.962545633
0.971022785 0.492249519 -0.268085897 -1.01078117 -0.303869188 -0.909141481 1.00919938 -0.142396137
0.95259285 0.361174405 0.165750757 0.980639338 -0.191826791 1.01833117 -0.957361162 0.440059483
0.737377703 0.890597343 0.375910372 -0.982985616 0.986675739 -0.0434356146 0.171014771 -1.12391615
-0.897496164 0.245797902 -0.356094331 -0.972377181 0.358859628 -0.970326722 0.471737564 -0.958761752
0.081633091 0.995886445 0.53764838 -0.946221411 0.978963733 0.0684707314 0.984721482 0.284910798
-0.261930376 -0.947785854 0.813566625 0.717505753 1.07769871 -0.187857032 -0.927832246 -0.426958948
1.01784873 -0.359926671 -0.475627303 -0.897827983 -0.974575818 0.326304466 -0.990553141 0.370794475
0.932350874 0.524316609 -0.305468172 1.03963149 0.9280743 -0.622110367 -0.424624175 -0.955014169
-0.73181951 0.838279665 0.979311347 0.429727495 -0.733680844 -0.772565663 -0.944402695 -0.226580948
0.377603799 1.09275281 0.338502705 0.993550539 0.852432907 -0.54934299 -0.19897224 0.91848284
-0.490370214 -0.886031806 1.02891731 0.180588543 -1.01342618 0.439664841 1.01963222 0.121812306
0.439657807 0.919205606 0.974703491 -0.319299847 -1.12104356 -0.177511096 -0.969616115 0.332285374
-1.0593822 0.287162185 0.0839847848 -1.02343512 1.00450015 -0.178252444 0.648775697 0.953755617
-0.697037101 -0.749360502 -0.837359726 -0.66378969 -0.78607744 -0.612251997 -0.568292022 -0.827984452
-0.238308489 1.0477767 0.923353791 -0.518756151 0.645307183 -0.862971485 -1.06880105 -0.26745379
0.994171143 -0.427021414 0.951634705 -0.308957517 -0.964969039 0.279184222 1.02879405 0.573447764
-1.0036099 0.365600467 -0.885953248 0.476349115 0.00382482377 -1.03619361 0.792655945 0.711375892
-0.251351655 0.984528303 -0.952423573 0.273642302 0.433053046 0.907224655 0.36980176 -0.994340837
0.179609418 -0.999478161 0.243619755 1.04967344 0.273324966 -1.01594591 -0.672380567 -0.726676762
-0.572327614 -0.804218769 -0.738840699 -0.894123197 0.696170926 -0.940746486 -0.883148372 0.465812147
-0.362953991 0.981501997 0.84470129 -0.627430439 0.953744769 -0.42478475 -0.156193107 1.01048958
0.926293194 0.616595209 -0.586528718 -0.906319439 -0.262089342 1.00351882 -0.874910533 -0.458046943
-1.06053936 0.0217373762 -0.921253502 0.395702094 0.894458592 -0.442766309 -0.0210659672 -1.05985761
-0.824896216 0.658980846 -0.634448767 -0.689526141 0.599341154 -0.830537677 -0.812563241 -0.412760615
-1.10951781 0.3287476 -0.121569596 -1.04608858 -0.553848505 0.999960244 0.104456432 -0.998812735
0.325024247 0.908636391 -0.756707847 -0.766502738 0.846438289 0.60215354 -1.04038966 -0.197948441
0.608346939 0.857887387 1.08808076 -0.132790208 0.906472743 -0.422333449 -0.384391218 -0.997410059
-0.755659521 0.849907637 -0.946998775 -0.214253113 -0.766156495 -0.701184154 -0.539426327 -0.893188179
-0.197504923 1.02530921 0.941447198 -0.178508148 0.114362791 1.15167344 0.877048731 0.379686147
-1.03653359 0.214640558 0.0117197549 -1.18399048 0.824801087 0.742316127 0.688530982 0.71829015
0.169933036 -1.03777981 0.687846065 -0.811467588 -0.757244527 0.581790864 -0.280758172 -1.05750394
-0.791853368 -0.67597419 -0.818345845 0.567796707 0.689183116 -0.791865647 0.0735939965 1.0214057
-0.411010593 -1.06041455 0.59328109 0.860862136 -0.946610928 0.459714651 0.34035027 1.01831579
0.114994533 -1.10600626 0.936762869 -0.515600145 -1.04996002 0.168591902 0.509903908 -0.995053649
-0.395633847 -1.09373128 0.581721485 -0.782563984 0.926938295 0.204174414 -0.717738569 0.890830517
-0.219959691 1.0033319 0.972674251 0.652005672 1.05023766 -0.443700403 -0.885078788 0.399572849
-1.03481293 0.00618176488 -1.03113115 -0.212055176 0.390957087 -1.00419593 -0.0361200571 -1.07992423
0.336593032 0.967582107 0.725797832 0.945737243 1.12052584 0.308037072 -0.767916977 0.804561496
0.708164871 -0.70773834 0.826412261 -0.588059783 -0.896979928 -0.522679389 1.00918722 0.132555857
0.530442536 0.907347739 0.547153592 0.85926646 0.83083415 0.663758636 -0.146666676 -1.05527866
0.1737497 -0.409676611 0.0550164059 0.51727587 0.0181379393 -0.670677006 -0.601579309 -0.237261102
0.0370228514 0.652525067 0.497226328 0.166147977 0.242533594 -0.451931566 0.53380537 -0.0342956074
0.547830939 0.236632198 0.121028394 0.50796777 -0.488646477 0.0984941423 0.481951028 0.0760276616
0.372715622 0.308090687 0.507912517 -0.163667053 -0.341219604 0.438390642 0.178047642 -0.624652326
0.526818931 -0.0431404971 -0.353762984 -0.334764898 0.483324707 0.265087992 -0.10091529 -0.536449194
0.440225065 0.322538435 0.264406085 0.400181353 -0.361085057 -0.383293897 0.165112793 0.503617287
-0.466428816 -0.336087346 -0.0961936116 -0.586809754 -0.374118179 -0.332083136 0.391301095 -0.415859401
0.221088439 -0.5233531 0.481199741 0.0539208949 0.529605091 -0.274970949 -0.499858439 -0.275832623
-0.623052478 -0.0173370242 -0.239477798 -0.562400281 0.54323554 -0.179938272 0.497000575 0.287346989
-0.131026343 -0.483262032 0.452904761 -0.39734143 -0.0807183087 0.527655303 0.118345901 0.526621521
0.184336916 -0.560169756 -0.329729795 0.363446683 0.577750027 0.0181225073 0.511652768 -0.00307256938
-0.276528955 0.441218138 -0.356427521 -0.463948041 -0.437239468 0.361144215 0.517256498 -0.0225194376
0.265625268 0.343776166 0.52608943 -0.182080269 -0.12790969 0.567544043 0.241456449 0.478373587
-0.405060679 0.333968759 -0.11689432 -0.497541726 -0.0130361244 0.556765139 0.201347843 -0.570198059
0.120956846 -0.555244207 -0.247720033 0.483870029 0.0560746007 0.584119499 0.097906135 0.525000811
-0.564561903 0.0690645054 -0.175380871 0.457776606 -0.169174239 0.543155372 0.0625897646 0.557054281
-0.242179632 0.51661849 0.595731735 -0.0229698513 -0.124161258 -0.524688542 0.133215427 -0.540951073
-0.377388746 0.416130751 0.524045229 0.296618104 -0.326984167 0.435596585 0.384037912 -0.323448211
0.131773621 0.592171669 -0.166284367 0.493887216 -0.0558879487 0.488772213 -0.335596591 -0.401905388
-0.510546625 0.359348625 0.143195271 0.468995899 -0.458795905 -0.135876268 0.318149775 -0.483381033
0.356708914 0.41412425 0.476832211 0.251610547 -0.157281101 0.578744352 0.554904401 -0.330592811
0.406818092 -0.404365867 -0.563825607 -0.159446627 -0.454443812 -0.435963005 -0.406548113 0.388976514
-0.444821477 0.0354622751 0.603727996 -0.106209129 -0.643017471 -0.0285529718 -0.402557671 0.380000502
0.476066649 -0.362252951 0.489107013 0.322221607 -0.17521441 0.441417217 0.548191845 0.0436296947
1.01579559 0.265767932 -1.0711813 0.210049123 -1.03530025 0.116757758 0.708433986 -0.887491226
0.859817922 0.594417095 0.838175356 0.628550291 -0.996471703 -0.451028138 -0.619347155 0.827471375
0.475853354 -0.873217762 -0.996834099 0.278546989 -0.853457272 0.533880174 0.364609003 -1.09537601
-0.144428492 0.985329568 -0.679334044 -0.840746403 1.03861356 0.0214009397 -0.995805502 -0.418723732
0.236244544 -0.974624634 1.13430297 0.0820453539 0.116866462 -1.05507541 -0.650360167 0.915852308
-0.173098996 -1.03334844 0.958812356 -0.458117843 1.00035524 -0.0831015706 1.08568704 -0.214826524
0.976380169 0.0571947321 0.976020813 -0.11086753 -0.586739957 0.743528366 -1.03205836 -0.230254427
0.779896617 -0.825054586 0.892635345 -0.668075621 0.390727341 1.00748789 0.937917352 0.505955875
-0.572534025 -0.772864461 0.516223729 -0.994293988 -0.587870061 0.897459865 -0.383755416 -0.977947831
-0.413572073 0.992514133 0.307027608 -0.984087825 -1.01543736 -0.0587051585 1.09061503 -0.196728796
-0.114786878 -1.00371552 -0.347343773 1.02728355 0.831171334 -0.640699267 -0.959530652 -0.5145064
-0.970531762 -0.274896145 -0.544766665 -0.840205669 0.557429969 -0.814777434 -0.264504582 -0.946245193
0.973109841 -0.301450372 0.713062346 -0.707780659 0.594456494 -0.775662899 -0.906307995 -0.565644741
-0.351502538 -0.909032881 0.812322974 -0.663057148 -0.987425745 0.507463336 -0.827239871 -0.452854365
-0.994886398 0.454372585 0.536776662 0.844960153 -0.292417675 -1.01528406 0.866634965 -0.761108935
-0.467438787 1.05578709 0.546918571 0.952649713 -0.986666143 0.119751118 0.643963695 -0.92892772
-1.01707351 0.188136071 0.902492523 -0.692731678 -0.453325272 0.884145617 -0.743116736 0.545374632
0.278845012 1.00002182 -0.922971129 0.207710713 -0.991250455 0.406753004 -0.756020844 0.672184944
-0.943655908 0.631430864 0.991602063 0.013921788 -0.906446815 -0.510740757 0.208442211 -0.983501375
-1.09448338 0.177026898 -0.801445603 -0.81660527 -0.789634287 0.643225253 -0.145764783 1.07024014
-0.202197209 -0.967766762 0.755645156 -0.642861843 -1.08412969 -0.236355767 1.03964722 0.253213376
1.12794399 0.074771218 -0.555790842 0.867738605 -0.0368412808 -1.06427109 0.786437511 0.561190248
-1.10689211 0.259912223 0.405498058 0.941853881 0.234679371 1.08028901 0.243676797 0.999905586
-0.984473646 0.539171517 -0.227594495 1.0279386 -0.868210077 0.593161702 -0.931610882 -0.565694213
-0.0887966603 0.572699785 0.584885478 -0.00778543577 -0.451054007 0.329332888 0.463793218 -0.206173658
-0.259310395 -0.475473017 0.363794863 -0.247572184 -0.413488925 0.469119847 -0.339036852 0.51476866
-0.412126601 0.436600834 -0.118662208 0.453880697 -0.471601486 -0.312505543 0.521338642 -0.133406609
0.397471219 0.422694743 -0.297560811 -0.396895438 0.550863147 0.183167547 0.0198744368 -0.475540698
0.115438439 0.512624681 -0.487829745 0.231972992 0.375636905 -0.396258175 -0.485830337 0.228796855
-0.376393944 -0.418924719 -0.473973691 0.258342981 0.253959596 -0.445227921 0.486522913 -0.180079177
0.315997332 0.445321321 0.396789789 0.33826682 -0.144143596 -0.534280062 0.49785614 -0.256480783
0.402097046 -0.432183087 0.2222642 -0.588359237 0.183010712 0.508722007 0.348164856 0.37432465
-0.381314665 0.340958714 0.463812143 -0.330882132 0.404624075 -0.384607553 0.431034803 0.258210838
0.53838557 0.136508659 -0.513087392 -0.318260103 0.502256691 -0.293339908 0.467732131 -0.337736756
0.414517134 -0.260119438 0.499498188 0.041472882 -0.285349816 -0.449947834 0.134197995 0.444185078
0.161689878 0.634723425 0.519280076 -0.229601815 -0.528928876 0.0146650998 -0.494033813 0.153211176
0.578203022 0.0776330903 0.237086326 -0.480712622 -0.0328770541 -0.599444628 0.590825438 0.0103108212
0.469615281 -0.28390184 -0.123937912 0.571694911 0.587608278 0.221618563 0.0330799222 -0.531426609
-0.312432528 0.346924543 -0.534801602 0.26674059 0.578124464 -0.140477315 -0.0412171707 0.581997633
-0.20672375 -0.554716706 0.410063535 -0.347363591 0.0854679644 0.514646649 -0.0517566428 0.548181176
0.359276056 0.391861051 -0.627060592 0.0879779533 0.457106769 0.346072376 0.424951911 0.307854742
0.406482309 0.45937714 0.181176037 0.528479457 -0.551657796 0.250942945 0.0528121181 -0.549414277
-0.289665729 0.525490463 0.404564202 0.250203967 0.147833556 -0.44019556 -0.339429468 0.453406155
-0.020263467 0.547441602 0.603730798 0.0774873272 0.537211835 0.0910520628 0.311803699 -0.446857035
0.143277064 0.600528657 0.42185238 -0.125386953 0.333872885 0.476927191 0.400481671 -0.332903266
-0.143928081 0.553807676 -0.616479754 0.115015544 0.337558359 0.41313082 -0.00686540129 0.597489357
-0.505804241 -0.354804665 -0.58972615 0.0520401783 -0.503482997 0.019571716 -0.0481346585 -0.551499367
-0.515042007 0.130872324 -0.314346075 0.418658674 0.416163862 0.0707734376 0.476394683 -0.160925508
0.983150482 -0.324509591 0.256539077 0.993044853 1.01581311 0.203337088 0.146435037 -1.08195329
0.534024119 -0.867244661 -0.966149867 0.273087084 -0.220334142 -1.17252183 0.962505877 0.456728518
-1.02177882 0.270619392 0.919295311 0.388144463 1.0882057 0.311910957 -0.189006299 1.01526487
-0.893988609 0.500697315 0.159832075 0.993283808 0.988771558 -0.586756051 0.554813206 -0.92035985
0.0318294615 1.01621485 0.501323819 0.895865738 -0.344080031 -1.0891825 0.968586326 0.476125389
0.328265518 0.99335295 0.68861109 0.74411273 -0.917663813 -0.445603341 0.974186957 0.378700405
-0.223292813 -1.18422496 -0.74364537 0.714950681 -0.427965879 0.92000401 0.374885708 -0.957588971
-1.12252247 -0.29189679 -0.247301608 -0.948660433 0.779525757 0.854186237 0.575589359 0.854958057
0.618423223 0.885644615 0.430441678 -1.00189102 0.944374859 0.340057433 1.00149691 -0.398261756
-0.652143419 0.758552372 -0.852980852 -0.595927715 0.773497164 0.796264172 -0.953297675 0.485874146
1.05175138 -0.140135974 0.7061432 0.778698623 -0.974134684 -0.201348931 -0.440079719 -0.962714076
0.942070365 0.176697806 0.132627651 0.944233835 0.913416207 -0.50432539 0.824450552 0.604339182
-0.0301675405 0.569627047 0.456856728 -0.265229821 -0.101982385 -0.506077886 0.479408175 0.179040954
-0.504326522 -0.288604259 -0.101623856 0.557762623 0.205696672 -0.514548063 0.476808637 -0.207458496
0.564867318 -0.0386541113 0.278972536 -0.436247855 0.254363984 -0.505264401 -0.548016191 0.133420482
-0.551500857 -0.11558266 0.177067012 0.560277998 0.208655834 -0.463823229 -0.36365822 0.40563184
0.340531975 0.556330502 -0.489979655 0.223784998 0.58651793 -0.00462970929 0.223500058 -0.539540231
0.336642534 0.334233344 -0.273392737 0.493545502 -0.0739651024 0.576224327 -0.168379277 -0.490487695
-0.480676681 0.326476365 0.451233655 -0.322181463 -0.199975938 -0.519900739 -0.53466469 0.224983975
0.437984705 -0.236899748 -0.477722913 0.129609481 -0.489602834 -0.330566674 -0.539182425 -0.386570185
0.192039594 -0.430064052 0.352751046 -0.328496158 -0.438269943 -0.188436344 -0.350607455 0.489364445
-0.36392647 0.307401776 0.237263307 -0.536663532 0.502588689 -0.100249119 -0.0852396935 0.471554726
-0.557017803 -0.0880973935 -0.531648338 0.232966796 -0.135073453 -0.557189703 -0.000477832335 0.525246263
0.390644491 0.192585319 0.44042632 -0.3231709 -0.353920519 -0.365741014 -0.12954405 -0.515531719
0.00248707645 1.06631207 -0.842364371 0.521675825 -0.666816235 0.860996842 0.0067335316 -1.04600132
-0.0735404938 -1.12058079 -0.521026492 0.915474236 -0.208630368 1.01449084 0.108245447 -0.952575207
1.01715553 -0.469586879 0.293253988 -0.921032846 0.814511657 -0.567724943 -1.08170354 -0.24553974
-0.208445489 -1.03311384 -0.176316664 0.927957177 -1.06538296 0.074733153 0.398547769 1.00926065
-0.602336884 -0.758995116 -0.620528221 -0.871994674 -0.922116816 -0.487087905 -0.983994007 0.213997751
0.666613638 -0.802308202 -0.991481423 -0.0483841933 0.683691442 0.846292973 0.260300368 1.03830326
-0.467104942 0.945695877 -0.579559088 -0.951691687 -1.06064129 0.250166446 -1.03855419 0.28024599
1.04729557 0.182325065 0.862797916 0.661780417 -0.885093987 -0.667862952 1.00067472 0.116363764
0.49527806 0.941818953 -1.12428129 -0.291171432 1.0497458 0.158220708 0.906023085 0.543033302
-0.575853467 -0.923375189 0.143610373 -1.09361565 -0.897371829 0.609762132 0.704421461 0.76198411
-0.876295865 0.559726477 0.648004174 -0.790807128 -0.59924078 -0.988308668 -0.573134005 0.780433893
-0.231963173 -0.939566731 -0.945725977 0.502213299 -0.731851578 -0.778432846 -0.75357002 0.742753148
0.266776711 -0.567485273 0.493107587 -0.217986524 0.324407041 0.32144767 0.417627931 -0.251330465
0.0690554231 -0.585411787 0.539626122 -0.259156764 -0.214541271 0.444880605 0.259763181 -0.53555584
0.107007392 0.538291395 -0.114092313 0.461458325 -0.220790386 0.496291876 0.155812085 0.674853742
-0.447407007 0.341979682 0.232834995 0.61871326 -0.440696746 -0.0887593627 -0.298045456 0.421679318
-0.192989305 -0.561573982 -0.446916401 -0.376079202 0.553956032 0.137163147 -0.251908302 -0.475798666
0.556609571 0.0976061523 0.456421345 0.298931628 0.101838365 -0.468317449 0.542806864 -0.0225640126
0.363766074 -0.214529663 0.598007262 0.00951139908 -0.484239668 -0.224076226 -0.11785154 0.521165192
0.287936091 0.478981316 0.233380854 0.493500322 -0.430901021 0.31433779 -0.351152807 0.447973639
-0.572302997 -0.0958772004 -0.115837798 -0.499260455 -0.479351342 -0.114380129 0.24568595 0.5057531
-0.385813266 0.370628148 -0.133404702 0.545295179 0.54305321 -0.0468495078 -0.306374222 -0.353524476
0.447228432 -0.444947898 -0.336915135 0.429822773 0.195611566 -0.522550464 -0.442137778 0.210064605
-0.533995688 0.307513416 -0.532467008 0.201455906 0.369994074 0.381650358 -0.542197645 -0.106752813
0.872415066 0.559282005 0.0121620493 1.02721918 -1.10542119 -0.201815397 -0.842105865 -0.426013768
0.432158083 -0.890503526 0.338633329 1.04905856 -0.288279414 1.00138116 -0.530986547 -0.86426276
0.827681363 -0.657087862 0.96016264 -0.202754244 0.94397068 -0.453241736 1.03215313 -0.055527132
0.517031252 -0.948412299 1.04737437 0.408125669 0.821603835 -0.791106522 0.088058196 -1.04354012
-0.275973856 0.986955106 -1.09119225 -0.201944262 0.751215219 -0.680900872 -0.325266451 1.0315448
0.721920371 -0.778904974 -0.255781144 1.03046322 -0.30059728 1.08468866 1.01036286 -0.0180313382
0.532439888 -0.993405879 0.623717129 -0.824781001 0.979106486 0.317011744 0.562383235 -0.8356691
-0.959606111 -0.438050449 -0.363800079 0.970515013 -0.403706431 -1.00281858 0.934004247 -0.51708889
-0.822329879 -0.793337703 -0.951931 -0.596687257 0.206117123 1.06782019 -0.261775821 0.966949821
-0.906646967 0.420686722 -0.224578783 1.05657041 -0.922946453 -0.661651909 -0.966772079 0.296812505
-0.101692982 0.972702205 -0.771555543 -0.700387955 -1.00357223 -0.279820323 1.01702738 -0.0726521462
1.04515254 -0.0559560806 -0.683047891 -0.64880079 -0.363190621 0.961136162 -0.951099753 -0.288394809
-0.0295542888 0.549305797 -0.579161167 -0.201796204 -0.135266289 -0.591232598 -0.176573455 -0.44542852
0.512946844 0.0207754858 -0.557727158 -0.150631368 -0.446041942 -0.260078371 -0.493368834 0.198248833
-0.143003464 0.471355081 0.40492937 -0.397753537 0.351976693 -0.364161015 0.473125488 -0.265397668
0.496882617 -0.215553284 -0.0551004037 0.499764651 0.424939215 -0.24481234 0.540816724 0.179405823
0.160666183 0.434379429 -0.534055829 -0.150418773 -0.43044728 -0.469341874 0.557773352 0.128087834
0.11373812 0.563424468 -0.518475831 0.0454939827 -0.628155947 0.119994938 -0.442022592 0.448244125
0.552329421 0.202475786 0.243736535 0.462873906 0.489934683 -0.357253253 0.00689181266 -0.49660638
-0.52646035 -0.0136722717 -0.583159447 -0.153764457 -0.385175526 -0.390970528 0.327004194 0.441543192
0.475867569 0.00129206746 -0.159047976 -0.517849863 0.0676463321 0.518390119 -0.217887133 -0.60050422
-0.4460437 -0.370310664 0.483641148 0.298714399 -0.405454367 0.337236077 -0.266234875 -0.565612435
0.49690178 -0.0166287292 -0.311190188 -0.473445803 -0.00633799564 -0.491677135 -0.0224527288 -0.48876825
0.503814638 -0.238251358 -0.0346568413 0.587777615 -0.306745857 0.517569602 -0.438442171 0.337662339
-1.05347049 0.282037616 -0.676119447 -0.747145593 -1.02672815 -0.232089177 0.908053637 -0.446257383
0.976239145 0.238426059 0.959893882 -0.143525362 -0.624124408 0.785289824 -0.948329031 0.391139895
-0.345101655 1.05974793 0.265370548 0.935543895 0.942943811 -0.322665453 -0.910554826 0.393030107
-0.478573143 -0.950071335 0.492532283 0.827631116 0.140825987 -1.0916158 -0.792009354 0.604517996
0.957865715 -0.488047779 0.876140237 0.642713666 0.439086616 0.952613473 0.123232096 0.958660662
-0.611297786 -0.989409208 0.707572043 -0.800217092 -0.37745139 -0.951233268 0.299240261 -0.991996646
0.922406316 -0.333972424 -0.795223951 0.725073099 -1.08506048 0.0434145629 0.791748762 0.64158082
0.750992537 0.734981775 -0.320440918 1.00316024 0.965318084 0.293797493 -0.791752398 -0.684190333
0.987724662 0.514321864 0.687992692 0.876161098 0.666213453 0.809937239 -0.419620633 0.942311525
0.594877481 -0.872395277 0.482433438 -0.923284888 -0.0829761997 0.994741201 -0.919046283 0.526590168
0.270819962 1.03177464 -1.01711941 0.174980953 -0.67754662 0.824029028 0.0381904133 1.01469576
0.13283582 1.15148985 -1.07845998 -0.230134562 -0.737797499 -0.773909926 -0.620085299 -0.860309839
1.00135255 0.191229865 0.556782901 -0.848008156 0.130511895 1.10696149 0.208753139 -0.966824651
0.868369997 -0.523563802 -0.255888075 -1.00833046 -0.847075105 -0.809990942 -1.0060786 0.0815138742
0.323727638 0.980707169 0.694367826 0.834736824 0.939081073 0.430800647 -0.168919653 1.00555289
-0.956485569 0.655845463 -0.625893891 0.870181262 -0.140681341 1.11448383 -0.0519640371 -0.967698991
0.720829785 0.764624298 0.391420901 0.873425424 0.853518963 0.713330269 1.04408896 0.0317092352
-0.179398343 0.965572 0.792869687 0.782394469 0.707697332 -0.830154836 0.978155136 0.120906502
0.0435601063 1.04223335 0.890789151 -0.672340572 0.448811144 -0.857000947 0.790274262 0.549117744
0.304050356 -1.04251266 -0.89866811 -0.493749082 -0.921589375 -0.545429945 1.07205772 -0.0773529932
1.02389264 -0.401494235 -0.731730223 -0.663750052 0.777740896 -0.570083976 0.000992477406 0.965764403
-0.569333136 0.835821509 -0.641146302 0.82519424 0.55603826 0.831844926 -0.661766171 -0.698117673
0.848017752 0.542819202 0.332276314 -0.932888687 -0.858006358 -0.521206319 -0.590301037 0.772969842
0.388245076 -0.910961926 -0.126028463 -1.00393474 -1.01299489 0.319865137 1.01511991 -0.0443953499
0.150066033 0.525312722 -0.346785039 0.411946714 -0.57120055 -0.0376549475 -0.168849275 0.494403988
-0.545684218 0.0127058541 -0.46297431 0.386766791 -0.217148289 0.401019543 -0.474881947 0.225983784
-0.248015523 -0.449748993 0.527374446 -0.220918953 -0.00411822321 -0.48628068 0.124116376 0.560977399
0.5133757 -0.0239819419 0.448705673 0.446156979 0.168694839 0.538067818 0.564700186 0.118244223
-0.530511558 -0.226630524 -0.159555554 0.454967886 -0.359630853 -0.548465729 0.164211169 0.515029669
0.367382467 -0.355058074 -0.377180368 -0.493173778 -0.235253543 -0.561790466 -0.510727227 0.029876465
0.256947428 -0.535053611 -0.299421728 0.479807913 -0.400170326 0.359814823 0.431069374 -0.336339235
0.0196879711 0.621964216 -0.311090231 -0.416507602 0.458507448 -0.302469224 -0.20343034 -0.655268729
-0.161096945 0.526272416 -0.519677281 -0.0393074155 -0.110458575 -0.615009308 0.375457197 0.30266282
0.366933674 0.460310489 -0.565743864 0.416172177 0.509826005 0.283737212 -0.353702188 0.399976522
0.141519397 -0.503499508 0.0351196714 -0.565822423 -0.0849828571 -0.579318643 0.439647317 0.453586668
-0.389114797 -0.064102456 0.490605533 -0.205505595 0.196286395 -0.422594726 0.287268281 0.456163973
1.0850867 -0.15450184 0.0665378794 1.11234295 1.03240287 0.28331691 0.915944636 -0.381486595
0.937683225 -0.511247575 0.432788581 -1.00402808 0.580509067 -0.8159374 -0.256363451 -1.01834857
-0.385581553 0.8992908 0.035056863 -1.0250349 -0.492058665 -1.01826251 0.745351195 -0.874718666
-0.208337709 0.958603799 -0.222304612 0.989326 0.18117097 -1.06002283 -0.984935343 0.353065073
0.0240554977 1.09583163 -0.239415407 -1.03761733 0.604650974 0.877171636 -1.00450122 -0.164590612
-0.664005995 0.70593071 0.46910736 0.96908617 -0.648388624 -0.699888706 -1.09073365 -0.119768672
0.676765978 0.756581843 0.997738063 -0.623383224 -0.552124798 -0.938983262 -1.07039917 -0.206184417
-0.932441175 0.214318931 0.724067032 -0.902170181 0.517964661 -0.977342427 -1.0104208 -0.00293501909
-0.4488886 0.951584041 0.966212451 -0.0817814916 -0.211525962 0.992497981 -0.172696099 1.02971637
0.995540738 0.285952151 0.487541676 0.983792603 0.910870016 0.550129533 -0.46225673 -0.917775571
1.0849359 -0.223227307 -0.835879803 -0.593819559 0.793136835 -0.678604126 -0.61610198 0.920497596
0.941869736 -0.0207039379 0.369432956 -0.864577293 -0.488007247 -0.819422185 -1.00472867 0.305228531
-0.0753895193 1.01846921 -0.138846368 -1.14180958 1.00967538 -0.289357364 -0.757521927 -0.693730593
-0.794958889 -0.589814126 0.473887593 -0.860123873 -0.738131464 0.684825838 0.425253868 -0.983567834
1.0303477 -0.253375769 -0.146166205 -1.05654335 -0.0827704817 0.99032253 0.702494621 -0.777315557
-0.617974579 0.742535055 1.0399121 -0.19275707 -0.117410012 -1.04509687 0.066445142 1.06745803
-0.990627766 -0.426101089 0.631343544 0.897259653 -0.826502144 -0.583954394 -0.705469847 -0.853118896
0.0919741914 0.974275827 0.332359463 1.04811728 1.00027549 -0.189798489 -0.855243802 0.615563571
-0.117917471 -1.07826841 -0.84845978 0.747139633 -0.946903944 -0.596771955 -0.371208817 -0.951057434
0.724835455 -0.756983995 -0.919480622 -0.313570529 0.177125752 1.05114543 0.919055402 0.573746443
-1.06703544 0.0973227024 -0.411203921 0.829317927 -0.707983971 0.698035717 0.891481042 0.469864279
-0.257169873 1.03622711 1.01066792 0.416865885 -0.416705638 -1.02506769 -0.908729851 -0.465304881
-0.998800576 0.563023567 -1.12335682 -0.109348901 0.108538561 -1.09667277 1.05607128 -0.510080457
1.04578292 -0.0336625651 0.708723307 -0.948188126 -0.990350008 -0.381830752 0.455058783 -0.823966801
0.621916056 0.874319494 1.05869114 -0.0840501115 -1.13432848 -0.392810076 -0.209006637 1.07808471
1.01297081 -0.0349472873 0.987669468 0.11938329 -0.579217374 -0.889089346 0.326351196 1.01374125
0.378976196 -0.87114799 0.738521099 0.850957751 1.00761867 0.160120189 -1.05576217 0.0671916381
1.06403041 0.0787340179 0.328456968 -0.985690176 0.4731749 0.924818337 0.0438044704 1.07758057
0.830933452 0.731410325 -0.49325192 -0.948956907 -0.86365521 0.472987026 0.336563319 0.891497672
0.992883265 0.191127539 -0.99563688 -0.0423822589 0.225738093 -0.953581154 0.784612477 0.770272613
-0.68655014 0.75730139 -0.669478774 0.890179574 -0.884328783 -0.528911412 -0.565077484 0.944926381
-0.529306829 0.983874619 1.04997849 0.37715584 -0.851193011 -0.666503549 -0.302544624 -1.08495617
-0.733320773 0.770125091 -0.834554136 0.640322804 -1.03646719 0.302034229 -0.954510272 -0.191051498
-0.66656661 -0.71453011 -0.996462464 0.177911282 -1.00088918 0.0412696153 0.506324589 -0.920851827
-0.703204632 0.738618791 -0.756916463 -0.466964841 0.996248901 -0.282414824 -0.483269572 -0.787687719
0.929501534 -0.416350842 1.10960889 0.0921599567 0.322791964 1.05674398 0.229981109 -1.00555468
-0.8788203 -0.458273947 -0.757254183 -0.602940619 1.09844863 0.124604486 0.84399277 0.444143057
0.92350471 0.266270697 -0.793799043 0.689375579 1.06327593 -0.022555992 0.912859499 0.29971534
0.790644109 -0.63824749 1.00032485 -0.0592230409 0.858105123 -0.634382665 -0.724722624 -0.784787238
1.03251719 0.141512766 -0.884939551 0.593387067 1.00117469 0.181276307 0.700892389 0.893275261
0.866444707 -0.60863167 -0.266019076 1.06780648 0.426092058 0.946617007 0.0582350083 0.983938098
-0.542590201 1.00543511 -0.343676955 -0.982879937 0.725619316 -0.849922061 0.545610964 -0.832073331
-0.483997941 0.879909575 -0.471787274 -0.951362848 -1.10385859 -0.143428192 0.831832409 -0.475321382
-0.993832827 0.332172722 1.01485729 -0.352647036 0.690701067 0.821631491 0.164997414 -1.04020476
0.353264958 -0.98054266 -0.798004746 -0.619725585 -1.04318786 0.0415548459 -0.339838505 1.03216076
-0.00662229443 1.13181853 -0.886463583 0.602426887 -0.526636958 0.976009786 0.658479631 0.779834747
-0.620290279 0.727039576 -1.02257812 -0.0740019828 -0.96847266 -0.540909767 -0.488449216 -0.910002708
0.561060429 -0.78769052 -0.245425537 -0.945578158 -0.36373055 1.03719294 0.851081729 0.630741894
0.186998904 -0.529201508 -0.64125824 -0.0212246627 -0.548835635 0.161390245 0.537798882 -0.2519041
0.597431839 -0.113165356 0.559907258 0.168632895 0.430790871 0.266586602 -0.558834612 -0.125594497
0.0879366919 -0.59358567 0.388635069 -0.271378398 0.469813764 0.152569503 0.323022574 -0.487818509
-0.218712613 0.457867742 -0.275732994 -0.54342258 -0.291630059 0.452234268 0.136790812 -0.518199265
-0.344039828 -0.402005136 0.300484836 -0.314594775 -0.188292742 0.462901503 -0.47506538 0.277834326
0.309180796 -0.356158763 -0.585932791 0.226526022 0.364704847 0.318276048 -0.447392762 0.160746202
0.570999086 -0.182134122 -0.127601609 0.469889224 0.566149652 0.202805057 0.469483405 -0.280964047
0.0462481864 0.523171425 0.475593418 -0.311079144 -0.0462630242 0.544441223 0.387069583 -0.341978341
-0.426575929 -0.36150077 -0.413719982 -0.304173261 -0.249531269 -0.50996691 0.441685885 0.210073248
-0.511630356 -0.159417331 -0.476265937 0.275239557 0.332540959 0.526068032 0.405582219 0.301183552
-0.231734633 0.455244362 -0.188626349 -0.508509815 0.479061067 0.256554574 0.1789684 0.517784536
-0.512878478 0.0891224369 0.124510989 0.607910037 0.457580149 0.154434726 -0.279041171 0.421980351
0.234948367 -0.480191648 0.217162102 0.597095788 0.480245024 -0.398236185 -0.561146498 -0.181032687
-0.638033926 -0.22719413 0.0555163436 -0.521851897 -0.415749311 0.282781154 -0.527019083 0.255706012
-0.223282814 0.526699364 -0.56235981 0.0845452175 -0.528857648 0.268109322 -0.416081935 -0.36226204
0.529368997 0.0716169029 0.249277323 0.422651708 0.492754757 0.210695058 0.202547938 -0.523383558
-0.500630379 0.293951362 -0.233996198 -0.410366535 0.431790262 -0.357554644 -0.490319788 0.421077937
-0.0277287364 -0.657148659 0.453180879 0.219375446 0.197470218 0.505980372 0.075546585 -0.573716104
0.564632833 -0.134445682 0.138764232 0.569535434 -0.623067737 -0.116211869 -0.111310162 0.55746913
-0.148802057 0.434912205 -0.137700409 0.561540186 0.190473616 -0.598368168 -0.203733683 -0.429738909
-0.0675787702 -0.535563111 -0.566302061 0.234526396 0.0523809604 0.590411723 -0.187344283 -0.455003202
0.497475445 -0.246881083 -0.494480699 -0.155248925 -0.285309464 0.37635079 0.514893055 0.182529867
0.467281342 -0.0285756588 0.338409781 0.399788916 -0.134139985 0.587006629 -0.228567764 -0.5454458
-0.46907264 0.0577930659 0.14687857 -0.537810147 -0.394422829 0.373061448 0.22273533 -0.599909961
-0.564900756 0.0949222669 -0.268558532 -0.457918584 -0.10364864 -0.556062162 0.0691431388 0.535836995
-0.508385718 -0.28487885 -0.446220547 -0.227333814 -0.302763969 0.462219715 0.156755313 0.596684277
-0.0153795825 -0.573683679 -0.587289691 0.234856635 0.297632545 0.41018936 0.0888167098 -0.523356974
0.475642234 0.226566046 -0.495439559 0.0448586419 0.529912472 0.0305210799 0.125477985 0.522089005
-0.294421732 0.422391295 -0.356667191 -0.479008943 0.28385672 0.550456524 -0.379474461 0.379478425
-0.249193817 0.496775299 -0.0819351897 -0.538507462 -0.257420748 0.405157655 -0.465141565 -0.353330433
-0.0753166303 0.526623309 -0.404529601 -0.491048038 -0.300006598 0.414665878 0.577576578 0.0495032445
-0.0973761678 0.538593352 0.321777076 -0.428601474 -0.533865929 0.086090222 -0.218280822 0.527642548
-0.142552435 -0.654118001 -0.433125526 -0.366156429 0.176995069 0.519949377 -0.093150124 0.495090783
-0.420686722 -0.398536861 -0.590386331 -0.0894877389 0.553029299 -0.279203117 -0.379274368 -0.399755597
0.267325103 -0.464599818 -0.454333723 0.19391802 0.558460593 -0.184482634 0.335390389 0.384224921
-0.0611215606 0.554070115 0.365072995 0.398535669 -0.33451426 -0.525455713 -0.422599405 0.469512254
-1.07171977 -0.27279681 -0.521323979 0.914288461 1.03229809 -0.0799825937 0.695644796 -0.702887952
-0.108785346 -1.04584122 -0.0115729123 1.05206692 1.05591655 -0.118173636 0.218096212 -1.00439799
0.0515478551 -1.10622942 -0.56568867 -0.988610148 -0.931722105 0.604855835 -0.256229401 -1.04010963
-0.916561246 0.462176621 0.168450475 1.106812 -0.756838322 -0.646638036 -0.916229367 0.340294272
-0.961146772 0.366217881 -0.107670262 -0.987650692 -0.198589116 1.02097261 0.903974414 0.41096577
0.921745121 -0.660765409 -0.373921037 -0.988307059 -0.29759258 1.03277588 -0.987549841 0.351485431
0.353598803 0.999369502 -0.0239984281 -1.01196492 0.894380212 -0.454838514 0.312927634 0.998850942
0.194796413 1.08383572 -0.568090439 -0.935997903 0.962277174 0.422438473 1.00308788 0.437962919
-0.934932947 -0.458375573 -0.880435944 -0.573343217 0.297386885 0.961457729 -0.267934203 0.96391201
0.26254952 -0.900777459 -0.0248863567 0.999341071 -0.962762892 -0.277020931 0.0496310405 -1.10374629
-0.892830014 -0.495475292 0.953161895 0.396428704 -0.852480352 0.468633711 -0.926308393 -0.381370127
-0.808760345 -0.544201016 -0.994573951 -0.15978682 -0.0173593685 1.00843692 0.354192793 -0.943514466
-0.903842688 -0.571989894 0.100850441 0.950889051 -1.05733442 -0.0316612385 0.681961 0.793436527
-0.0887092352 -1.04979193 0.970037162 0.176472604 0.0607782416 1.05723011 0.881184816 -0.64636904
0.98811698 -0.365849227 -1.02428055 -0.0773611888 1.15372396 -0.0115673961 -0.282680929 -1.13489842
0.632972419 -0.837108612 0.986454248 0.0541883186 -0.838424861 -0.724736214 -1.03992534 0.0247199666
-0.888893723 -0.555191696 -0.922957659 -0.290505528 -1.01222622 0.185577139 1.05508196 -0.200562149
0.7623474 -0.649853766 -0.725360394 0.819601178 -0.975941837 -0.267261803 -0.925831735 -0.467870504
-1.01646125 -0.0544255935 -0.279376656 0.948774934 0.837878346 0.593804598 -0.578456521 0.761429369
0.970000505 -0.427787006 -0.859147549 0.606794596 -0.432407618 -0.878341019 -1.01412642 -0.134976923
0.892587066 -0.494299918 0.900370479 -0.53904283 -1.04038775 -0.12957783 -1.08809912 0.0692428797
-0.863064229 -0.665430605 -0.710356176 -0.70904237 -1.02208614 0.252868414 -0.943813622 0.409207493
0.769542992 -0.66614145 -0.585402787 0.860571206 -0.43672505 -0.841801405 -0.0912398025 -1.19641483
-0.790739298 -0.763696611 1.08235717 0.0435499996 -0.992219031 -0.351926446 0.511410892 0.962784767
0.0323431082 -1.0006609 -0.97411412 -0.287030786 -0.380998284 0.882746816 -0.264039755 1.04481399
0.55673629 0.834565282 -0.962412119 -0.574246407 0.676516712 0.842668116 0.996361434 0.0937583894
0.0489060991 1.00547314 0.675485492 0.896850288 -0.829365909 0.525665522 0.764134705 -0.688060939
0.978780448 -0.532335639 -0.48393929 -0.846804082 -0.728118658 -0.784832656 -0.826458931 -0.594479501
1.00429344 0.000529569981 -0.830142021 -0.621441722 1.04897058 -0.0425265841 -0.956271172 0.450714201
0.667750835 0.893696189 0.364169627 0.968963921 0.409724087 -1.01489198 -0.0622964688 -0.992742002
-0.385554135 -1.04858053 0.826256692 0.407087177 -1.02205813 -0.0935301706 0.572926462 0.855859458
-0.933887124 0.412085742 0.767282665 -0.580582857 0.235426351 -1.06731546 0.838929117 0.715811491
0.771709144 0.773307323 -0.983166158 -0.14678511 -1.04674888 0.0757474825 -1.11533689 -0.278797895
-1.14122474 0.0638978481 0.753204882 -0.668639123 0.658277214 -0.663136721 1.07247603 0.373369902
0.790047288 -0.672849774 0.247040614 0.964702785 -0.0421803594 -1.04876626 -0.358037174 -1.01385367
0.00736975344 -1.01365483 -0.516914904 -1.04713845 -0.356421828 -1.01538014 -0.911557794 -0.439757943
0.55825609 -0.0756154358 -0.0129402736 -0.592019022 -0.471811563 0.261930078 0.203514159 -0.579526722
-0.273883969 0.421014607 0.311391354 -0.546328127 0.0671161339 -0.473822057 0.333543301 -0.276965648
-0.267734259 0.484565765 0.592303216 0.0714917257 -0.53711307 0.230964378 0.526383102 -0.231931821
0.482067943 -0.307142764 -0.0829315931 0.53405273 0.420584977 0.29887864 0.450443417 0.182993442
0.366666883 -0.411469132 -0.427608758 -0.40517804 -0.261763752 0.407924145 0.108692616 0.623742819
0.360776544 0.342981011 0.336317658 0.582173049 0.105135962 -0.523011029 0.157876223 -0.54575634
0.0347479135 0.424008012 0.500057578 0.0475720279 0.454979479 0.0548820049 -0.477949113 0.292326361
-0.348435551 -0.438791633 -0.342210859 0.324978918 -0.0707513019 -0.527850032 0.478887022 -0.195156291
-0.159247488 0.538632393 0.415332019 0.45261535 -0.0827508867 0.549282134 -0.0701019615 0.599616468
-0.0537999384 -0.594397604 0.305636108 -0.487567425 0.029140465 -0.531389654 -0.440879881 0.233788684
0.336068302 -0.456828743 -0.378741145 -0.43364659 -0.140357882 0.519595861 -0.580516577 0.0782026425
0.406568348 0.314690828 -0.120172963 0.536853611 0.538719475 -0.341410309 0.140636221 -0.441163898
-0.241966531 1.05976295 -0.716617584 0.756018043 -0.631530762 -0.857860625 -0.507387519 0.945565999
1.01845551 -0.00364940288 -1.01590288 0.185594603 -0.819542587 -0.599471748 0.373337418 -1.02619004
-0.722712517 -0.899763346 -0.512595415 0.91659081 -0.593044996 0.786282003 0.0918613225 -1.07744265
-1.10905433 0.107924461 -0.54229784 0.909409523 0.381215721 -0.812743187 0.606540143 -0.829291761
0.762221873 0.567662418 -0.754488587 -0.684057415 -0.447414249 -0.94935751 0.0643437877 1.02008998
-0.925949931 -0.379496425 -0.475554556 -0.91701442 0.727118611 -0.752733588 -0.586241007 0.823766351
-0.957213938 -0.328740865 0.645074069 -0.908232868 0.514007628 -1.00314093 0.499953061 0.913676679
0.399406791 -0.917562544 0.155483022 -0.924188435 0.542990685 0.869213164 -0.101797156 -1.12964094
0.832862794 -0.679154038 0.592934132 -0.887183011 0.265920311 0.981850624 0.594110131 -0.902828395
0.0290881675 -1.04952192 0.593178272 0.827143431 0.838822186 0.685950994 -1.02456367 0.0187576842
-0.0541523583 -1.02859294 1.08588755 -0.286569864 -1.03937685 -0.0624816082 -0.909013927 -0.61574018
0.988516212 -0.286780536 0.884771407 0.580687582 -0.987279773 0.0301212221 0.334524333 -1.08757234
0.163816139 -0.536696613 0.379239887 0.340727389 -0.535545647 -0.242241457 -0.107053339 0.497581303
0.647963226 0.102768995 0.527155399 0.0802555233 -0.579311788 -0.140873045 0.129195958 0.534747064
-0.264548242 -0.483683139 0.157506809 0.534089506 -0.488408417 0.181737348 0.456874192 -0.132112861
-0.290965229 -0.452915728 0.439971268 -0.13903822 -0.155973226 -0.45485884 -0.467815191 -0.129521772
0.262931943 -0.486508489 -0.493080765 -0.300137192 0.401050627 -0.336902678 -0.508300662 -0.0386508219
-0.573406816 0.0889591351 0.0802959651 -0.506320059 0.295966685 0.486646175 -0.313997328 -0.491831332
-0.505831301 -0.19251509 0.154964298 -0.566640675 -0.105972819 -0.418381333 0.501735806 0.228405342
0.0210649706 0.583350658 -0.519439638 -0.0198252089 0.0606829599 0.509857595 -0.0853327885 0.520621002
0.0469662957 -0.5877859 -0.289209276 -0.540130556 0.447050273 0.357005417 0.178345948 -0.592592001
0.31939435 -0.417470068 -0.191746131 0.52153343 0.158580393 -0.560778499 0.27065748 -0.435211122
0.102244355 0.516978264 0.388257056 -0.242703408 -0.136081189 0.5687747 0.466104954 0.245564163
-0.00389085244 -0.450329334 -0.128525928 0.620200336 0.156089857 0.473341197 -0.0100462688 0.527661443
0.922177553 -0.477169991 -0.00649543386 -1.03879821 1.08525372 0.273526192 0.391733438 -0.912597954
-0.954546571 -0.444189548 0.409529954 1.04395032 1.1330682 -0.239411697 0.576798797 -0.873701751
0.807975888 -0.732991934 1.03954148 -0.330174387 0.417358905 -0.931081474 -1.03136301 -0.125829175
1.12817037 -0.266519636 -0.335140228 -0.973115802 0.84059304 -0.544143558 -0.948221803 -0.17890875
0.677793801 -0.831179082 -0.998411477 0.101363719 1.06089234 -0.318179131 -0.171681851 0.995552242
0.387144744 -1.05391479 -0.757650495 0.763989568 -0.713842571 0.78506887 0.243536636 -1.00633848
-1.00950086 0.382486552 -1.06132483 0.079038471 -0.899080515 -0.526991665 1.02456021 -0.42655018
-0.709782898 -0.695059657 0.666478634 0.677093387 1.09293568 -0.0215256624 0.0566250645 1.02058363
-0.190726012 1.01553106 -1.06392884 -0.172661662 0.7904495 0.748247921 0.167354599 -1.11666584
-0.929385126 0.210219488 0.275674999 -1.03417885 -0.893586457 -0.651123166 0.214324102 0.99264425
-1.05580807 0.119490191 0.788733125 0.716631114 0.431439608 -0.777840674 0.571701527 0.904007494
0.889462054 -0.449482471 0.277246267 1.01065242 0.111874476 -1.07266617 0.578456044 -0.882319927
-0.549955249 -0.96685636 0.393554211 -0.863308668 -0.912059605 0.45026955 0.752772212 -0.72207278
-1.00128686 0.544535637 1.07447326 -0.175549895 -1.09487247 -0.00897425879 -0.124123551 -1.03843391
-0.808867335 0.560800254 -0.469976008 0.917231202 0.155332804 -1.03227973 1.02833831 0.391357601
-0.883373559 -0.404426187 -1.02499223 -0.315181077 1.06781495 0.378416687 0.951710701 -0.233288258
-0.216788828 1.13640332 0.972309947 0.157795236 0.766549468 0.708604693 1.01930296 -0.0140259201
0.86262393 -0.65753758 -0.718912423 -0.705060899 -0.611382663 -0.840770304 0.0508254878 -0.989824474
0.403483123 -0.967334211 0.152648658 1.03594577 -0.309870511 -0.853030086 0.962585747 0.264747858
1.13587081 0.0169973653 -0.889568508 -0.599199891 -0.467158258 -1.01309264 0.158667281 -0.990753472
0.745125711 0.693505943 -0.639203191 -0.868713796 0.0185957663 1.07752752 -0.903235674 -0.595576286
0.322667241 1.02678573 -1.05423379 -0.0983925685 0.887278438 -0.507435203 0.644596517 -0.87832278
0.623708606 -0.863521993 0.0408140421 -1.08396232 0.416361928 0.998106182 -0.814439833 -0.727758348
-1.0245173 0.347351283 0.431311697 -0.905838668 -1.07130003 -0.475851506 1.08075964 -0.0542210191
0.519157469 -0.0202285796 -0.382006317 0.327816457 0.0291729998 0.441634327 -0.607832372 -0.0269895718
0.412919432 -0.266303599 -0.279339522 -0.51036644 -0.412650615 -0.299572051 -0.457880139 -0.18216908
-0.349520922 -0.26569587 -0.302925885 0.432199538 -0.549054623 -0.206983522 0.36625883 0.370403796
0.186819658 0.550485373 -0.246168002 -0.515996397 0.283208251 0.277816504 0.475471079 0.290198773
-0.426349789 0.154206753 -0.0787539184 0.501230597 -0.543796897 0.341403991 0.202603787 -0.448695749
-0.247194156 0.567469537 0.554145753 0.0341900997 -0.280424535 0.334380478 -0.505923629 -0.084208861
-0.0609810427 0.426619679 -0.397903264 0.332906187 0.51248157 -0.0896087512 0.542650342 0.157509357
-0.339626223 0.537013829 -0.291127414 -0.497540683 -0.0410163961 -0.500201702 0.502335906 0.219929591
0.490653247 -0.164111435 0.584780157 -0.206863955 -0.216084823 0.437897444 0.306194335 -0.507289052
-0.439373702 0.0091236392 0.44545722 0.0229042936 0.431222558 0.2470541 0.126171961 -0.525844216
-0.176163748 -0.542014241 -0.0144764679 0.713839293 0.524930954 -0.0257726293 -0.00548265362 0.477070898
-0.392010301 -0.431925744 -0.0769191384 -0.457282066 0.436442703 0.334533304 -0.486614376 0.0786517113
0.965533733 0.433603555 -1.10724533 -0.0825906247 0.795401394 -0.748955727 0.877033412 -0.435397744
0.960616708 -0.427360833 -0.243587747 0.937056899 -0.364052564 0.957528293 -0.620017886 -0.878397584
-0.720472336 0.797100782 -0.496145219 -0.843993127 0.482811749 -0.894597471 -0.760478318 -0.713080585
-0.170083731 -1.03074074 -0.522100925 -0.80474335 -1.03506184 -0.21557419 -0.875430703 -0.474015206
-0.823227167 0.671949625 0.362166673 -0.958983779 -0.112803712 1.04024029 -0.183221564 -1.05208647
0.583355188 -0.790549994 0.542555153 -1.03193116 -0.338378817 0.944104373 0.408228785 0.960703075
0.340180725 -0.941805005 -0.878899872 0.755640745 -0.404020667 0.94910264 1.07205713 0.218934268
0.958004534 -0.442625254 -0.955897272 0.021356903 -0.832637072 0.748687148 -0.979391038 0.39616546
-0.0768766627 1.12299979 0.931691647 -0.513555944 0.291459739 1.06982887 -0.244791254 1.03267133
0.0432309695 -1.06936395 0.449463129 -1.08683312 -0.958039045 0.518537223 0.705667794 0.717603147
0.98398459 0.551322818 -1.07410324 0.0366572402 -0.736373425 0.703433752 -0.995520055 0.32815069
-1.03685689 -0.0193133112 0.905732274 0.496764034 0.25378564 1.04856718 0.0432269275 1.02280569
-0.024760535 0.5262357 -0.181614608 0.588517129 -0.262279361 0.517983854 -0.382952929 -0.346920222
0.405472487 0.148676902 -0.10436403 0.542847872 0.602012873 0.0573912412 -0.262913913 -0.466698438
0.559191406 -0.0649725199 0.154957756 0.585366011 0.291761637 -0.386398762 -0.19104062 -0.589839458
-0.294582903 -0.440735936 0.450375378 -0.190887898 -0.400479466 0.290532291 0.336969167 -0.324475378
0.541967154 -0.15410921 -0.355835676 0.291153073 0.502091229 0.0323025286 0.484866619 0.255372554
0.0959797353 -0.535516858 -0.1315355 0.496263295 -0.488261551 0.099776119 0.225022048 0.470409572
-0.335123658 0.301841646 -0.5182091 0.212378934 -0.232863441 0.552928686 0.0764389336 0.568221569
-0.107760549 0.526342511 0.317375004 -0.409771711 -0.316249818 -0.634029806 -0.00410361169 -0.449077308
-0.464542598 0.294824868 -0.197191879 -0.462143183 -0.565275073 -0.0556584783 0.546256363 -0.344131887
0.537093759 -0.0582949556 0.634047627 0.220128864 -0.337026715 -0.464750499 -0.156453997 -0.53036195
0.391878545 -0.493581355 -0.600176394 0.21714054 -0.638258815 -0.156843275 -0.17775017 0.494021714
0.462936312 0.265687615 -0.296104342 -0.505624712 0.549196899 -0.000963352213 -0.212757006 -0.416161329
-0.951009035 0.397360891 -0.728253126 0.680570245 -0.304752767 -0.981915772 -0.0746067241 -0.976122081
0.451377153 -1.02301729 -0.719406009 0.739566386 0.28784138 1.04711056 -0.130750492 1.06710613
-0.990216672 -0.187285826 1.14386022 0.201554388 -0.596240222 0.898037612 0.750813782 0.670129955
1.10161102 0.432901531 1.0108124 -0.300965756 -0.747043908 0.624940038 0.994588673 0.00770863704
1.11683142 -0.182706133 -0.263998061 1.02110887 -0.905368149 0.27262181 -1.06187379 -0.000912772433
0.967108488 0.236372262 0.920285225 0.508290708 -0.0160725471 -1.1667695 1.06709504 -0.0136443395
-0.910928011 -0.471059203 0.3527942 -0.953520954 -0.671635449 0.751937449 0.591204762 0.916307151
0.9639467 0.332536578 -0.731579483 0.772968769 -0.46699214 -0.933685482 0.663900971 -0.738475084
0.915457189 -0.419625103 0.903693199 0.36209017 0.103687242 -1.11026394 -0.283943862 -1.08505571
-1.02956653 0.0226771906 0.601723254 0.787629187 -0.983391941 -0.32565701 -0.699691594 0.874458432
0.08670073 1.09974337 -1.04135191 0.0533527173 -0.960416138 -0.386375219 0.513160944 -0.900501311
-0.339969695 -0.95758158 0.418856591 0.900532246 0.792270839 -0.811333358 -0.926848769 0.633200347
-1.03738034 0.193282947 -0.635157049 -0.854251027 0.99663347 -0.219829768 -1.05313361 -0.197838083
0.657837689 0.837167025 -0.768570721 0.648137569 1.04148817 -0.182317302 -0.931012809 0.625595033
1.10431826 0.282751948 -0.957542121 0.578921318 0.654034734 0.753732383 1.01178503 -0.550459266
-0.369173229 0.975497663 -0.9044469 0.199871004 -0.707613528 -0.651906967 1.01201165 0.155078948
-1.0448463 0.0644094348 -0.472933322 0.942145765 0.964474261 0.500544012 1.00778461 0.615713894
-0.290252537 1.0568136 0.9541502 -0.403085351 0.705649436 0.925345778 -0.0987301245 -1.11350667
0.0909752622 0.928797185 1.05364573 0.108859003 -0.200593501 1.05399084 -1.04634404 0.379583716
0.719101369 -0.896654606 1.02250981 -0.234723926 0.625720084 0.803156495 1.03290188 0.22117649
0.218177497 1.03374779 -1.08862615 0.278441578 -1.02750564 0.459511489 -0.414690346 0.978093266
1.04087281 -0.462431639 -1.15866661 -0.168079883 0.908282936 0.447700083 -0.67940551 0.736570776
-0.95026505 -0.326250285 0.302496433 0.933548689 -0.976974785 0.0364650898 0.331332684 -1.03133035
0.609952748 0.762983084 -0.923496842 0.623301387 -1.05496514 -0.0431883596 0.966293156 -0.17698063
0.493565708 -0.259406894 0.550623298 -0.142205238 0.249545619 0.561938643 0.069959946 -0.527056515
-0.550063014 -0.13587828 0.540766597 -0.332257897 0.385100543 0.432732791 -0.542666554 0.234100461
-0.235362843 -0.531579256 0.265572071 0.586004734 0.0961970985 -0.489055932 0.362023354 -0.253308445
0.544736683 -0.358430088 -0.195765287 0.454147756 -0.0467434302 -0.581622541 0.133798346 -0.456027746
-0.351339489 -0.337333232 0.502693892 -0.319574028 -0.17994307 0.543515563 0.121867187 -0.483793855
0.268497437 -0.491208971 -0.220782787 -0.499480456 0.0609299429 -0.54670918 -0.29991439 0.415940285
0.376752526 -0.332811028 -0.190148607 0.617860854 0.314788371 -0.385526121 0.574061632 0.00505175348
0.33901462 0.532261968 0.0363792852 -0.573458016 -0.501592815 -0.23592639 -0.228547961 0.484082878
-0.223498881 0.535991907 0.591626465 -0.0835400969 0.618193626 -0.171511516 -0.111961626 -0.50274843
-0.166231692 -0.520739913 -0.128523737 -0.507095575 -0.437220544 0.404687673 -0.606871426 0.172532395
-0.125875473 0.585777462 0.359272718 0.327161551 0.44199279 -0.443812132 -0.528213084 0.0121207582
0.237049103 -0.498042077 -0.638913751 -0.305456102 0.633919477 -0.0447595641 -0.580037475 0.232213974
-0.197928086 0.521395206 0.0629437715 0.580364883 0.233980998 -0.42535305 0.578551173 -0.145043865
0.25677368 -0.503577173 -0.32438755 0.420756906 0.0536028221 0.595867336 -0.387090057 0.408070564
0.556078255 -0.298967034 -0.203116804 0.557545125 -0.464439332 0.282225609 -0.431547195 0.311847925
0.155333608 0.546397626 0.574982524 -0.113192126 0.00636514369 -0.436642259 0.119904585 -0.509189606
-0.0563248508 0.569612145 -0.0753396228 -0.619840145 0.482330292 -0.212885812 -0.292086869 0.497306913
0.329009354 -0.314866275 0.119295292 0.59326756 0.58000499 0.0825074092 0.2902143 -0.589757025
0.612847388 -0.119555362 0.159634843 -0.465069383 -0.0886906981 -0.679302692 -0.0915489644 0.578554869
-0.255676478 -0.558177412 0.519314647 -0.0552523285 -0.316717863 -0.473873347 -0.499904901 -0.159160063
0.276140779 -0.43215692 -0.457780063 -0.190383717 0.527499914 -0.394793928 -0.347448856 0.524564326
0.34530443 -0.569083154 0.504791856 -0.262652546 0.496621192 0.0759715736 0.173878416 0.504538357
-0.467147499 -0.227102965 0.551088989 0.0358550474 0.232915461 -0.508839369 -0.419163018 -0.326494962
0.329617321 0.43411389 0.437465668 0.231274664 -0.452953458 -0.137977391 -0.352932334 0.3098104
0.741221189 -0.753932774 -0.372135878 0.869437873 -0.543216586 -0.97372669 -0.916460514 -0.55038929
-0.733166993 -0.68817246 0.233271524 0.951273561 -0.670105696 0.794406354 0.95271039 -0.44563818
0.507252216 -0.939238787 -0.93786782 0.206704825 -1.04815197 -0.382318467 -0.0503045917 -0.959813178
-0.240915298 -0.88512665 -0.575689495 -0.967404485 0.4355748 -1.01392555 0.418757468 0.871835053
0.838439524 0.659687161 -0.925178587 -0.412445664 -0.227472812 -1.07075667 0.339779109 1.00100911
-0.320692807 -1.14090455 -0.794607937 -0.688598514 0.232112586 -1.00697958 -1.12813795 -0.172334
-0.758461833 0.688357234 0.298170716 1.00612998 -1.05240786 0.260015458 -0.0483349301 1.04310322
-1.00242901 -0.341994494 1.01326859 0.357834071 -1.08133054 0.206724793 0.813351572 -0.730599642
-0.215909854 -0.951143801 -0.428843051 -0.957413197 -0.808282912 -0.746349871 -0.666173339 0.836800456
-0.490751773 -0.958977938 0.747988403 -0.655724466 1.04110277 0.218776211 1.04831254 0.0873092562
0.873306394 -0.619067609 1.00999725 -0.473671943 -0.81078136 -0.622578621 1.04482591 0.288179904
0.673296511 -0.832640588 0.21265617 1.02625597 0.436641037 -0.974518597 0.666996598 -0.960743368
-1.00406694 0.150369421 -0.181124911 1.00557256 0.990663886 -0.0343687721 -0.551364183 0.841742933
1.14787686 0.0466943718 0.896618485 0.608227909 0.462836325 0.949106693 -0.87470001 -0.484111071
-0.771515667 -0.642712533 -0.950979352 -0.16601935 1.09618056 -0.195196033 0.899432659 -0.425074756
0.609924257 -0.821252882 0.0471876264 -1.12311411 -0.395969331 0.824023485 1.00975668 0.356667876
-0.959836423 0.468478054 0.934139252 -0.000519210822 0.898744643 -0.2554636 -0.795161605 0.751221895
1.1241529 -0.052242633 -1.03309143 0.0129187088 0.911123216 0.462632358 -0.252859622 -1.00103831
-0.510778189 1.01276422 1.02224386 -0.243828058 -0.186375558 -0.986913264 0.516024709 -0.881170928
0.136562452 -1.07259417 -1.00531185 -0.134414569 -0.985342205 0.609171867 1.02427828 -0.0057690274
0.339430243 -0.892857254 0.778294861 -0.674121261 -0.859098911 -0.614014089 -0.00580090564 0.999499083
-1.01891601 0.272598922 0.846835017 -0.682147622 0.365180284 1.03035402 0.882230997 -0.549430728
-0.974459052 -0.100926749 0.915404379 -0.317842126 0.173076436 -1.08269131 -0.789764524 -0.679326832
0.943662643 0.303436577 1.07494032 0.0376869738 0.300827444 1.00198519 -1.06062925 0.262185693
0.34090811 -0.468317688 0.0278510116 0.622352839 -0.443581134 0.384895772 -0.259986132 0.659282207
0.702528656 -0.171646118 -0.373917907 -0.280287623 -0.502256989 -0.239457399 -0.441048145 0.0800385401
0.549102008 -0.190163121 0.129776329 -0.635233879 0.371827722 0.350139022 0.279218078 -0.541699469
-0.420889914 0.119715035 0.494206488 -0.109959342 0.00253310776 0.526037335 0.399765521 -0.221398473
-0.509177566 0.0786916986 -0.131280273 -0.620941699 -0.479740858 0.415393442 -0.55387187 -0.0750900656
-0.0844199359 -0.53816545 -0.134406179 0.596755147 0.524476111 -0.184797227 0.0791577026 0.577732265
0.317419052 -0.511835039 -0.448410392 -0.328619033 -0.524514019 -0.0350339562 -0.292276829 0.41928193
0.515414059 -0.117362946 -0.117223844 -0.603333652 0.201627806 0.58623457 0.228590399 0.444185942
-0.296806544 -0.348125249 -0.416121036 0.315354615 -0.371699363 -0.339202672 -0.399965972 -0.404098123
-0.125537232 -0.524728298 0.597685814 -0.116183773 0.469214648 0.339851856 -0.393014729 0.382787019
0.288658082 0.447841495 -0.0228087008 -0.572984219 -0.435677975 -0.352523983 -0.424771339 -0.371685624
-0.175730586 -0.471215427 -0.197727859 0.44612816 -0.00248423452 0.556996942 -0.53260833 0.175503179
0.509504378 1.00557554 -0.46530503 -0.931591034 -0.940238118 0.407374471 -0.489294946 -0.946453273
-1.07533896 0.145084694 0.800300837 -0.556289136 -1.09139454 0.231616661 -0.88792932 -0.416540623
0.291613668 -1.11349761 0.915118515 -0.557744384 0.759682 -0.620015442 -0.70522958 0.691114128
1.12126565 0.00725929113 1.03228128 0.00248852698 -1.00474584 0.500609159 -0.703581989 0.753354907
1.05377388 0.26869005 0.644311965 -0.906932771 0.495186418 0.850412428 -0.28755489 0.996098042
0.552961588 0.901180685 -0.875833869 -0.741531491 -0.0408994928 1.11465025 0.734248996 0.62101531
-1.06843507 -0.00993987639 0.916765869 0.488458306 0.739157677 0.734532177 0.0390320644 0.985161424
0.915760696 0.365282536 1.05520451 -0.472847164 1.02204704 -0.449207932 0.88512361 0.493645519
0.31429103 -0.965206206 0.806954145 0.696644545 0.929864705 -0.407959074 -0.667748928 -0.786473572
0.861609995 -0.44993341 -1.00951815 -0.168907553 -0.113020144 1.17588985 0.0568374805 1.11232543
0.809203804 -0.598463535 -0.469783217 -0.873015046 0.462509304 0.936414897 -1.00066578 0.581596911
-0.344656795 -1.10442686 0.875542343 -0.472169131 0.223341584 0.992566586 -0.224594936 1.02832854
0.882532418 0.523947835 -0.53571403 -0.932713628 0.435122013 0.999381959 0.445272475 0.966923654
0.0803312436 -1.12980413 -0.872941017 0.425474524 0.621590316 -0.896682918 0.890859842 -0.520023704
-1.050143 -0.181184173 -0.0262723994 1.12923479 -1.01161587 0.308679909 -0.94890976 -0.502373219
-0.216874272 0.978633165 -0.157018721 1.03448808 0.957368612 -0.00611393945 1.16072464 0.26872912
-0.88033545 -0.38511467 -0.249258205 1.00895369 -0.290810645 1.01916659 0.481654286 1.03261364
-0.939650357 -0.298905998 0.93314594 -0.551972151 0.245826349 -1.03967142 0.420361072 0.981177151
0.492463678 -0.922977209 0.220859781 -0.927746475 -0.979273796 0.422442019 -0.943733573 0.587088704
0.524887919 0.952337444 -0.0673371404 1.1189822 -0.927260876 -0.362433255 0.863555431 0.671216786
0.331105798 0.995356083 0.801006615 -0.700557768 -0.710895479 -0.773229659 -1.06170404 -0.360860318
0.845821023 -0.673672378 -0.799115896 -0.708652496 -1.04654121 -0.417452216 -0.0598796383 -1.08687103
-0.464828134 1.01374352 1.09744203 -0.360563427 -1.03206432 -0.00827020966 -0.48578161 -0.895030081
-0.166382134 -1.09157693 0.45098415 0.908392489 -0.886817098 0.623817027 -1.11850798 0.267116249
-0.538988233 -0.100400612 0.546065867 -0.29347226 0.179305896 0.536113501 -0.611949027 -0.0339808874
-0.445034504 -0.322029322 -0.198869109 -0.527699769 -0.60949558 -0.222248286 -0.522713721 0.407567888
0.287964582 0.331399858 -0.567431152 -0.133325174 0.489031166 -0.164612621 -0.457722962 -0.394257009
0.363514811 0.498487949 -0.334038645 -0.436654329 -0.153598636 0.512961388 0.417859554 -0.361825794
0.0176043306 -0.533695281 -0.205467209 0.420955598 0.0580714531 -0.549088001 0.146474957 -0.616713703
0.178339139 0.554634929 -0.613256931 -0.135064229 -0.491364866 -0.0636074618 -0.317897648 -0.36092931
0.469556302 -0.0456787981 -0.459958881 -0.302742243 -0.446047872 0.341270477 -0.47740218 0.293355852
0.0277659334 -0.569480836 0.52507478 -0.201694727 -0.0782276317 -0.508069932 -0.0362853259 0.523579836
-0.399668902 0.344282925 -0.0125390701 0.609622777 0.509809017 -0.0581967756 -0.492335021 0.235748827
-0.0797035694 0.490937263 0.220603243 -0.470891565 -0.463850766 -0.307461232 0.0865929425 0.563716531
0.424527794 0.330286235 -0.214335114 0.428471088 0.0424703583 0.591305494 -0.507279336 -0.220090836
0.563085854 0.161153063 0.456843913 0.0696598366 -0.510780513 0.179025158 0.358395517 0.406257898
-0.615122855 0.747837245 0.923755586 0.482430458 0.189342707 1.04928374 1.03275001 -0.12596114
-0.457535923 -1.06906974 0.372426569 1.02326286 0.760917008 -0.593771517 -0.958293557 -0.384580344
0.883357346 0.525194049 0.748481333 -0.673750103 0.95372355 -0.129481375 0.90337497 -0.605948448
-0.276241302 -0.944592953 -0.267983317 -0.995489419 -0.270972729 1.05261338 1.03073704 -0.274827302
-0.40505752 0.947900355 1.10340261 0.0455222353 -0.895894587 0.352580994 -0.972937703 0.411527574
-0.949342489 -0.0650658086 1.03779745 0.373552889 1.04219353 0.0545301549 0.866790533 -0.54641217
1.00472176 0.0103072971 0.116364814 -1.0480938 0.36060816 -0.955065012 0.37651515 0.960166276
1.02220869 0.332634866 -0.799242437 -0.841007829 -0.495755255 -0.774606407 -0.610684991 0.81192565
0.758591652 -0.686970413 0.917913735 -0.503721476 -0.980783999 0.308144242 0.978781581 0.240241751
-0.982111216 -0.39031443 1.11209714 0.329128414 1.08811176 0.251081258 0.592947066 -0.909876764
0.819795251 0.738234997 0.105313167 -1.12532079 0.948691785 -0.286374897 -0.64754802 0.86182946
0.939522743 -0.546756566 -0.435115546 0.93830055 -1.0712055 -0.193150133 -0.652736425 -0.828137994
-0.765135765 0.689667404 -0.115499608 1.0617919 0.47077921 0.854213059 1.04287446 -0.275833517
1.05871022 -0.150955811 -0.632601261 -0.81328851 0.94934988 -0.136431247 1.05265534 -0.397504866
1.01213562 0.109082237 1.01850259 -0.340238005 -0.168984145 1.04446685 -0.360836297 -1.03271091
0.689314246 -0.696852267 -1.03916264 -0.303556561 -0.0748919025 -1.13219202 0.658710361 -0.79545939
-0.992730856 -0.222796395 0.233686015 1.05376542 -0.150222346 -1.11232281 -0.913564563 0.647119939
1.07461083 0.304838359 -0.631258786 -0.708960474 -0.501815677 -1.00631654 -0.817797661 -0.576693118
-0.488274038 -0.814414859 1.06340957 -0.202086315 -0.507974148 -0.9337852 0.683297992 0.888001323
0.978158712 -0.405178636 0.903585196 -0.57154876 0.224047929 -1.10405004 0.92760843 -0.44259873
-0.98285532 -0.544297636 0.419359446 0.840387344 -0.990714073 0.172805041 -0.0674003884 -1.14088714
-1.06926954 -0.0217247102 0.509108543 -0.973035574 0.7928707 -0.670381486 -0.851038337 -0.58228296
-0.301811129 1.06954062 0.66264385 0.863671124 0.971199393 0.317005366 0.708250761 0.816316605
0.572580576 -0.889452934 -0.253857851 -1.046754 0.444700539 -0.850695789 -1.02809 -0.0746361837
1.02269852 -0.159292057 1.09390271 -0.0979985669 -0.639915943 -0.755490005 0.996900022 -0.322343826
0.444076359 0.961057961 -0.85084182 0.649871409 0.993042886 0.133352101 -0.76206702 -0.882623196
0.402532071 -0.941484451 0.95328021 0.43991217 1.09362018 -0.100686803 -0.449049413 0.881715715
-0.171881378 1.07079673 -0.700291097 -0.785792232 1.09173679 0.200678825 -1.0556494 0.16514121
0.197596774 0.967919528 -0.990822852 -0.271667123 0.0616660491 -1.06597471 -1.00404096 0.521295965
0.00138666248 -1.08144784 0.135338962 0.976559997 -0.289378285 -1.05669951 0.393781543 -1.06456852
-0.357938409 1.05503321 -1.09955227 -0.0614369772 0.967582405 -0.158347785 0.170485407 -1.03282225
-1.05895829 0.104480512 -0.869718075 -0.604012311 0.801376581 -0.853176594 -0.502840757 -0.756089926
0.346606612 0.9539572 0.841338396 -0.607475519 0.607561409 -0.904224753 -0.971310973 0.162559256
0.0253899582 -1.20594156 0.213319883 0.969697535 0.0179639403 -1.09114754 0.311494529 0.943577945
-0.388985574 -0.98028332 1.1307615 -0.0118197966 -1.02412629 0.281991452 -1.00734067 0.112132095
0.369888842 -0.910747886 -1.07632673 0.430304557 -0.239058197 1.12992609 -0.3314946 -1.02840829
1.00038457 0.320720553 -0.553348005 0.838857532 0.069330588 -1.00589108 -0.379832357 -0.958558679
-1.08125079 -0.0538732782 0.873065412 -0.366488785 0.343613297 1.04466748 -0.747917354 -0.760720611
0.858364761 0.545383692 -0.294782549 0.972331285 -0.737584054 0.72287482 0.39694497 -0.899276316
-1.06943655 0.146687388 0.945985138 0.442637801 0.707640111 -0.899650216 -0.98037076 0.466882914
0.462897956 -1.01395297 -0.700495839 -0.811584711 0.676765144 -0.839372516 -0.00567436963 -1.03766334
-1.15227556 0.0921384767 0.349507421 0.945778012 1.00778437 -0.393112779 0.722911358 0.782832026
0.494961619 -0.957151473 0.516333401 -0.810999572 -0.819122016 -0.648690224 1.0071497 0.244115561
-0.768865347 0.62707293 -0.0441779159 1.11055136 0.519359112 -0.892235339 0.237395748 -1.02788866
-0.839421332 -0.568731487 0.850229144 -0.640345931 0.730211735 0.711392283 -0.0919948593 -1.11550546
-0.703413069 -0.82632488 0.0898668692 -0.980217576 -0.62253505 -0.70458132 -0.439283788 0.894763708
-0.249265641 1.02895951 1.08188498 -0.316125482 0.513435423 -0.904274881 -0.404776961 0.937496066
0.716364861 -0.785543263 0.843382835 0.615531921 0.297712237 1.02377021 -1.11719573 -0.335483044
-0.511536956 -0.254941881 0.256544799 0.452292442 0.471755385 0.446536899 -0.509397268 -0.273929089
0.344820678 -0.449939728 -0.00806365442 0.605386436 0.306422025 -0.525052249 -0.426511645 -0.225760698
0.492350549 -0.218185037 -0.52776885 -0.334321797 0.433913767 0.338285893 0.356999576 0.413344443
0.505281508 0.300607383 0.124961689 -0.581633866 -0.07359761 -0.552661479 -0.218267784 -0.61015147
-0.492564499 -0.0840500221 -0.604227781 0.121124797 -0.320943236 -0.463731706 -0.0607501417 0.42436111
-0.494815111 -0.00965547934 -0.0931820944 -0.59581542 -0.455200464 0.191510335 -0.397158325 0.10025312
0.55109477 -0.0666984394 -0.377510399 0.45010981 0.0940796956 0.516275823 0.504010379 0.119750261
0.447771817 0.265054822 -0.0139883924 0.525766194 -0.0207068585 0.596145988 0.482818305 0.123026036
0.428716451 -0.346177965 -0.0307006724 0.474855244 -0.202332914 0.487976968 -0.494732022 -0.201806605
0.452426463 0.21987927 -0.0164672546 -0.561071992 -0.579422712 -0.0563432761 -0.517593861 0.40187031
0.470441192 -0.121750675 0.183835194 0.694554746 -0.196479097 -0.548032939 0.133529916 -0.492822409
-0.563420773 -0.242045537 0.116866551 -0.521671414 0.16485405 0.500972211 0.530456662 -0.00328540569
0.628661156 0.170981362 -0.324925065 -0.457880944 0.133133218 -0.465924799 0.301169068 -0.502679348
0.186259523 0.598267436 0.143378213 0.53497839 -0.350239575 -0.532728374 -0.199531138 -0.457688838
0.108728036 0.546405315 0.158359259 -0.59109056 -0.120484993 0.540549934 0.539928913 0.160506085
-0.445346564 -0.388490677 0.426472068 0.327132523 -0.0548040159 -0.491534173 -0.141211852 0.494447768
0.363471478 0.198527306 -0.518611789 -0.349246204 -0.507210195 -0.188257828 -0.102713928 0.62722522
-0.332835823 0.40607056 0.461014569 -0.134882078 0.318631679 -0.530427039 0.54090488 -0.210750535
-0.413463235 -0.332044125 0.450004488 -0.278935999 0.460593313 -0.206172124 -0.197000086 0.553105474
0.565155447 -0.373179704 -0.513548315 0.180562988 -0.547109246 -0.129881039 -0.272987723 -0.526414752
0.428934664 -0.297379255 -0.305550307 0.41799596 -0.296720296 -0.441180855 0.544105172 -0.119295672
0.358587265 -0.404545367 0.520447016 0.0713093877 -0.245421007 0.508660972 -0.545559347 0.0145476032
-0.458518475 -0.00800466724 0.525461316 -0.0519472733 0.308519661 0.438266784 0.327786982 0.460420281
0.549339354 -0.323904455 0.521241128 -0.266532421 0.518036306 0.168347269 -0.542650402 0.138913497
0.392043293 0.424534172 -0.554340601 -0.109150775 -0.135077626 -0.577426076 -0.0294009931 -0.518909752
-0.19370392 0.539359868 -0.537762284 -0.219452575 -0.0805941895 0.584940493 -0.0404483117 -0.584423959
-0.425632745 -0.441865355 -0.18694146 -0.604186654 -0.456077248 -0.371196538 -0.503206372 -0.0848872662
0.499331206 0.246225327 -0.341980696 -0.284773976 0.107651405 -0.598751009 0.0791050717 -0.483488709
0.352162927 0.31106624 -0.326433301 0.53880018 -0.389831871 -0.425477684 -0.236260802 0.557569921
0.231908381 0.369798392 0.388296783 -0.309013873 0.208564296 0.537841558 0.212052941 -0.522772372
0.0786352977 -0.506534994 -0.358618379 0.414433628 0.302870959 0.471674591 -0.332733393 -0.443494558
-0.274294108 0.596533597 0.0568770878 0.586186945 -0.398370951 0.382052332 0.498622388 -0.370687872
0.404223889 0.333435088 -0.456532657 0.373088926 -0.293679714 0.453518718 -0.0122394022 0.472892702
0.460633636 0.0722610801 -0.38020736 -0.482922465 -0.548050165 0.0653855652 -0.571910441 -0.276092142
0.198448688 -0.572818935 0.349199504 0.329890102 0.418248653 0.244430125 0.112292461 0.575986743
-0.40881294 0.366840959 0.481240004 -0.221334025 -0.580288649 0.0746616051 0.143133506 -0.465495497
1.00060749 0.350212932 1.03588295 0.479703963 -0.477809757 0.974536717 0.0298339929 1.1030997
-0.589301646 0.851221681 1.08012843 0.0751557648 0.775370598 -0.645443857 0.840287089 0.505425036
-0.580384254 0.874618351 -1.15475023 -0.176203206 0.939485312 0.3810983 -0.783521175 -0.715658784
1.01575136 -0.103730641 0.591762364 -0.908237755 -0.503965676 0.885971546 1.06714213 0.301139414
-0.3443892 -1.03121638 0.66488272 -0.933435738 1.02124393 -0.319295347 -0.925138712 0.533455014
-1.02871072 -0.222244278 0.870938718 0.512283862 0.865235686 0.529238641 0.474889427 -0.990997851
0.832912207 -0.600966156 -0.315284103 1.04721272 -0.84327656 -0.507850587 0.790395081 -0.62912637
0.965349674 0.615173638 -1.00369573 -0.334425598 1.08983862 -0.242621914 0.96776253 -0.452046901
0.741401851 0.584230423 -0.977797925 0.250805378 -0.422281623 0.866494 0.219170451 -0.998579681
0.602157414 0.919016957 -0.910567224 -0.648290694 -1.12031722 0.00816810131 1.00746596 0.298425913
0.451562703 0.889717698 -0.0342832096 1.00814033 -0.590784788 -0.795408189 -0.808276653 0.632408142
-0.754873633 0.749407053 -0.0641017333 1.10744584 0.727666378 -0.701813042 -0.255458653 1.01574445
-0.763740301 -0.568062305 0.443471402 -0.990179181 -0.0349751711 -1.08364725 -0.999169111 -0.0383557342
-1.06606829 -0.071171619 -0.355941117 0.95645076 0.337114245 0.975495517 -0.858274639 0.520667613
-0.0180556979 1.04491413 0.597559214 -0.969150722 -0.975960374 -0.25823155 -0.525463939 0.875572145
-0.322637826 -0.976848364 0.381442666 -0.967327774 -1.04265273 -0.396979839 0.907873154 -0.530065179
0.288877577 -0.894858479 -0.594029963 0.905481279 -0.102342889 -0.999068439 -0.730700672 -0.76792562
-1.03457868 -0.247327372 -1.01527286 -0.415004551 -0.780998349 -0.74891293 0.0208541248 0.972979903
-0.852079332 -0.697793424 0.0133967428 0.991481721 -0.773620248 0.793334961 0.586884439 0.916843593
0.00372642116 1.08015752 0.4952932 0.893608332 0.768647432 -0.44659394 -1.01189256 -0.213372707
-0.662262022 0.826005578 -1.02196181 0.00848879199 -0.167319998 -1.08435559 0.105725102 -1.04411626
0.598559856 -0.782672167 -0.493728936 -0.948203504 -1.07063615 -0.235863402 -0.370933354 -0.987204552
0.186232701 -1.01474023 0.888511419 0.0915419757 1.05316269 0.414140522 0.565180957 -0.913744807
0.951774716 0.563280165 0.63077116 -0.651801765 0.15407519 -0.950152874 0.951274157 -0.374467552
0.00757190911 -0.553005219 0.147021905 -0.565066695 0.248372063 -0.395223111 -0.492726713 0.208142355
0.568163633 -0.0891399756 -0.044608105 -0.518563986 0.483751714 0.27717486 0.244035706 -0.52699405
0.355283946 -0.389449626 0.580139875 -0.189858288 0.561856508 -0.129118368 -0.538440287 -0.0844169483
0.462386161 0.321046233 -0.417669475 0.0337875374 0.370214164 0.367804319 0.477221668 0.39506349
-0.389454931 0.462895453 0.408189833 0.308589906 -0.140502527 0.54644841 0.516550183 0.292941839
-0.386223674 0.336127877 -0.619904399 0.0367451049 0.105288289 0.601331294 0.332139909 -0.416590273
0.301655531 0.450545698 0.500459731 0.252028674 0.472011894 -0.275452256 0.299427211 0.356414437
-0.518724382 0.285288155 -0.574516654 -0.28389442 0.552561939 0.145879835 -0.553871155 0.345163494
-0.560341597 -0.220818177 -0.274805784 0.352621615 -0.500752866 0.265055597 -0.171710223 0.571160316
-0.0518322177 -0.557545543 0.104930349 -0.483435571 0.395245343 0.372259706 -0.163789928 -0.489289939
0.380472064 -0.20911859 -0.232654691 -0.440172136 0.468777984 0.0347558446 -0.142116234 0.504118621
0.254948705 0.433270752 -0.341273755 -0.381040424 0.228884339 0.490903795 -0.195805371 -0.448604673
-0.881541133 -0.50361675 0.959151924 -0.402220011 -0.0772751346 -1.09408593 -0.637501478 0.97412926
-0.472012639 -0.816354871 1.03421688 -0.26099214 0.962572515 0.356264114 0.927072227 -0.441286206
0.0405838862 -1.07527244 -0.185597762 -0.995490313 -0.661697507 0.898211479 -0.97756511 -0.319276989
-1.05843103 0.0940934122 -0.98898387 0.255953938 -0.79108882 0.68519491 0.0388549231 -1.05561233
0.358983845 -0.975742042 -0.30874607 0.950754285 0.0291203037 0.984908342 -0.792649925 0.747321546
0.789400697 0.722952008 -1.06243908 0.282842577 0.234475732 -1.08890641 -0.69552505 -0.594795942
1.13610077 -0.12059845 1.06228316 -0.337599903 -0.992943823 0.454746664 1.06333613 -0.243323684
-0.0308015142 -1.01783895 0.809750557 -0.734876335 1.09314847 -0.336732864 0.736415744 -0.820966423
0.624382138 -0.831784308 0.299333513 1.10337055 -0.203159913 0.91135788 0.987511516 -0.095636189
-0.936350763 -0.566849232 -1.03044486 -0.0989403874 1.03866136 0.406851232 0.265514404 0.992823601
0.638350189 -0.795960605 0.633446693 -0.864017606 -0.956798196 0.315936297 0.407478243 0.946911991
-0.416469485 0.999273658 1.08249652 0.0623569191 0.8050102 -0.54780978 0.363184869 -1.01502299
endtensor
tensor embed_w 64 2,32
-0.14961648 -0.433909565 -0.641533852 -0.121141195 -0.0669746399 0.570106447 0.503966749 0.220958292
0.539467394 -0.156588852 -0.396309167 0.0305685997 0.51663357 0.100683153 -0.0294591188 0.477199733
-0.272415221 -0.159469485 -0.23782894 -0.701894879 -0.605291963 -0.384312153 -0.353087395 0.662896574
0.609326303 0.422607243 -0.0820249915 0.401876509 0.370987475 -0.0308259726 0.0934512615 -0.312269717
0.513660848 0.134050012 0.43243438 0.347446263 -0.0116067529 0.472578704 0.537625968 -0.573974907
0.428310096 0.476215422 -0.657368779 0.297951162 0.45976907 -0.0477310419 0.297521174 0.191826761
0.590436757 0.497742951 -0.498513103 -0.373280644 -0.563395143 0.0175629258 -0.467479527 0.615963638
-0.0614932775 0.170794785 0.0190930367 0.501376808 -0.354504049 0.68587929 -0.264556199 0.0836694241
endtensor
tensor embed_b 32 32
0.621752799 0.0376822352 0.470323622 -0.242352396 -0.663105488 0.413776338 0.665747941 0.490886748
0.552441418 -0.285250962 0.172478497 0.455326498 -0.274947673 -0.251691878 -0.361333281 0.288592756
-0.0871183872 0.540736496 -0.202755392 -0.0453906655 -0.216053337 0.570974052 -0.268673092 0.2017048
0.0244468451 0.0451171994 -0.114858985 -0.550199628 -0.460537016 0.655522764 0.107177734 0.311400831
endtensor
tensor first_w 192 96,2
0.0535981059 -0.0111590624 -0.0403947718 0.0101598576 0.100845501 -0.0767428204 0.0105765164 -0.0898890495
-0.0539813153 0.0606601834 -0.0797785521 -0.00117205828 0.0669224262 -0.0452529155 0.0534066856 -0.07433597
0.0190794319 0.0508229434 -0.0892368779 0.0673664212 0.0699464679 0.0600441098 0.0213208348 0.0797214955
0.0306799263 -0.0100256652 -0.0570428967 -0.0859020948 0.0923859775 -0.00837663561 0.0315605551 -0.012497656
0.0112662017 0.0969070047 0.0527620763 -0.00353529304 -0.046903152 -0.101984717 -0.0183192194 -0.0897930935
0.00599433482 0.0998049676 -0.0437031873 0.09867993 -0.0536489077 0.0774741024 -0.0884092078 0.0762682855
-0.060231898 0.0504218489 0.0244201273 0.0863504708 0.0959233195 -0.0356972516 0.0401300639 -0.0646835566
-0.0335503817 0.0217941999 -0.0258451924 0.00271455944 0.0924825072 0.0729308128 -0.0553865619 0.0974051058
-0.0740552545 -0.0909653455 0.10038951 -0.0717911571 0.0412244648 -0.0373807251 -0.0445752144 -0.0394021496
0.0932394564 -0.0924439952 0.00136561692 -0.0560881235 -0.012624532 0.00655481964 0.0958100259 -0.0826324224
0.0281688869 -0.000355795026 0.037982434 0.0205272362 0.0932693928 -0.004549779 -0.0926536024 0.0412920117
0.0894153863 0.092801258 -0.0415803231 0.0513809472 -0.0196359009 -0.0163203627 -0.0741320178 0.0116845518
-0.0474980101 0.0328965187 0.0356961489 -0.0368907377 -0.0947509557 0.0889256746 0.0389455259 0.0792433619
0.0168610662 0.0414362401 0.0859127343 0.0229674429 0.0451398045 0.0478548408 0.0577601492 -0.0375130624
-0.0648519993 -0.0464937426 0.0656334162 0.0283747166 -0.0583253317 -0.0921023041 0.0438900888 -0.0486040749
-0.0910143033 0.0434956849 0.0860843062 0.0898181498 -0.0870940313 0.0483488888 0.0862246752 -0.0829062015
0.0706162602 -0.0634985119 -0.0272259787 -0.0848217085 -0.063491717 0.0854259878 0.0314927548 -0.0903186202
0.0721908361 -0.00895961374 0.0442558378 -0.0704097599 -0.0721079931 0.0029874146 -0.0733556226 -0.0104817972
0.0700864047 0.00902611017 -0.0644297898 0.077274099 0.000293768942 -0.0746250153 -0.0222208276 -0.0459992252
-6.87688589e-05 -0.0223937109 0.0194031745 -0.0113855675 -0.052248016 0.0914566666 -0.0943459719 0.0642605722
0.00741744787 -0.0222310796 0.00965004414 -0.101423614 0.0823610723 0.0912316293 0.00304688513 0.0235380977
-0.0142212734 0.03244178 0.0665548444 -0.0826608837 0.0355540961 -0.0889554247 0.0738081634 -0.0831322372
-0.0162106007 -0.0936502814 0.100874245 0.00427094102 -0.0651793107 -0.0745913833 0.0242908895 -0.0768413693
-0.00764489919 -0.086174801 0.0716638565 -0.0640910789 0.0896850675 -0.0655997992 0.0544689298 0.0252001882
endtensor
tensor first_b 2 2
0.0120025948 0.0916487277
endtensor
tensor update_w 4128 129,32
0.0757274479 -0.0708716735 0.0255869478 0.0314826518 -0.0561538227 0.004598625 0.0599746108 -0.0495015271
-0.0038689822 0.0256978571 0.0486856103 0.0717528015 -0.0834318325 -0.0409408659 0.0492236763 0.0211999193
-0.083253257 0.0163705796 0.0603057146 -0.0748479515 -0.0663844422 -0.0603494197 0.0387215465 -0.0585883446
-0.0451949053 0.0725760907 -0.0707400143 -0.024236761 -0.049106583 -0.0568959601 0.018412739 0.0326613337
-0.0129228681 -0.075297676 0.062744081 0.0876707286 -0.061322812 0.00694509596 -0.0650150329 0.0861940235
0.0230822191 0.0509025902 -0.0494820885 -0.0170691386 0.0555323362 -0.0573779382 0.0241083875 0.0706564039
0.00396494567 0.0338179469 0.0807944983 0.054761216 -0.0254437104 0.0273232237 -0.0803407133 -0.0458886661
-0.0657138303 0.0186045915 -0.0268027484 0.0477124453 -0.0528580397 0.00106164813 0.00206631422 -0.0481231473
0.0493621677 -0.084482789 -0.0503862612 -0.0723280311 0.0852184445 0.0504335314 -0.0237912312 0.0296498761
-0.0135603473 0.0555068851 0.0708404928 -0.00917759538 0.0187388435 -0.0639526695 0.0507513583 -0.0853230804
-0.0179362595 -0.0757731646 0.022714667 -0.04710963 0.0104212165 0.0540297925 0.020088315 -0.0154027715
-0.0675029233 -0.0879299939 -0.0383152366 0.0636087805 0.0710484535 0.0862959623 0.00165586174 -0.0725198835
0.0319991112 -0.0796930119 0.000877521932 0.0360596702 -0.0336764343 -0.0721257105 -0.066701211 -0.021012716
-0.0416161865 -0.0349879973 -0.065105021 0.0861136615 -0.0441141427 -0.0667916685 -0.0136937648 0.0100111514
0.00580600649 0.0855629444 0.0649636835 0.0462592989 -0.0197957382 -0.0813076198 0.00796390325 0.00853064656
-0.034525618 -0.0279085524 0.00429703295 -0.054090675 0.0276883617 -0.0682377368 0.0566877425 0.0650178492
0.0556057245 0.0132676288 -0.0817907602 -0.0718149021 0.0592853129 -0.0655915365 -0.0441601761 -0.034880396
0.0574634522 -0.0877998248 -0.0717945918 0.0452296883 -0.0791829154 -0.0601242781 0.0343257785 -0.0509149134
0.0270179659 -0.0485899895 -0.0515160151 -0.085453324 0.00460037589 -0.00658421218 -0.00507456809 -0.0740267411
0.0820772499 0.0770069957 0.0806585401 -0.0598376244 -0.0407012999 0.0771444738 0.0402957499 0.0140434951
-0.0356049947 -0.0107346028 -0.00849621743 0.0264256448 -0.0430902466 0.00586847961 0.0666922033 0.0328288525
0.0142712742 -0.0497707427 -0.0733188614 0.00182948261 -0.0451899096 -0.0794901699 -0.0649516135 0.011678867
-0.0043848455 0.0795255452 -0.0133754611 -0.0485685989 0.0707378685 -0.0654800683 -0.0297292918 0.0115449503
-0.0783375874 0.0850418806 -0.0494625866 0.0232288241 0.0876483917 -0.0148209482 0.00868388265 -0.084451884
0.0733740181 -0.0141660944 0.0429181755 0.0498954803 -0.0124082938 -0.0288273022 -0.0298334397 -0.0187794715
-0.058734078 -0.0186837167 -0.0393264852 0.000126183033 -0.0501383394 -0.0640911013 -0.0662055686 -0.0315944031
-0.0356632024 -0.0338372514 -0.065395169 -0.0483340472 -0.00836984068 -0.0133243352 0.016188167 0.0545493662
-0.06677185 0.00640242547 0.0167056397 0.0277751088 -0.0854030997 -0.0619698465 -0.0562792681 -0.0177869797
0.0619939268 0.00468215346 0.0361320153 -0.00436254591 -0.0667867512 0.0282278657 -0.0234759599 -0.0306217074
0.011124365 0.0195941254 0.0610335916 -0.00967919827 0.0609904677 0.0261004046 -0.0785344392 -0.0127608478
-0.0699038506 -0.018911235 -0.0371167213 -0.0823794007 -0.0782460123 -0.0694462955 -0.0829812884 -0.0476054847
0.0773894489 0.0551079959 0.0113554895 -0.0305596329 0.0173152536 -0.0249092132 -0.0180593133 0.084520936
0.013980478 0.00328652561 -0.0544933267 0.0448336452 0.053213641 -0.0802287385 0.0288107395 -0.041291751
-0.0262960978 -0.0302843601 -0.0751337036 0.0451987535 0.0303981453 -0.0389849432 0.0509890169 0.0196285397
-0.0547703728 0.0875719488 -0.0828619525 -0.0243444741 0.0766696632 -0.0829026327 0.043120265 -0.0770209432
0.0100482553 -0.0838674381 0.0532694906 0.0699555874 0.00451131165 -0.0162486956 -0.0257229842 -0.0841437429
-0.00851557404 0.0391474068 -0.0307007283 -0.0454932153 -0.0849382281 -0.0186004415 -0.0676139295 -0.0513644144
-0.0672471523 0.0192959085 -0.0589217544 0.0336982235 0.0829719603 -0.0411103107 0.0169020072 0.0729234666
0.00494524837 0.0569373518 0.0862686634 -0.0597946122 0.0854254067 0.0645243078 -0.075235635 -0.075076215
0.0755835772 -0.034532439 -0.0267270319 -0.0329674929 -0.0476245321 0.0633275658 0.0590142161 -0.0788666233
-0.0863981992 -0.00262705237 -0.00970430672 0.0411772281 0.0519573539 0.0408369303 -0.0336726531 0.0799137205
-0.0657245666 -0.0337592028 -0.00511667877 -0.0460330136 0.0169836432 -0.0850657746 -0.0839619562 0.0153306574
0.0314406082 0.0760583431 0.0335208401 -0.0102059618 0.00523047149 -0.085266389 -0.0115920976 -0.0480605923
-0.0637721196 0.00771088898 0.0566447675 -0.055232808 0.0560693592 -0.00636461377 0.00101585686 0.00526627153
0.0451634079 -0.0697319359 -0.0386144109 -0.0737489909 0.0529417992 -0.0806313157 -0.00714930147 0.053589642
0.0828261226 0.0710311532 -0.0832800642 -0.000829279423 -0.0666201562 0.0604671985 0.00476787239 0.0642028302
0.00450104475 -0.0616573766 -0.0450810976 0.0494404882 0.02648516 -0.00451777875 0.0373989046 0.00961638987
-0.0571494773 -0.0539071672 0.029667072 0.0565831065 -0.0136679709 0.0637025684 -0.0844920725 0.079718411
0.0370527208 -0.0511203445 -0.085575223 0.00215726346 -0.0801427737 0.0861181915 -0.0251810476 0.0619765818
-0.0879612416 -0.0465688147 -0.0714058802 -0.0456483029 0.0580259711 -0.010942623 0.0467125326 0.02573511
0.0153967515 0.0337564126 0.0321451575 0.050087437 0.0477981716 -0.0849945843 0.058312133 -0.0188481435
-0.00690297782 -0.01897946 0.0622270852 0.0844196975 -0.055826176 0.0353071094 -0.0719152167 -0.041795969
-0.0742860064 0.0437102169 -0.064062424 0.0125926659 -0.0372093581 -0.0876494125 0.00596940517 -0.0683400482
-0.049952887 0.0583099276 0.0679028928 -0.00478970259 0.0394905806 -0.0357085355 -0.0461685993 -0.0112364888
-0.0860030204 0.00240715593 0.0334640294 0.0132803246 0.0509489775 -0.00701152533 -0.052872587 0.0699373633
0.0423237532 0.0826182961 0.0562165827 0.087770611 0.0787594765 0.0831113607 0.0419804156 0.011249356
0.078041032 0.0526108593 0.0836701393 -0.0299110897 0.0695003718 -0.00736204535 -0.0421508923 0.0363366678
-0.0710304528 0.0806845725 0.0313839391 0.0343629494 -0.0662519634 0.0100435093 -0.0421611182 -0.0632795766
0.00390271097 -0.0831043124 -0.0393192247 0.0736524761 -0.0631154105 -0.022080496 0.0819647461 -0.0259291939
-0.0846991464 0.0529088676 -0.0825703517 -0.059540879 0.0653217733 -0.0823484659 0.04584378 -0.0596879125
-0.0264991894 0.0470508188 -0.0227477625 -0.0663787425 -0.0522534288 -0.012929596 0.0714020729 -0.0583114848
0.0219277292 -0.0801210999 -0.0196710452 -0.0136538073 -0.0310233682 -0.0431483723 -0.00902988017 0.081319049
-0.0504003242 -0.00170573592 0.0644307137 -0.0258022174 -0.0641854256 0.0840627998 0.0218795538 0.0569452941
-0.0521585383 0.063086167 -0.0120977759 -0.0791556984 -0.0659228787 -0.0589852855 -0.0629299283 -0.0695535392
0.0681635737 -0.0788670778 -0.00597766042 -0.0369825549 0.0738606602 0.083481878 -0.0633492693 -0.0713651851
-0.083935827 -0.0280951895 -0.0329008773 0.0646698475 -0.0570897125 -0.041904483 -0.0184133798 0.0141771063
0.0580240488 0.00542340428 -0.0877468437 0.0856048465 0.00428778678 -0.0567727089 0.052505523 -0.0327629223
0.0621442944 0.0122459903 0.0488310009 -0.0164973587 0.017665036 0.0821236223 0.0575221628 -0.0542793795
0.0234601572 0.000736944377 -0.02101136 -0.0524249002 0.049784258 -0.0457769185 0.00939648598 -0.0818537399
-0.0111029819 0.0349938422 0.0715711415 -0.0112776533 -0.0289542712 0.0332772434 0.020157665 -0.00255914032
0.0187724531 -0.0376903191 0.0332321897 0.00193426758 0.00851623714 -0.0553800203 0.0744829476 -0.0390104167
-0.0121745914 0.073130101 0.0649834722 -0.057412006 0.0474948436 0.065173924 0.0552842319 -0.0203467235
-0.0720699281 0.0517222136 -0.00124292076 0.0342443883 0.0226964802 0.0437199473 -0.0677885562 0.0358615592
0.0566162169 -0.0104032233 0.0144347176 0.0399178118 -0.0781529769 0.0568248928 -0.0721953437 -0.012184903
0.0830630064 0.0455888957 -0.00596868247 0.013654463 0.0648709834 -0.0251313671 -0.0172595158 0.0157747641
0.0796895921 -0.0398712605 0.0353990644 0.0725757927 0.072229594 -0.0141574889 0.0627236068 0.00625634938
-0.0875701681 -0.0360862687 -0.0563723147 -0.0173097625 -0.0144920945 -0.0396376848 0.0432948172 0.0177525505
0.0780094713 0.0591426194 0.047365576 -0.0569364317 0.0236064196 -0.0822547078 0.0522951782 -0.00816719979
-0.0562088937 -0.0208593979 -0.0407922231 0.0586205423 0.0666596591 0.0483749658 0.0541153699 -0.0129410699
-0.0464330837 0.0242040455 -0.0457798354 -0.0106670409 0.0750358105 -0.00632947683 -0.0395332202 -0.0310701281
0.0289459378 0.0413732678 0.0805469751 0.0105589107 0.0725052655 0.00455195457 -0.0568903349 -0.0369938388
0.0694549829 -0.0489308909 -0.0622955412 -0.0783928111 -0.0850098655 0.0346956477 0.0557341427 0.0815745294
0.0747587979 0.0133456811 0.0795621127 0.0092472136 -0.0567833185 -0.0161221027 0.0395194888 0.0861471891
-0.0514021479 -0.027897168 -0.0300229825 -0.0284635089 -0.0665746033 -0.0241499394 -0.00316911936 0.0180204287
0.0784605145 0.0602988303 -0.0644547343 0.0720478892 -0.025382109 0.0557765067 0.0536090732 0.0850403011
0.047873795 -0.0114009604 0.00989452004 -0.0428776555 0.0249116048 0.0471198112 -0.0214822441 -0.0173126087
-0.0819912925 0.0644577444 -0.0108495355 -0.0143129975 0.0031150952 0.0204107091 -0.0757750347 0.0132855624
-0.0252719671 -0.0611982904 -0.0787460208 -0.0368352272 -0.0231584311 -0.0578264855 0.0739130229 -0.0332053192
-0.00127600133 0.0413700938 0.063188687 -0.0378797874 0.0305434465 -0.0459379852 -0.0568441227 0.0338511467
0.0588921309 0.0751620829 0.00175196677 0.0646338314 -0.0696111023 0.0527628958 -0.00692948699 -0.014612183
0.0330556482 0.0566205829 0.0497142524 -0.027052097 -0.0458825678 -0.0492071509 -0.0161445439 0.0350239649
-0.0651960224 -0.0458965264 -0.0735829622 0.0205029324 0.0455989838 0.00950359553 0.086332202 -0.0661659911
0.0754378885 0.00379464775 0.0625825524 0.0382394046 -0.0358780399 -0.0601441041 0.0755477697 0.0783282369
0.0317789838 0.0650832802 -0.0814220905 0.0445773304 0.0306392685 -0.0439661629 0.0191119909 -0.0404272117
-0.0434003845 -0.0551303178 0.0251940563 0.011196889 0.0254056975 -0.0238353908 0.0848902613 0.042178914
0.0797003508 -0.0055578053 -0.0873596966 -0.0412019901 -0.0266402625 -0.0758545324 0.0298131332 0.0589948297
0.0431138128 -0.03896394 -0.0633295178 -0.0280625895 -0.0433025435 -0.0774444044 -0.0609046519 -0.0305585302
0.0397304744 0.00264798105 0.0077393651 -0.00149721652 0.027433984 -0.0156201646 0.0455629677 -0.0105182752
-0.000538684428 0.0062995851 0.0312286913 0.0728130937 -0.0873378739 -0.0580665767 -0.0045620203 0.0731347352
0.0145163313 -0.0245398581 -0.041564852 0.0609759092 -0.0765263587 0.0380415171 0.0256368667 -0.0459904745
0.0187451616 -0.0401654132 -0.0695527941 0.0412603766 -0.0805025101 0.0343343318 -0.011992611 -0.010143064
-0.0845242217 0.0306969285 0.0685236603 0.0329658687 -0.0790039226 0.0437978357 0.0355930477 -0.0712912008
0.0406031907 -0.0566908941 0.0775773078 -0.0434518792 0.0385064334 0.0832477957 0.0447697043 0.0751882643
0.0111202821 0.0762165487 0.0847566277 -0.0741475523 0.00237765163 0.0632649362 0.0834396482 0.0335540548
-0.0641577095 -0.0267460719 -0.0259126648 -0.076169461 -0.0135027617 -0.0349961743 0.0331765935 0.0823173821
-0.052731134 -0.00887089968 -0.055848334 -0.0750106499 0.0548710525 -0.056495253 -0.0219838917 0.0419809222
-0.0172400326 -0.082179442 0.0787182003 0.0561985672 0.00104217976 -0.00972790271 0.0257909149 0.0508226901
-0.0385027565 0.038061291 0.0631882101 0.0689357817 -0.0541663282 0.0331994221 -0.0318993703 0.0693423152
0.0428237021 0.0255807787 0.0094762072 0.0582475364 0.0485789776 0.0451797545 0.01217179 -0.0625121519
0.0809872001 0.0114555731 0.00270591676 -0.00187696517 0.0357335657 -0.0327062234 0.0836272389 -0.044454217
0.0730994791 -0.0651370287 0.0194538012 -0.0828938931 -0.0388208516 -0.000451132655 0.0308963582 -0.0401508883
0.0752346218 0.0294816345 -0.016608797 -0.0453940183 -0.058987245 -0.029272072 0.0226364955 0.050275594
0.0239281505 -0.0841594711 -0.0150160566 0.0761948824 -0.054560259 -0.030785691 0.00423604995 -0.0560160354
-0.013135083 0.0205465183 0.0877989084 0.0654137433 0.0140596926 -0.0186202899 0.0372851938 0.0518518835
0.081083715 -0.0468297191 -0.00679638237 -0.061777845 -0.020907566 -0.0262643993 -0.0423967987 0.00628120452
-0.0841194764 -0.0670868754 -0.0795101002 -0.0368602164 -0.0360111073 -0.0145448297 0.0777071863 -0.0870562717
-0.0644585565 -0.0164726451 -0.0761841908 -0.0238836259 -0.0753709897 0.0844694227 -0.0854088739 -0.0539974645
0.0674982816 0.00464432687 -0.0501069874 -0.0121543035 0.0320454165 0.036973089 -0.000475712121 -0.073597461
0.00197473168 0.0759798884 -0.0138851479 0.0237778276 -0.0481326021 0.0599488765 -0.0788882673 -0.0292468406
-0.0136477724 0.0678616017 -0.063164562 0.0821650326 0.0624239147 -0.0499657467 0.0702043474 0.0874112248
0.0421210527 0.0565742701 0.00162297487 0.0149370134 -0.0451302379 0.0279302076 0.0750159472 -0.020911485
0.0264220387 0.0804253817 0.00608765334 -0.0646833479 -0.0330289267 -0.0866165534 0.0859786421 0.0391019881
0.0234063193 -0.00994712859 -0.0674597323 0.0166795179 0.0267689601 -0.0489472747 -0.0196545124 0.0573216528
-0.00800263137 0.0406725854 -0.0578488335 0.0140834823 -0.0470965318 -0.0572113581 0.00755849481 -0.0720169991
0.0662157685 0.0697651803 0.0211716816 0.0147651732 -0.0145296529 0.0718733966 0.04980281 0.0721790791
-0.080395557 0.0283177719 0.00636740029 0.0806945413 -0.0610251315 0.0772256851 -0.0217429474 -0.0758692697
-0.0197962075 0.0174052045 0.0117128342 -0.045015078 -0.0829957575 0.0304692686 -0.0197098181 0.0233749598
0.0200747773 0.00730200857 0.048640117 -0.0211057365 -0.0466021597 -0.0063611716 -0.010485284 -0.0143350363
-0.0413024127 -0.0451392569 0.0013621524 0.015526101 0.0532035232 -0.0213952512 0.0498455912 -0.0262091607
0.0266907066 0.0160599798 -0.0359987207 0.0711908787 0.0261708945 0.0472715795 -0.0864553526 0.0517068654
-0.00430685282 0.0208470896 0.00493981689 -0.0640153512 0.0576091558 -0.0372867957 -0.0620746985 -0.0238442868
-0.0660951734 0.0733216107 -0.0347959138 0.068427369 0.0276848599 -0.00753944367 0.0445852131 -0.0218374953
0.0748263448 0.0337926224 -0.0850447342 -0.00985486805 0.0727638751 0.013106443 0.0533427298 -0.0519028492
-0.0196093395 0.064161852 0.015271619 0.0476684272 -0.0277388804 -0.0134444833 -0.0184358209 0.0743859857
-0.0289077125 -0.0257978514 0.0551110506 -0.0625304729 -0.0483739339 -0.0266364329 0.0188397914 0.021961011
0.0121601745 0.00324508548 -0.00506383181 0.0631207526 -0.0605190545 -0.0821189359 -0.05557267 0.0615087599
-0.0632510185 0.0430175066 -0.0799752772 0.02058395 0.0420589745 -0.0492298454 -0.0863145739 0.0243536159
-0.0783204585 0.00750090182 -0.01885923 0.0529548973 0.0594424456 -0.086407274 -0.0535402447 0.0402973741
0.0166363493 -0.0601239838 -0.060776107 -0.0696794763 0.0135321617 0.0826294869 0.0412419587 -0.0461939685
-0.0263822675 -0.0781273544 0.0404892564 0.00549948215 0.0685504824 0.0593838394 -0.0698995739 -0.00445142388
-0.0679900646 0.0436316282 0.0207670033 0.0282336175 -0.0792783126 0.0733751208 -0.0548477396 0.0124782398
-0.0550745502 -0.00123863667 0.0817702413 -0.0253092423 -0.0276867151 0.0183828175 0.0353483632 0.075903818
-0.072420463 0.0122383237 -0.0417052433 0.0213412419 -0.0596474037 0.0716139376 0.066283226 -0.015022397
-0.0611480363 0.0309792683 0.0724499822 -0.0635711476 0.0236045793 -0.0445787795 0.0796497017 -0.0123183802
-0.0465955995 -0.0850213766 0.0475231111 -0.028107997 0.0175552443 0.0516249985 0.0467181206 -0.0214023069
0.010549739 0.0251585096 0.0694530606 -0.0738865361 -0.027321022 0.0335706547 -0.0206676722 -0.0444284789
-0.0245000869 0.0301745608 0.024469249 -0.0421715789 -0.0688562691 0.0794410259 -0.00409930199 0.033652164
0.0045434162 -0.043749433 -0.0294876248 0.0216096491 0.0226472765 0.0182299763 0.0216936171 0.0534286052
-0.0111642405 -0.0376566797 -0.0307988338 0.0310376137 -0.0613304526 -0.0416897908 -0.054353334 -0.0614380874
0.02293019 -0.0669751093 -0.0412387773 0.0102022067 -0.0587971285 -0.0421856977 -0.00198466331 -0.038409289
-0.0705884993 -0.07287018 0.0434313864 0.0847966522 0.0250769705 -0.080603458 0.0201308057 0.0296763927
-0.0827494785 0.0615728498 0.0693602115 -0.0433482863 -0.0257327035 0.0585449487 -0.0493962765 -0.0460531041
-0.0840611532 -0.0525363758 -0.074961327 0.0353408232 0.0115432516 -0.0593411438 0.0539509058 0.0364262387
0.0828285664 -0.0387985148 -0.0656449199 0.0846043378 -0.0522332452 0.0823794454 -0.0794617906 0.0731102377
-0.0428542793 -0.0344440639 0.00775340945 -0.039734479 -0.0470028147 0.0202816725 0.0651445091 -0.075397253
0.0235076994 0.0207441822 0.045154646 0.0685692728 0.0004247576 -0.0274304301 0.0242092386 0.00726950914
-0.0779447705 0.050244242 -0.0712356865 0.0434282571 0.0125216916 0.0704122335 -0.00870960951 0.0476806164
-0.0139528438 0.0871491432 -0.0707463622 -0.0732398406 0.0672512203 0.00611936301 -0.060737934 0.0643606484
-0.0338293575 0.0803189129 -0.0469484143 -0.0822895765 0.0820984989 0.0745062828 0.0521455258 0.0152970701
-0.00235233456 0.0200885907 0.00965423882 0.00916016847 -0.0227283984 -0.0796672627 0.0592420846 0.0654503405
0.0848283023 0.0593827814 -0.00791582465 -0.0597731099 -0.0464316867 -0.0125445575 -0.0469152294 -0.0113185793
0.0556768477 -0.0367276445 0.0377987027 0.0753998607 -0.0614861473 0.0437061936 0.0406334549 0.0788424015
0.0447524786 -0.0714916512 -0.0457245 0.0219677761 -0.00565554202 0.0114114434 -0.00525042415 -0.0553607494
0.0273404866 0.0384373069 -0.0736558959 0.00656932592 0.0662162453 0.0769822598 -0.01988516 0.0407776535
0.0645196587 -0.0522144064 -0.0810160786 0.0415674597 0.0220119134 -0.0688194036 -0.0101550967 -0.0539650954
-0.00556702167 -0.0250663459 0.0614743233 -0.0814002156 0.0221081898 0.0643933117 -0.00122833997 0.0247871131
-0.02616705 -0.0260755792 0.0457672626 0.0263709202 -0.0310038477 0.00472665578 -0.0591756478 0.0688363761
0.0386949033 0.0571864247 -0.0595698878 0.0808484554 -0.00965829194 0.00842701644 0.0594291687 0.0732755214
0.0435452461 -0.0701651201 0.00370272994 0.0717628598 0.0495991856 0.0210294649 -0.0386460014 0.0348372012
-0.000728145242 0.0786350965 0.0686822534 -0.0792369694 0.0649330467 -0.00442122668 -0.0461212955 0.0496347696
0.0705574304 0.0601016879 -0.0526161976 0.0855383873 0.0573286861 -0.0754080638 0.0809921324 -0.0356879421
0.0563724786 0.0447459817 0.00490365177 0.0393514484 -0.0425721854 -0.0555466749 0.00587579608 0.0725392103
0.0870139897 0.0245629773 -0.0331208073 -0.0868326873 -0.0749723688 0.0642447025 0.0602947772 0.0626943558
0.0606552958 0.0424905568 -0.00952170789 -0.00937121361 0.00331050903 0.0569415689 0.0360400304 -0.0602692552
-0.0669530332 -0.0358403176 -0.0742550567 -0.048966065 0.0614334792 0.0025036633 -0.0104633495 -0.0272140056
-0.00106922537 -0.00489366055 0.0113214999 0.0809767842 -0.014614813 0.0808208585 -0.00615208596 -0.0737077445
-0.0135564804 0.00920471549 0.0185387731 -0.0352584533 -0.0343798511 -0.0020391196 -0.0262370482 -0.0335215554
0.0487587899 0.0660138875 0.0569039285 -0.015776664 -0.0707157627 0.0336145163 -0.0666977614 0.0220308602
0.0740563571 -0.0419441573 0.0444556177 0.0507529974 0.0250189081 0.0837673992 -0.0156151652 0.0696881711
-0.0421297662 0.0494988561 -0.0148373842 -0.0732633322 0.0434262604 0.0194800645 0.0650978088 0.0671563298
0.0735122412 -0.010272041 -0.00999775529 -0.060614232 -0.0157417282 -0.0245277882 -0.0132813975 -0.0880009159
-0.0311549455 0.0772336125 0.0380600691 -0.0836567879 -0.0747890845 0.0574048609 -0.0164023712 -0.078453131
-0.0278868712 -0.0353304558 -0.00437396765 -0.0348849297 0.0861058533 0.0522426665 -0.0451773144 -0.0142167062
-0.0167754218 -0.0666069686 -0.0668262988 0.0722126514 0.0497567803 -0.0707811788 0.0759137124 -0.0591657907
0.06618765 -0.00686602294 0.0637131184 -0.0654488429 -0.0767193213 -0.0272236839 -0.0631175339 0.0454667211
-0.00590077788 0.0599665791 -0.00833171606 0.0464235842 -0.0480976328 -0.0700384453 -0.0802121609 0.0190857798
-0.0216400474 -0.0559400469 -0.063798286 -0.0278764069 0.0428648293 -0.0306095295 -0.0784280673 0.0423285067
-0.0404505022 0.0399959385 -0.0700985417 -0.0395974666 -0.0424958467 0.00993826985 0.0448731184 0.0661148876
-0.0567371398 -0.0203977823 -0.0563613065 -0.0692336932 -0.0251177847 0.0426494777 -0.0703572482 0.0612400174
0.0194465443 0.061453104 -0.0142832622 0.0846874267 -0.0767464861 0.0261468738 0.0425045788 -0.000514276326
0.0332900509 0.0412020683 -0.0319478698 -0.0499391817 0.0600894243 -0.00347299129 0.00853739679 -0.0471484028
0.0209959224 0.0063015148 0.0721313953 0.0445359945 0.0571511537 -0.0557067767 0.0749141872 0.000572301447
0.0524855554 -0.0752591193 -0.0019498542 -0.0191626623 0.00136003643 0.0854471624 -0.0732958466 -0.0329756178
0.0867437422 0.0619191527 0.0717082769 0.0465348661 -0.00981758535 -0.00237856805 -0.060408242 0.0171511024
0.0761495233 -0.0616395101 -0.000288501382 0.0869807601 -0.0165588483 0.0608222038 -0.0738775954 0.0593882948
0.0785672814 -0.00427732617 -0.0732697248 0.0503323674 -0.0502906218 -0.0356581956 0.0385344774 -0.0150199831
0.0653670579 0.0879102051 0.0786333382 -0.0470854677 -0.0474032722 -0.0334062092 0.00367158651 0.0825722516
-0.00286920369 -0.0424266495 0.0608648658 -0.000114656985 0.0253596604 0.0395951867 0.0567343533 -0.0180703774
0.0410396755 0.0230842605 -0.0437551737 -0.0260123014 -0.00310129672 0.046850279 0.0628924519 0.0776911229
-0.0332199074 0.0866839439 -0.0116008967 -0.0574570671 0.035324052 -0.0615595877 0.0340291932 -0.0632105768
-0.0532275662 0.0807144344 0.0451071709 -0.030349981 0.07884413 -0.0739168525 -0.035645403 -0.0655592605
-0.0718171969 -0.0689846426 -0.00347974151 -0.0114749521 -0.0484927259 0.0733515024 0.0292621776 -0.00698488951
0.0268260464 0.000890515745 0.0252829865 -0.0666974485 -0.066913031 -0.0434996225 -0.0790005699 -0.0646395683
-0.0469890237 -0.0659161583 0.0118433908 -0.0713393688 -0.00491760671 -0.0165717453 -0.0432996787 -0.00875553489
0.0302287415 0.0290315822 0.0295124799 -0.0640142187 0.0571292639 -0.0415923931 -0.0665686131 0.0430656075
0.036619924 0.023347199 -0.0503239557 0.0497496426 -0.00761459023 0.03827326 0.0414527804 -0.0116735697
0.0661502331 -0.0848152488 -0.0723516643 -0.0855405033 0.0797146261 0.0653227866 0.0478725731 0.00708124042
-0.0416080914 0.00983788818 -0.0545912012 0.0536366552 0.0735176653 0.0305815712 0.039727807 0.043012917
0.0821213275 -0.0198148191 0.0275200605 -0.0157774091 0.00604492426 0.0348790586 -0.0198818892 0.056307435
-0.0803226233 -0.0387561768 0.0399489403 -0.0755489022 0.0439900309 -0.0631151199 0.0762464404 -0.0845782012
0.0431186408 -0.0878454745 -0.0609003454 0.0845718235 0.0569180846 0.0870350152 0.0084939003 -0.0833200961
0.075081557 -0.0747660249 0.0618858337 0.0645935237 -0.0225823671 0.07543464 -0.0271981582 -0.0437318534
-0.0287159309 -0.0373459719 0.0407031626 0.0796035081 0.0614648908 0.0391631126 -0.00168021023 0.015319787
0.0829661041 -0.0594772622 0.00396776944 0.013240315 -0.00695560127 -0.00728115439 0.0417192578 0.0773726851
0.0856800377 0.0876827687 -0.0624831431 -0.040464323 -0.0428403728 -0.0509817712 -0.0601040423 0.0494071692
0.0354909599 0.0662502348 0.00550369918 -0.0793390125 0.0770301223 0.0767755508 -0.058956515 0.021517992
0.00445769727 0.0119233057 -0.0548307858 0.0114440992 0.0417498052 -0.0824657455 -0.00474481285 -0.0111991763
-0.0195930451 0.0689231455 0.0202158019 -0.0204437673 -0.065078795 -0.0598326921 0.0693232566 0.0520266742
0.0767466724 0.0287862718 -0.0444296971 0.00423569232 0.0744994134 -0.0395162925 -0.0400254205 0.0569099039
0.0864906907 -0.042765256 0.00431068242 -0.0860677212 0.0450993776 -0.0201038793 -0.0174668282 -0.0701944232
-0.025230214 0.0311833322 -0.0469685979 0.0835214406 0.0622407496 -0.00250037014 -0.029817801 0.0263800621
0.0640440434 0.0533052832 -0.0402335003 0.0747535974 0.0214374587 -0.0412711687 0.0613150895 -0.00549782068
0.0152049512 -0.0723981634 0.0862735212 -0.0551318787 0.0232558027 -0.0286216997 -0.0469421931 -0.0163713768
-0.0493204966 -0.0369101651 -0.00809910893 0.0725782812 -0.0487089045 -0.00176405162 0.00810740143 -0.00314495713
-0.00955583155 -0.047686208 -0.0350946672 -0.0102273747 -0.0574271232 -0.0497572161 -0.0381918177 0.0265091211
0.015362069 -0.00797835737 -0.0833375156 -0.0351632982 -0.0375931673 0.0618958026 -0.0199389234 0.0141873658
-0.0451605618 -0.0783845931 -0.056045182 0.00167007744 0.0168026611 -0.0880205929 0.0330285206 -0.0823151097
-0.00743684918 -0.0220204964 -0.025190115 0.0775278807 -0.0112748519 0.0818397254 0.0484531969 0.0432992131
-0.0725640506 0.0481015146 -0.00291680545 0.0825012475 -0.0524053127 -0.0864820704 -0.0746121854 -0.0140606984
-0.00747992843 0.0273705572 0.00714279711 0.0407498032 0.0219714418 -0.0874502659 0.0205326974 -0.0789422765
0.0871565342 -0.0684743747 0.00558864325 0.036482811 0.023703225 0.0431952924 -0.0658570975 0.0730290413
0.0766948313 0.00607404113 0.0802398771 0.0473836511 -0.0575284585 0.0127251521 0.0113276765 -0.0507610738
0.024798125 -0.000683479011 0.0302690268 -0.0226346627 0.00387846678 -0.0679965913 0.00919009745 -0.023218669
-0.0145865679 0.0819583982 -0.0831441656 0.000492528081 -0.0763656348 0.034248285 -0.0509267189 -0.0442323126
0.0854667425 0.0794787109 0.0433874726 0.01503025 -0.0583238192 0.0410735905 -0.0867563337 -0.0165482014
-0.0453318022 -0.0301366523 0.0832104385 0.0477614701 0.073320508 0.0785233676 0.0231129751 0.0487128794
-0.0749846622 0.0462392867 0.0377671123 0.0607884377 0.00584038347 0.0274556428 0.00480660796 -0.0711908638
0.042321384 0.0498596579 0.0486724824 -0.0133491904 0.0569979101 0.0863311887 -0.0705157071 -0.0621760786
-0.0749629736 -0.0357285067 -0.0506608076 -0.0154039115 -0.0524817668 0.0877864808 0.0479437113 -0.00550851971
-0.0365421399 0.0210920498 -0.0470052063 0.00097207725 0.00513762981 0.0270595402 0.00398619473 -0.0879902393
-0.0646719933 0.0215786025 -0.0339792669 0.0227292478 -0.0443383306 -0.00474339724 0.077103883 -0.00425191224
-0.06505052 -0.0180590898 -0.0173193142 0.0164128616 -0.0151462257 0.0116825551 -0.0526853427 -0.0549295321
-0.0277401283 0.0636024326 -0.0581006259 0.0556328148 0.0506473482 0.000607468188 0.0817022622 -0.0578747541
0.065151155 -0.0465421118 -0.06721659 -0.0461251028 -0.0180272087 -0.046575468 0.0207761303 -0.00820411742
-0.0364729427 0.0187754482 -0.0816584006 -0.0833277702 -0.0808997303 -0.0140207559 0.0161381662 0.0323751569
-0.0711554512 0.0151380897 0.079608053 -0.0360401496 -0.0141808987 -0.0361860916 -0.0114164278 -0.0703341961
0.0715742707 0.0355710983 0.00857733935 0.0688097924 -0.0747323334 -0.0806838796 -0.00943931937 -0.0591319837
0.0306451842 -0.0152113438 0.0135618448 0.0550820827 0.0161537156 -0.0075494349 -0.0235522836 0.0336774513
-0.0826248974 -0.0653027445 -0.0873586237 -0.0321445838 0.0588352829 -0.0265651122 -0.0254402682 0.0779931545
0.0839722604 0.0384877622 0.0481203198 -0.0152472705 -0.0479718074 0.0279726833 -0.0677323937 -0.0570252687
-0.0385970287 0.00440268219 -0.0433065742 -0.0239849836 0.0868999511 0.0742531419 0.0474943668 -0.0656975955
0.0223549977 0.0631523132 -0.0519882441 0.0568478853 -0.0197317824 0.0824064761 -0.0522467345 -0.0272151083
-0.027603399 -0.0866738483 0.0604981184 0.00680104643 0.0123025626 -0.0510366 -0.047242444 -0.00889763981
-0.0318716727 -0.0635128021 -0.0248954445 -0.00215626508 -0.0392528586 0.0108035207 0.0309071988 0.087824285
-0.0257371217 0.0248784199 -0.0406425446 -0.00581179559 -0.056786593 -0.0784796253 -0.029629413 -0.0488622189
0.00841429085 0.0349293575 0.0818460286 -0.056247782 0.0161148533 -0.0127428249 -0.0419284254 -0.0255090371
-0.0088589415 0.00536133349 0.0019011423 0.0431090146 0.0845648944 0.0186452419 0.0103747845 -0.0639473945
0.0305922255 -0.0642293543 0.0599336922 0.0224483088 0.0663344711 -0.0685034543 -0.0131312832 -0.0201580524
0.0733632296 0.00896704197 0.0621286333 0.0465155691 0.0135765001 0.0470999777 0.0520648211 -0.0545012616
0.00938598067 -0.0184899047 -0.039279297 -0.0698154718 -0.00247295201 -0.0828706324 0.00369115174 0.00922536105
-0.0782604739 0.0707499385 0.0230520219 0.0338225886 0.0508400053 -0.0453926362 -0.0225375816 0.027355507
-0.0683799982 0.0529247969 -0.029736869 -0.0301512443 0.0120931268 0.019064337 -0.0252279565 0.0292731822
-0.0766977817 0.0648675412 -0.0798935443 0.0803880692 -0.0375416875 0.0563585907 -0.0342256166 0.0814962089
0.0480463952 0.0223900005 -0.0277279317 0.0793219358 0.0627574474 0.00163514167 -0.0241157115 -0.071834214
-0.0476000458 0.0594398528 -0.0283374637 -0.0159420371 -0.0247979462 0.00102954358 -0.0875688419 0.0559083521
-0.0807244852 0.0653153509 -0.0693514869 -0.0519905612 -0.0437914804 -0.0567825213 0.0854051858 0.00103460997
-0.0252328292 0.0511572212 0.034317255 0.0463671237 0.00624056906 0.0701496899 0.00625543296 0.0328063294
0.0162898302 0.0254559517 -0.0426087417 -0.017704457 -0.00974100083 0.0206937045 -0.0402156375 0.0138356909
-0.0361058526 -0.0171618164 -0.0530999377 0.0403994769 0.026504375 -0.00750536472 -0.0806533545 0.0376433581
0.0463394076 0.073928073 -0.0705318749 -0.0475743748 -0.0418874286 0.081411168 0.0546332896 0.0453937501
0.0535928011 0.0812332332 -0.0581081286 0.0810364038 0.0586566925 0.0324984938 0.017399922 0.0435054451
0.0384742469 0.0406100303 -0.0603650808 0.00604971498 0.0164156407 0.0566807389 -0.0521095656 0.0843421817
-0.0311461277 0.0302823111 -0.071187377 -0.0134721547 -0.0587610006 0.0314032361 0.00793296099 -0.0182573721
0.0680783242 -0.0173699036 0.0784064233 0.0764410645 -0.0512997098 -0.0589653626 0.0141711384 0.0532019883
0.0801579654 -0.041194275 -0.0208835825 0.052728653 -0.0228906125 0.0802319944 -0.0108586103 0.0617371947
0.0508943647 -0.0260147676 0.0466619134 0.0193032101 0.038095966 0.00508163124 0.0831794888 -0.0744721517
-0.0458914787 0.0429370552 -0.0395135731 0.0616872013 0.0502359569 0.0433755517 -0.0275220573 -0.051286716
0.0322740674 0.0482247919 0.0175236985 -0.0333507694 0.0175785422 -0.0282235965 0.0106770098 -0.0548408739
0.0199136809 -0.014647238 0.0493105948 0.0251024812 -0.0579144731 -0.00211172551 -0.068743661 -0.028166268
0.0267733932 -0.00602512807 -0.0165446252 -0.0529872552 0.0744773746 0.0181405619 0.0406966358 -0.00734878331
-0.0330696292 0.0773772597 -0.0257554576 -0.0392068326 0.0159848109 -0.05585628 -0.0146770924 0.0655855387
0.000944964588 0.0738169104 -0.00987081975 -0.059932299 -0.0158699453 -0.00273052603 0.0277854204 0.0170330033
-0.0243904516 -0.0130753443 0.0044606626 0.0685751289 -0.0347631052 0.0273897797 -0.0591603667 -0.0141173154
0.060435608 -0.0513418615 0.00357855111 0.0793674737 0.0407601446 -0.00287620723 0.0441848934 0.0777698308
-0.0583728105 -0.0259763934 -0.0227299482 0.0470656008 0.0759410709 0.0545467883 -0.0170895755 -0.0342458524
-0.0537092797 -0.0102343634 -0.0103940368 0.0147425234 0.0108144656 0.0308584496 -0.0506877601 -0.0108857825
0.0130311996 0.00587920099 0.0342355371 -0.0295782685 -0.0273224786 0.0592327863 0.0731219649 0.051714465
-0.0325930379 0.0401055813 -0.0511306748 -0.0652346388 -0.0117056444 -0.0150240585 -0.0815733969 -0.0113557652
0.0512789339 0.00447068363 -0.0470698401 0.0720027089 -0.0485194884 -0.0543407798 -0.0804377422 0.0737317353
0.00105933845 0.0616837144 -0.0101021156 -0.0727243572 -0.0166848451 -0.0688014403 -0.0290956162 0.0140547082
0.020692192 -0.0139785782 0.0412558615 -0.0743044317 0.0110891759 0.031698741 0.061223343 0.0177602321
-0.0643770769 0.0605992824 -0.0235586762 0.0452731103 0.0592821836 -0.0747775361 0.0697875917 0.0486308485
-0.00656843185 -0.00318416953 -0.00430425256 -0.0633807182 0.00935558975 -0.056989152 0.0225281715 0.0462198853
-0.0391552784 -0.0206644833 0.0150975287 0.0704517663 -0.0304312371 -0.025491856 -0.0401248485 -0.0441921167
0.014003247 -0.0530651547 -0.0439432375 -0.0333472639 0.0229804516 -0.0439543873 -0.0212305561 0.0568040609
0.037356928 -0.0328549258 0.0106135234 -0.063762933 -0.00205005705 -0.0828896612 -0.0635953099 0.0383499712
0.0516176224 -0.0321783796 0.00745104998 -0.0263395272 -0.00562313199 0.0540544987 0.0822922587 0.0758470446
-0.0393955074 0.0454856902 -0.0449193567 0.0397991687 0.0214487538 0.082499966 -0.0158926323 0.0201194808
-0.0120072812 -0.0829462409 0.0663032085 -0.0608763322 -0.00634028763 0.0166450143 0.0848004371 -0.0547106527
-0.0431238227 0.049606666 0.0864744037 0.00141183287 0.00716985762 0.0755181611 -0.0872702822 0.0604600012
-0.0733263642 -0.0353745893 0.0306277275 0.0164447427 0.0780568123 -0.0268803015 0.0822636932 -0.0789818242
0.0480474234 -0.0671741664 0.0159051865 0.0441460758 -0.0101134628 0.0473262817 0.0727471113 -0.0496603176
0.0393714756 0.0874831676 -0.0441278704 -0.0275335796 -0.0567479171 0.00667224079 -0.0106676072 0.00484160334
-0.0642878711 0.0841636658 -0.0733978152 -0.0485850349 0.0309934765 -0.0755420104 0.0646607429 0.0247087628
0.0648076832 -0.0653885454 -0.0101038292 0.0235381499 0.035978809 -0.0517934524 0.00252050906 0.0851782113
-0.0698509812 0.0597206503 -0.0482357144 0.0455493778 -0.064221248 -0.086791493 0.0829205662 -0.0794369653
0.00530134141 -0.037751738 0.0547862798 0.0130944252 0.0452131182 -0.00724399835 -0.0132469684 0.0372259468
0.0840540379 -0.039128609 0.0479604304 -0.0591157973 -0.0275347978 0.0492241532 -0.0800560564 -0.00870323926
0.0508582443 -0.0439207368 0.0658094734 0.0815080106 0.0493106544 -0.058884304 -0.0359777734 -0.0390012115
-0.0756839663 -0.0754739791 0.0766649693 -0.0158987418 0.0115544945 0.0852781534 0.0771884769 0.0514452308
-0.0345261395 -0.0541893877 -0.00435884297 -0.0616376251 0.0701224506 0.0765162557 -0.0537376069 0.0695517808
-0.00252594799 0.0804853737 0.00305070728 -0.00873334706 -0.0352361389 0.0338365808 -0.0277173519 -0.0253687277
-0.0505354367 0.00899846107 -0.0289299116 -0.0567810014 0.075430274 0.0394248664 0.0612416714 0.024347499
-0.00496810675 -0.0290107578 -0.0865662992 0.0196138546 -0.0674907491 0.0857172608 0.0102434009 -0.0287100859
0.0757951736 -0.0392659269 0.00462830812 0.0585632622 -0.0596245192 -0.038164299 -0.0797609836 -0.0205020532
0.0658546388 0.0247423649 -0.0447263606 -0.0242109299 -0.0215920806 -0.00493083149 -0.076436922 -0.0180664584
0.0318917632 -0.0492878743 0.00739209354 0.00700197369 -0.0414115787 0.0283501521 0.0226694122 -0.0877532139
0.0852736831 0.0125099644 0.0847469419 -0.0824526995 -0.0630702823 -0.0449772514 -0.0338460021 0.00298085809
-0.0111459345 -0.0632512048 0.0559923202 -0.0448618941 0.00246341527 -0.000445827842 -0.0227439925 0.00301539898
-0.0398385748 -0.0875802562 0.0184915215 0.0334652141 0.0534586757 0.0602113754 0.041539818 0.0162570924
-0.0641934201 0.0105920285 0.0610377789 -0.0859086737 -0.0733469799 0.054066658 -0.038609121 0.00981740654
0.0210151151 -0.0302775279 -0.0475724861 0.000462286174 -0.0362752005 -0.0510014184 0.0858319402 -0.0149343386
-0.0776874721 -0.0644602478 -0.0512417927 -0.0542398095 0.0588602275 -0.0196813866 -0.0249020904 -0.0683842748
-0.0396088026 -0.0464570448 -0.0241370574 0.0193525329 0.0601955056 0.0172556937 0.0697736144 0.0088596791
-0.0521299355 -0.0175401494 -0.0608481914 0.0385003239 0.044200927 0.0536781847 -0.016930908 0.0541666597
0.0873196423 -0.0711254403 0.0324037895 0.0602929294 -0.0297463052 -0.0076867938 -0.0138701871 0.0515284389
0.0106616169 0.0580214709 -0.0370150283 0.00734997541 -0.0345118977 -0.0719595328 -0.0399865992 -0.0453288518
-0.0245743319 0.0200506374 0.0599483252 0.0612022728 -0.0646064132 -0.0558537692 -0.00268859416 -0.0773000643
-0.00700071454 -0.0367485508 0.0212429464 -0.00155332685 -0.0190245137 0.0266393498 -0.0651039928 -0.0428198017
-0.0684386939 -0.0456786044 0.0725135356 0.0600830913 -0.0621154681 -0.0657350644 -0.0553007871 0.0245401412
0.0192190111 -0.0204112604 0.0134984851 0.00949500501 -0.0750092342 0.00202614069 0.0394431204 -0.0136546716
-0.0152071118 0.0477872044 -0.0271919854 -0.0320574567 0.0172986016 0.0075532943 0.0633177757 -0.0649985448
-0.0567151085 0.0670752376 -0.0483282544 0.0732500851 -0.0244391784 0.0854576081 -0.00858170539 -0.0213722661
-0.0410561524 0.0214727446 -0.0734177753 -0.0162458196 -0.0304933935 -0.0844675973 -0.0822235867 0.0179426521
-0.00663290918 0.0408437848 -0.0246747583 0.0733648241 0.0694444627 0.0421111137 0.0336056501 -0.0596602261
0.0391890407 -0.0634381622 0.061151132 0.0435318202 0.000165864825 -0.0764401406 0.0589729249 0.0398762226
-0.0669205338 -0.0662305057 0.0481046438 0.037552923 -0.0454635657 -0.079622522 0.0479697585 -0.0466311499
-0.0142864212 -0.0756720752 -0.0279693156 0.0601925999 0.0724168867 -0.0265591294 0.0650857389 -0.0568401963
0.0710186362 0.0054236576 -0.0810552463 0.0531775802 0.0862714052 -0.0770771429 0.0729671419 -0.00430592895
-0.0310976282 -0.0271544717 0.0522970259 -0.0793527141 -0.085405536 0.0543517023 0.0672347099 -0.0342714377
0.057112813 0.0598404557 0.00032632798 0.0495778173 -0.0493275896 -0.0218382478 0.0806815028 0.0551857501
-0.0811682865 0.0205677748 -0.0403034762 0.0376021862 -0.0545421317 -0.0492995456 -0.0220942125 0.0620783567
0.048792854 0.0567852557 -0.0295675807 -0.0759187862 -0.0228662193 -0.0405300073 -0.0689651072 -0.0363232419
-0.0290793404 0.0438788533 0.0871967226 0.0868719369 -0.0399225429 -0.070802182 -0.0234735012 -0.0565583929
0.071154058 0.0777696818 0.038571015 -0.0200626627 0.0635895431 0.0405971259 -0.0615906976 -0.0725008026
0.0748809725 0.00129267573 0.0594253838 -0.0852162316 0.0486146361 0.0521249324 0.019083336 0.0571618229
0.0577755868 0.0327886567 0.0851593614 -0.0165100843 -0.0486468747 0.0851134658 0.00569162518 -0.0754394308
0.0118193254 -0.0231268629 0.0219277814 -0.0870033503 -0.0730128661 -0.0550353378 0.0504640788 0.02668228
-0.0379763395 0.0614278466 -0.0675252825 0.0182309523 -0.00135285407 -0.0225334689 0.039587155 -0.0776136667
-0.0341040827 0.023541674 0.0780248046 -0.055496946 -0.0875153393 -0.000401414931 0.0796625614 -0.0130492076
-0.0792393237 -0.0487344861 0.0742479265 0.0558208376 -0.0544566326 -0.0416239947 -0.0709115863 0.0835991949
-0.0849443898 -0.0120860338 -0.0211009085 -0.0111716762 -0.0578099973 -0.0508157574 -0.020735994 0.0352073163
-0.0180989876 0.00575664639 0.0124583617 -0.0721004829 0.0297719017 0.00630331039 0.0358219296 0.0850958377
-0.0447128415 0.0677847713 0.0204931274 0.0777958781 -0.0806407779 0.0117264166 0.073047474 0.0715838373
0.029557161 0.0310653821 -0.0363499224 -0.0144746825 0.00366502255 -0.0585989431 -0.0189567059 -0.0350198299
0.04806602 0.034641996 -0.00428905338 0.0292960033 0.00171592832 -0.0148406029 0.00376217812 0.0382389575
0.00742201507 0.0200573727 -0.0784825981 0.0619155765 0.0212487206 -0.0273637921 0.0137945563 -0.00801636279
-0.075098224 0.0816369355 -0.0376655161 0.0481456965 -0.0345587619 0.0271063596 -0.0829154104 -0.0194110647
-0.0437584929 -0.026961267 -0.00131759793 -0.0494260825 0.0140693784 0.060852468 -0.0603344664 0.0609601736
-0.0729298368 0.0490162969 0.0261774734 0.0482798666 -0.0666367188 -0.025777068 0.0686950833 -0.0140313134
-0.07998126 -0.0507860221 -0.00601772219 -0.0437656716 -0.0617262088 -0.00345575809 0.0152516365 -0.0360090286
-0.0854234546 0.0107126459 -0.0229214653 -0.0535667688 0.0849658698 -0.063022092 -0.0361862183 -0.0554557592
0.0497931838 0.0117863938 0.0511651039 -0.0808112398 -0.019474037 -0.0173593983 -0.0788048953 0.0388412476
-0.0850618109 0.064992547 -0.0342145115 0.0620344579 0.0557420552 -0.0221131518 -0.0836304873 0.0240732357
0.0165514052 -0.0628307462 0.0202369615 -0.0605612993 -0.0330595337 -0.0212916359 0.0838786662 -0.0636905506
0.0783451349 -0.028658729 0.0666486025 0.063182354 -0.000742420554 -0.0564693063 -0.0496018045 0.0124109164
0.0272745565 -0.01152917 -0.0792930126 -0.0654410049 0.00528536737 -0.0400177799 -0.0316350646 0.0401188433
0.00234618783 0.00879389793 0.0647169352 -0.0774542689 0.013360545 -0.0875556394 0.018907927 0.055829227
-0.0678924024 -0.0204447433 -0.00598160177 -0.0744123235 -0.0847700387 0.0806777626 0.0826807618 -0.0594041422
-0.0546144806 0.00688964874 -0.0780206397 -0.0764860958 0.00168827921 -0.070645377 0.0501667261 0.050771594
0.0477090329 -0.00304824859 0.0176352412 -0.047268074 0.063399598 0.0806142092 -0.0419477038 -0.00839672983
-0.015540868 0.0357286111 -0.00456702709 0.0798730403 -0.0154135525 0.0434059054 -0.0781419501 0.0102893487
-0.0385767929 0.0861696005 0.0169136971 0.0148842931 0.0196676701 0.0624937564 0.0639069974 0.0759232342
-0.042079825 0.0123713464 0.02464322 0.0115003064 -0.0201033801 0.0229563043 0.0551820397 -0.0378512293
0.0128612518 -0.0813025534 0.0589082539 0.0723645836 0.0518670231 0.00272879004 0.0171676949 0.0179726034
0.0716595799 -0.0170133784 0.0762089491 -0.0459000319 0.0179735497 0.00955375284 -0.0675728992 -0.00402642041
-0.036795415 -0.0179693922 0.0364032686 0.0514261872 0.086120069 0.0624286383 -0.00749247521 -0.0568562858
-0.0120155439 -0.0735483989 0.0279311165 0.086763978 -0.0700697526 -0.0540512316 0.00109346211 -0.0781339034
-0.0080377087 0.062526986 -0.00914657116 0.0531223416 -0.0427745953 0.0879084319 -0.0477087609 0.0572232455
-0.0405105911 0.0341231897 0.047610715 -0.0124652311 -0.0283744112 -0.0752218589 0.0274445787 0.0775275677
0.0562713593 0.0044465512 0.00665646046 0.00429064035 0.0617471486 -0.00324638188 -0.0531922691 0.0790781081
0.0115531608 0.0418757945 0.0384463221 0.0182744041 -0.0619073436 -0.071651198 -0.0485611446 -0.0175153017
0.0595048964 0.0798420608 -0.0327524357 0.0710141659 -0.0388792902 -0.0290608667 -0.0526565947 -0.0143814683
0.0269017965 -0.0676711649 0.0486470014 -0.0322950706 0.0286347196 -0.0874851197 0.0696427077 0.0578709841
0.0665523112 -0.0280901715 -0.0701199025 0.0573304892 0.0462823957 -0.0497621484 -0.0683387592 0.0363449603
-0.02547694 -0.0335956477 0.0302869007 0.0254868567 -0.0176500157 -0.00213662535 -0.0713549107 0.0800788552
-0.0609202683 0.0274815112 0.0344658494 -0.0872048065 -0.049333334 -0.0261657499 -0.0399662666 -0.0417108685
-0.00881280005 -0.0520860739 -0.0803099424 0.0776151717 -0.0731548145 0.00489255041 0.0076417774 -0.0653345361
-0.0575167648 0.0107441247 0.0189839602 -0.0835119188 -0.0788290277 -0.0407926105 0.0761259943 -0.00143640488
-0.0857228264 0.0753610283 0.0219957381 0.0232588723 -0.0802826881 0.00621788949 -0.0839944184 -0.0135168061
0.0877212733 -0.0646115318 -0.0720874518 0.0788230747 0.0580426604 0.0249052495 0.0352278501 0.0253560618
0.0482377857 -0.0433510765 0.0325392634 -0.0454147495 -0.0468986742 -0.0742034316 0.0295600221 0.0568311065
0.0311730281 0.033391878 0.0247260854 0.026488632 -0.0595195219 0.0142937973 0.0106862262 0.00877378136
0.0563762784 0.0267529041 0.0403685868 -0.0274835601 -0.0315103233 -0.000830166042 -0.0108367056 0.0487172753
-0.025826849 -0.00304474682 0.0393155217 -0.0329041108 0.00618446618 0.0640056431 -0.0597289205 0.0035809055
-0.0603831261 -0.0275469013 0.0874519497 0.0749200881 0.019053109 -0.082097441 0.0590908378 -0.0314246863
0.0403050035 0.0598188341 0.054175064 -0.0243437663 -0.0534206666 -0.0485314839 -0.0709221512 0.0691320747
-0.0760179162 0.086335659 -0.0503173433 0.0338247195 0.0299637243 -0.049029205 0.0260205045 0.0778408349
-0.0726014674 -0.0816450715 -0.0397363976 -0.0382301696 -0.0694352612 0.0742819607 -0.00805579126 -0.0442977659
-0.0332687646 -0.0694349408 0.0180796459 -0.0520327128 0.0383396447 -0.0349064022 0.017055504 0.0544708073
-0.0605164543 -0.0231424645 -0.067117162 -0.0790739134 0.0630097091 -0.00974975526 0.000911474228 0.0700978637
-0.0711752549 -0.0472735316 -0.0122598633 0.0350654274 0.0817220211 -0.0666013658 0.070264563 0.00094166398
0.0564039052 -0.0511198528 -0.0507215485 0.0613545775 0.0607586503 -0.048769068 0.0408027619 0.065467611
-0.0508119278 0.0230093673 0.00448683649 -0.0260081142 -0.0337693319 0.0856280327 -0.0374859348 0.035015747
-0.0103155673 0.04572016 0.0838314593 0.08355923 0.0597295016 0.000644095242 0.079422012 -0.0637075007
0.00223972648 -0.00850245357 0.085623011 0.0793636292 -0.0727334172 -0.0214747712 -0.0464951545 -0.0790509805
-0.0102759898 -0.0772058219 0.0799797326 0.0227821246 0.0401022136 0.0594943464 0.0749957561 -0.0186859295
0.0594710261 -0.0721219257 -0.0271006525 0.0263106227 0.00871525705 -0.0121419728 0.0798179358 0.0823424608
0.0131573603 0.0251796171 0.0355478227 0.0224298164 0.0247630179 0.014633514 -0.00397840887 -0.0446138456
-0.0383410789 -0.0684136003 0.0875516534 0.0665801615 0.0809832364 -0.0264719017 0.0166116506 0.0372403115
0.0357056335 -0.0340532102 0.0307673961 -0.0871040151 0.00712846965 -0.00715620071 0.0681598634 -0.083611235
-0.00781341642 -0.0206147358 -0.0663870573 -0.0221478343 -0.0520300046 -0.0249262899 -0.0227646902 0.00758142769
-0.0643949434 0.02686093 -0.00348846614 0.0297752619 -0.0252568871 0.0341876075 -0.04269021 0.028365247
0.0817407966 0.0246618092 -0.0746620074 0.0523807704 0.0389038473 -0.0765989795 0.0211276039 -0.0154802054
0.0176275074 0.0521315336 0.0799258053 0.0415805727 -0.0832195729 -0.0737486631 -0.0337819792 -0.00436943769
0.00612965971 0.0531659275 0.000935763121 0.0691694617 -0.0145214126 0.0605652183 -0.0103017166 0.0275487155
0.00970923901 0.0127522722 -0.0334360674 0.0538703203 0.0411822051 0.0248151422 -0.0650922209 -0.050092347
0.0515555143 -0.0446763299 -0.00981069356 -0.0201374814 -0.0807967931 0.0357724205 0.0200405642 0.0607336164
-0.0401700735 0.0702124536 0.0666095167 0.0131531358 -0.00181017071 0.0393201113 -0.0367897674 0.0376563817
-0.0549560636 0.0114471391 0.0875878036 -0.0508952737 -0.0192563608 0.0471299142 -0.0171414018 -0.0293701887
0.0463705808 -0.0537381433 -0.0735029206 0.00313073397 0.0697647929 0.00779980421 -0.00292608142 -0.030761648
0.0341024995 -0.0791118443 -0.00074146688 -0.0668247193 -0.0538878255 0.0672549158 -0.0694876388 0.0078111589
0.0712827444 0.0273878127 -0.0334186144 0.0264594853 0.0158410072 -0.0658538193 0.00709176809 0.0322713852
-0.081119366 0.0779177248 -0.0630196482 0.0814338177 0.0232298523 -0.057540413 0.0681483895 -0.00699226558
0.0420607626 -0.00659694523 0.0197742134 0.0226946101 -0.0188464969 0.0110081434 -0.00229583681 -0.0186708048
0.0113753304 0.0471418351 -0.0859938338 0.0623378903 -0.0560992025 -0.048838824 0.022254236 -0.0509156063
-0.0692338943 -0.00430349261 0.0609353334 -0.0836460069 0.00259678811 -0.0620376915 -0.0271224417 -0.0612160787
-0.0690843686 -0.0495253094 -0.0619994551 -0.0262454227 -0.0747547001 0.0319990516 0.0326223373 0.0604083836
-0.043913871 0.0225653276 0.0459488779 -0.0332697928 0.00109626353 -0.0824727714 -0.0500922091 -0.00420513004
-0.00122874975 -0.0271884575 -0.050802283 -0.0754466429 0.0394920111 -0.0833555833 -0.0175897703 -0.0495607555
-0.0773410276 0.0503625423 0.0099901557 -0.022769548 -0.0527482852 0.0378556103 -0.0803260729 -0.0278878137
0.0154431835 -0.0573612079 0.0605652928 0.0193615481 0.0611409247 0.0562821627 -0.0314824022 -0.046480827
0.0549548566 0.017489478 -0.0701630488 0.0732888728 -0.0248210058 -0.0870358869 -0.0146380737 -0.0156735554
-0.0672258064 0.0562393069 0.0191982314 0.0757649094 -0.0436322391 0.0332030654 -0.0829833448 -0.0532514527
-0.063879095 0.0737892389 0.0222578198 0.00221712142 0.0215348229 0.0522064865 -0.0695081577 0.0643709004
0.0239406303 0.0273802504 0.0649193525 0.0869373828 -0.0182625502 -0.0238622278 0.0823340118 0.0498627871
0.0569600761 -0.0480165705 0.0310334116 -0.0806183219 -0.0817536488 0.0415054858 -0.0835502446 -0.0570887253
-0.0786471665 0.0399350077 -0.071275048 -0.0157837719 -0.0521654226 0.0602085441 0.070906356 -0.0777535737
0.0362248942 -0.0483023189 0.0100618154 -0.00340544432 0.0704414099 0.0866787136 0.041156888 0.00462619215
0.0664275587 0.00759639591 -0.0778262913 -0.0192690268 0.0225680247 0.00472830236 0.0457760543 -0.0361669362
-0.0824022889 -0.047391966 0.0771458149 0.0790065378 -0.0847303644 0.0237962306 -0.0378633402 0.073902145
0.0507759005 0.0829154998 0.0533674061 0.0777831078 -0.0531359985 0.0762743503 -0.0136978477 -0.0376036651
0.0466957241 -0.0800979584 0.0644666702 -0.0869111568 -0.0854633749 -0.0832850188 -0.0620643198 -0.0782992095
0.045832172 0.0187849104 0.0164991319 -0.0415043719 -0.0810182914 0.0398950577 -0.00185827166 -0.0132217705
-0.0436407812 0.0489883423 0.0311461464 0.0388075858 0.000979393721 -0.0171829239 -0.0162632763 -0.0647955015
0.0159342811 0.081641674 -0.0298697129 -0.00595983863 -0.0336192623 0.0283771306 -0.0508173332 -0.0353941321
-0.0409276523 -0.0465239324 0.0735632181 -0.0543922745 0.0406092852 0.0820793808 -0.0781658515 0.0718505532
-0.0339234099 0.0428839773 -0.000942133367 0.0610406101 0.0787478685 0.0865760893 -0.0561864115 -0.0601279922
0.0562879443 -0.082002759 -0.0771322772 0.00785419345 0.0285149291 0.000517830253 0.0498591661 -0.0687538832
0.0672404021 0.0523439944 0.0228719264 0.0717586875 -0.0874778852 -0.072803162 -0.0564587489 0.0867852718
-0.0549363941 0.067066431 0.0241106525 0.0780665576 0.00541862845 -0.0160781071 0.0322798342 0.0162010714
0.0143992305 -0.0178539827 0.0549852103 -0.043470867 0.0375406742 -0.00431045145 0.0660074949 -0.0707688481
-0.0658359677 -0.0245567113 0.0225754529 0.000411182642 0.071543768 -0.0770049021 0.0727050006 -0.0181318372
-0.0258896872 0.0799891949 -0.045669701 0.0073376745 0.0438266248 -0.0125156417 -0.0584238954 0.0550788194
-0.0524840839 0.0682552904 -0.0739740208 -0.0836889371 -0.00605414063 -0.0205196515 0.0691203922 0.0553475618
0.082863763 0.00264776498 -0.0784168467 0.0558965653 0.029643625 -0.00408073515 -0.01844313 0.0318944752
-0.0457216464 -0.0764991418 0.0262657925 0.00257024914 0.0159443617 -0.00268275291 0.0404951572 0.0550644249
0.0347833484 -0.0206261203 -0.0377930924 7.60629773e-05 0.0103108287 -0.0117295086 -0.0393957049 -0.0585077256
-0.0715053231 -0.0742095336 -0.0750475824 -0.0679744259 -0.00229107589 0.0273810998 0.057824254 -0.0324647166
-0.05503916 -0.0776190087 -0.0611382127 -0.0358087569 -0.0348377302 0.0505629182 0.000740632415 -0.0113950744
-0.0359757692 0.0127876848 -0.00925499201 0.0358815789 0.0641493946 -0.0753318295 -0.025456883 -0.052141346
0.0554059595 0.0275387838 -0.0835526362 -0.0238815248 0.0808143467 -0.0477825142 0.0361123681 -0.017767489
-0.0598813407 0.0248788148 -0.046576906 0.0498136282 0.0497225821 -0.0724903494 -0.0371175222 0.0208573639
0.0725390017 0.0401086956 0.0260157883 0.0466484278 0.0327526554 0.0185228586 0.00342486054 -0.0380162746
0.0351235494 0.0802281201 -0.05644463 -0.0718802288 0.0439454168 -0.0304058716 0.00541194528 0.0666192621
0.0685243905 -0.0854226351 -0.067361556 0.0687120408 0.0349646956 -0.0022495538 0.0552465916 -0.0161743537
-0.0680452138 0.0292908102 -0.00622359663 0.0734480321 -0.0115201473 -0.0259388387 -0.0423906706 0.0246526748
-0.0375045426 0.0665494055 0.0463647693 0.0691744089 0.0572058558 -0.0119310617 -0.0686099231 -0.0158371255
0.00738465786 -0.0826949775 0.0333879963 0.0864096433 0.0172088072 0.0195901841 -0.0497615822 0.00651735067
0.0611276031 -0.0738228932 -0.00519363582 -0.0771852285 0.0282093734 -0.0318241045 -0.0576731712 0.0633188635
0.0201404989 -0.0327014886 -0.0684088394 -0.0849395618 -0.0313955806 -0.0827078 -0.0575281978 0.00978332013
0.000262632966 -0.0577519126 -7.73891807e-05 -0.075602591 0.00478576869 -0.00364115089 -0.0301892683 -0.0531044826
0.00798714906 0.0299464464 0.037086919 0.00650311261 -0.00535875559 -0.0569813102 -0.0309163965 0.0543108732
0.0620591044 0.0187689215 -0.065068759 0.047604695 0.0397321135 -0.00850091875 0.0627081543 -0.0812041536
-0.0442222916 0.00690798461 -0.0136241689 0.0339266136 0.0261927843 0.0759924799 0.0320811048 -0.0227474868
-0.0159449577 -0.0677866787 0.0164851025 -0.051038269 -0.0223698914 -0.0193996057 0.0450478792 -0.0823092833
0.061097011 -0.0768769681 -0.0316366293 0.0724716187 0.0163697824 0.0703876913 0.0627129972 -0.0703983456
-0.0390144773 0.0560247004 -0.0558033362 0.083894372 -0.0188775435 -0.0433401726 0.0577849895 0.0321513936
0.0480878204 -0.0876837745 -0.0723810419 0.020260185 0.00768221915 0.0749023706 0.0813031048 -0.0771057531
-0.087213099 -0.0201345235 -0.045082178 0.084227562 0.0405903906 0.0831442773 -0.0614541881 0.0104765445
-0.0687559843 0.0188031718 0.0334527344 0.0761254579 -0.0453526154 0.064036265 0.0701337457 0.0191985369
0.0216586888 0.000176861882 0.0179340765 0.00208962709 -0.0545853227 0.0768603235 -0.00450132042 -0.0381474011
-0.0571845211 0.0770839751 0.00667087734 -0.0815156698 -0.0123532414 0.0473109782 -0.0297738127 -0.0460172817
0.006211631 0.0119571984 -0.0712258741 0.0409402251 -0.0425138175 0.00869140774 0.0015161708 -0.0155993849
0.0160469636 0.0479046702 -0.0748479515 0.0265980586 -0.0863379091 -0.0705266371 0.0724946856 0.041498363
-0.0720868781 -0.0445018038 0.0847818106 0.0396367908 -0.0401183516 0.0562103987 -0.00651372969 0.0169993564
-0.0602846518 -0.0252674371 -0.00251014531 -0.0277167559 -0.0220278651 -0.0322793052 -0.0702020302 0.0828491002
-0.00828253478 -0.0870084316 0.0699335188 -0.0668181553 -0.00593052059 0.0540760309 0.0296558067 -0.0569218956
0.0334844962 -0.0285096467 0.0230958015 -0.0516050719 -0.0776387528 0.0845979005 0.00288189203 0.0746009946
0.0516547561 -0.00966663659 -0.0783069283 0.00885411352 -0.000984996557 -0.020776242 -0.0280482955 -0.0652413666
-0.0184286386 -0.0400306396 0.0815386176 0.0598063767 0.0835732669 -0.035963811 0.0569901615 0.0411178917
-0.0219848529 0.0796455443 0.0362162963 -0.0184193105 -0.0136550367 -0.0349679403 -0.0191262439 -0.0234121978
0.0596012473 0.0396609306 -0.0636903942 0.0428516567 -0.0632559881 -0.0532060713 -0.0175460353 -0.0869889334
-0.014260374 -0.0348295532 0.0839513838 -0.0162689015 0.0612207055 -0.0368318558 0.0745856017 0.0529486537
0.0486928523 -0.0834479928 0.0747995526 0.0472343415 0.0522325039 -0.0657221228 -0.0155301765 0.0199452415
0.0364569351 0.0849844515 0.0155469775 -0.0546659306 -0.0696015805 0.0443730652 -0.0851265565 -0.0447866507
-0.0208685547 0.0812351406 0.050926432 0.0462183207 0.0820605606 -0.084210068 -0.0348046347 0.0493271351
0.019360058 -0.0711009949 -0.0806695074 -0.00516839325 -0.00713665783 0.0550169349 0.0499527454 -0.00988861918
-0.0653576478 0.0353656337 0.0753038973 0.0662965178 -0.00787997991 0.00689803809 0.049781844 0.0356863961
0.0332176164 -0.0376623273 0.0311548412 0.070324555 0.0725505948 0.0841850787 -0.04039184 0.0858317614
0.00270510465 -0.0778483748 -0.0574548095 0.011264585 -0.0766520202 -0.047288131 0.0689466596 0.0281511545
-0.0192786232 -0.0416346565 0.0135438666 0.0493757278 -0.0369316936 -0.0632551089 0.0630473346 0.0844206065
0.0734021962 -0.0754438192 -0.0605765507 0.0550775379 -0.0405401774 0.022174798 0.00335837156 -0.084070608
0.0374012738 0.0384184867 0.0743778646 -0.070377931 0.0427620709 -0.0221008658 0.0689474493 0.0829669386
-0.0351366289 0.0687662959 0.0633313358 -0.0683844686 0.0448351502 0.0186514407 0.0396705717 -0.0273217745
-0.0708356127 0.0735213161 0.0354316533 0.0615546405 -0.0270696692 -0.0299756043 0.0594861507 0.0798125267
-0.057383813 -0.0312546119 -0.000270433724 -0.0345288813 -0.0446791723 0.0351960436 0.0876411647 0.0467988104
-0.0395916924 -0.0473135114 0.0837782472 0.0425774008 -0.0730716363 0.0611623228 -0.0551348403 -0.0187324509
0.0650621653 0.0533869117 -0.062012922 0.0592325926 -0.033951927 -0.00611885637 -0.0208109096 -0.02849764
-0.0351385064 0.00847501308 -0.0347457454 0.0664675683 0.0306221023 0.0352471173 -0.0586362556 0.00986874104
-0.0775524676 0.0458381027 0.0394415259 -0.0554594435 -0.0660553277 -0.0481614992 -0.0856901109 -0.0841115266
0.023307398 -0.00657887757 -0.0124640614 -0.00310963392 0.0364301056 -0.0695084035 -0.0328539312 -0.0638083667
0.0635150969 0.0776960403 -0.00974489003 -0.0109110624 -0.0137224719 -0.0187597722 0.0438933074 0.0372373909
-0.0429635495 -0.0869219229 -0.0236316472 -0.0263158716 -0.0260458551 0.0557603836 0.0431996882 -0.0359549336
-0.0411511585 -0.0369803198 -0.0141315162 -0.038333375 0.0237907991 0.019513905 0.0372355282 0.0564350784
0.0720324516 0.0825237185 0.0203359425 -0.0771988854 0.0648873895 0.0859163404 0.0859835446 -0.000360108912
endtensor
tensor update_b 32 32
-0.0773949251 -0.00279052556 0.00078459084 -0.0229534358 -0.0454123989 0.0166266859 0.0834635794 -0.07951051
0.0493649542 0.0526913702 0.0108979791 0.0600630492 -0.0418960862 0.0347444937 -0.0483748876 -0.0432833061
0.0419290066 -0.037748456 0.0361816958 0.015253365 -0.0546173453 0.0546359718 0.0628595799 -0.0159542784
0.0290661231 -0.0226892456 0.00781223923 -0.00942713022 0.0334809572 -0.0506702848 -0.0650966987 -0.0772567913
endtensor
tensor head_w 192 96,2
-0.0139465481 -0.0544884503 0.0180813447 -0.0993979126 0.0288700908 -0.030937098 -0.0986335725 -0.0758919865
-0.086093843 -0.0183033422 0.0493028313 0.0173116997 -0.0418806113 -0.0121908709 -0.0675758198 -0.0380941704
0.038307488 -0.00441832095 -0.0586575083 0.0684671104 -0.0989289209 0.0973891765 -0.0989478007 0.0335008055
-0.0280538201 0.0802918226 -0.0317148641 -0.0585842878 0.0184845105 -0.0940386876 0.0492123514 0.0854123086
0.0672477037 -0.0951691493 0.0372874141 0.0702240616 0.0242641717 0.0943426341 0.0832508802 -0.0165670067
0.085130319 0.00837388635 -0.0282605961 -0.0843494311 -0.0217459947 -0.0309149027 0.021785982 -0.099470742
0.0484592766 -0.0665892437 -0.0463646874 0.0507912189 0.0844496191 0.0998558849 0.0366386175 -0.0889642686
0.0159493312 -0.0969417766 0.0129114613 0.0705658346 -0.0173011273 0.069475323 -0.0191794783 0.0632868409
0.0772153586 0.0277087241 0.0685416162 0.0120416358 -0.0482562408 -0.00169640034 -0.0959951878 -0.0551894382
0.00775595754 -0.0660852343 0.0585426688 -0.0204159096 -0.0587403886 0.0250374526 -0.0773921087 0.017712146
0.0870461017 0.0718868822 0.0477127433 0.0592252314 -0.0834686011 0.0588568747 0.0592841506 0.0343367457
-0.0924297497 -0.0912180021 0.0604556501 0.0541753769 -0.0634314343 0.0435635448 -0.0017310977 -0.0673100054
0.0638370216 -0.0808374509 0.0177967772 -0.026110433 -0.0263026208 0.0113294348 -0.0701570436 -0.0960471407
-0.0631740615 -0.0662901476 0.010660857 0.0444080234 -0.0919697136 0.0347735584 -0.0670789927 0.0534540117
-0.0147962123 0.0770277232 0.0520560741 0.064457804 0.0534952879 0.0975789279 -0.0720873848 0.0742667466
-0.0653796196 -0.0227951109 -0.0707199872 0.0442388207 0.022393994 -0.097686559 0.0635858178 0.00119450688
-0.0493421592 -0.0220689252 0.0931580663 -0.0568443947 -0.0830344632 0.00172264129 0.0408427566 -0.0137344077
0.00697018206 0.0538295507 0.00975578278 -0.00972311944 0.0401829034 -0.0838666707 0.0847012401 -0.0190499276
0.0990113318 -0.0651973933 -0.00738733262 0.0315394551 -0.0959015265 -0.0174350813 0.0998072177 -0.058676526
-0.00696960092 -0.0667246133 0.046634838 0.0178076178 0.0812067986 -0.0474417992 0.0483036041 0.0286481529
0.0358129442 -0.0252063125 -0.0320891738 0.0884150863 0.0173669979 -0.090400666 0.0204166919 0.088264212
0.0629052669 -0.0243197083 -0.0552113019 0.0220875293 -0.0819811895 -0.0663703009 0.0581637174 0.044004783
0.0233221352 -0.0231894925 -0.0707541034 0.0344287008 0.0898682177 -0.0471217148 0.0600413978 0.0208886787
-0.0865596235 0.0472613722 -0.0551260114 0.0243431777 0.0184866935 0.01898586 0.0370817333 0.0209947675
endtensor
tensor head_b 2 2
0.0619312823 0.0984839797
endtensor
tensor logits 192 96,2
0.142688632 -0.013360858 0.102147534 0.0283282846 0.105533063 0.0189165026 0.105898 0.0251439139
0.145805582 -0.0146143585 0.108483955 0.0189911872 0.0941859484 0.0242458954 0.104206473 0.0224176943
0.137987345 -0.0163651109 0.144820958 -0.0126276538 0.140103996 -0.0174417943 0.132708415 -0.0139643475
0.0969649479 0.0211185366 0.109186433 0.0178406462 0.0940300077 0.0229499638 0.131093755 -0.0142044574
0.137891471 -0.0131374449 0.147424668 -0.020690091 0.145950764 -0.0141779929 0.1083083 0.0216766819
0.13797161 -0.0144623369 0.0987517536 0.0201938823 0.14165768 -0.0118588805 0.142787367 -0.0138372704
0.10243094 0.0236681998 0.141621158 -0.0172064155 0.135019034 -0.0152295679 0.103170544 0.0220114887
0.144789577 -0.0170535445 0.101418093 0.0264105052 0.0974220335 0.0234889686 0.0983556211 0.0153585747
0.145236135 -0.0152214244 0.147356808 -0.0135085732 0.106001891 0.0185397193 0.137854278 -0.012192592
0.0998656675 0.0148367435 0.101903208 0.0245946422 0.138067096 -0.0177904516 0.134989619 -0.0147927329
0.126156062 -0.0150669888 0.133369818 -0.0189763159 0.110370122 0.0225430429 0.10804414 0.0165947229
0.138197526 -0.00928504765 0.134616256 -0.0140078887 0.107153513 0.0217031389 0.103958338 0.0178053454
0.140812427 -0.0202732384 0.0999245942 0.0191655159 0.125687301 -0.0141356885 0.101740703 0.0201387033
0.144692957 -0.0145272911 0.10203968 0.0259213895 0.136317223 -0.0156644434 0.149940088 -0.0180048496
0.103164792 0.0184320062 0.136860937 -0.0135311782 0.139105409 -0.0160674602 0.136908337 -0.0132395178
0.137274504 -0.0135014355 0.0997868329 0.0213193744 0.10647478 0.0205744952 0.0972101986 0.0202388912
0.131863087 -0.0131251365 0.127112195 -0.0112842768 0.129490525 -0.0136814415 0.0983445421 0.0184570327
0.132886916 -0.0150035471 0.0988603607 0.0235000253 0.141044915 -0.0151430815 0.139536351 -0.00941369683
0.104158074 0.0266618207 0.136527851 -0.0134600028 0.103566028 0.017855674 0.136446461 -0.0132242739
0.137253493 -0.0164953321 0.10501039 0.019554764 0.106436044 0.0230197683 0.131531209 -0.0130222365
0.14295958 -0.00928735733 0.0971291065 0.0250862539 0.150326967 -0.0151850134 0.134382412 -0.0139250085
0.102365173 0.0210853294 0.14481616 -0.0161008835 0.138669267 -0.0130700171 0.14345853 -0.012102887
0.141804218 -0.0144412965 0.101089194 0.0183641165 0.103268556 0.0219688043 0.100982279 0.023065269
0.146905929 -0.0177009106 0.131548077 -0.0140162483 0.106492437 0.0199485421 0.141541436 -0.0108148456
endtensor
tensor logits_first 192 96,2
0.553091347 -0.43731901 0.389232129 -0.270280391 0.376619995 -0.254618287 0.382202923 -0.255528301
0.547290146 -0.430308193 0.394144058 -0.265191764 0.400573075 -0.270078957 0.397943765 -0.264416844
0.541607499 -0.431072205 0.541265726 -0.411118835 0.532816529 -0.421452969 0.545065463 -0.421092242
0.387834966 -0.27630657 0.38058126 -0.261426777 0.39956075 -0.271924227 0.554908872 -0.437896401
0.541451693 -0.43057999 0.532744706 -0.402094126 0.53114444 -0.397569269 0.385353059 -0.257809728
0.550362229 -0.431431502 0.400615424 -0.27626434 0.526824594 -0.403797716 0.534530401 -0.41455397
0.385108531 -0.265699863 0.536731899 -0.415017813 0.553670883 -0.382065445 0.385737717 -0.255749851
0.545225382 -0.432908088 0.37714082 -0.260249406 0.382078618 -0.249573499 0.381804198 -0.259339124
0.532629848 -0.409625262 0.540176451 -0.392621309 0.380795419 -0.257996947 0.548596859 -0.411336571
0.395608306 -0.274043828 0.391899824 -0.270136088 0.545346975 -0.413296014 0.543603837 -0.419190556
0.550488591 -0.430132717 0.555541039 -0.433918566 0.383235782 -0.256466299 0.383630514 -0.256525844
0.530485332 -0.426018685 0.54588902 -0.428689212 0.372426927 -0.254629701 0.382712126 -0.255117178
0.537191987 -0.403585285 0.391717315 -0.267637849 0.557190716 -0.406198621 0.385199904 -0.261226863
0.540180445 -0.411170214 0.391341388 -0.248876214 0.555387735 -0.410100192 0.533459902 -0.41385439
0.397355407 -0.256799132 0.538357019 -0.420924217 0.536509991 -0.414200872 0.554286599 -0.40857777
0.543121636 -0.422352761 0.383796632 -0.258859009 0.388869852 -0.256632626 0.393624306 -0.248162359
0.542811513 -0.397295505 0.534971118 -0.405694246 0.552663565 -0.411483914 0.386140227 -0.270247936
0.551021814 -0.432836324 0.392486453 -0.263493806 0.532406688 -0.426091641 0.540919483 -0.413481385
0.385435879 -0.263273358 0.548045933 -0.421418875 0.397465467 -0.264651656 0.545323431 -0.420722753
0.547682405 -0.429542214 0.392509013 -0.273269892 0.37559098 -0.255021721 0.542379141 -0.407951802
0.524291217 -0.419123679 0.393916368 -0.276383013 0.535672486 -0.416533262 0.553784728 -0.412255019
0.390174866 -0.25588724 0.531958461 -0.415654212 0.530209661 -0.415077478 0.538009822 -0.426998287
0.541872621 -0.424629301 0.400721252 -0.263298064 0.389366329 -0.261259645 0.397242546 -0.253300726
0.541217566 -0.417880744 0.543771863 -0.404048443 0.383032739 -0.259067833 0.531595111 -0.433417827
endtensor
tensor entropy 96 96,1
0.842654645 0.92562902 0.931569636 0.930223882 0.846256912 0.92566669 0.923231781 0.925019026
0.847633004 0.853269041 0.852748454 0.849451542 0.924636662 0.929331303 0.923051357 0.841978371
0.847813904 0.858086169 0.859755397 0.929089546 0.845080256 0.921877921 0.859235883 0.854179084
0.927479804 0.853444278 0.857841134 0.92944026 0.846107006 0.930294812 0.931484342 0.929512203
0.856056452 0.858643174 0.930002868 0.851180553 0.923448265 0.925088644 0.85153836 0.850386679
0.845409274 0.842922807 0.929813206 0.929718435 0.852130592 0.847102284 0.932430625 0.930203617
0.856461704 0.925662577 0.850221455 0.928404331 0.853554428 0.92970556 0.849637866 0.854666471
0.926770627 0.851361513 0.853730977 0.850367188 0.849641681 0.929195762 0.928598583 0.929377735
0.856645405 0.85649246 0.850010633 0.926295459 0.844500184 0.926382422 0.851578295 0.852712274
0.927923381 0.848530293 0.925071299 0.849482596 0.846361637 0.924284279 0.931698799 0.853835583
0.855738282 0.923308194 0.853318572 0.849484384 0.928480864 0.854584455 0.855223954 0.849771321
0.849355757 0.924663007 0.927518487 0.927535951 0.851412177 0.854527295 0.92931205 0.849770069
endtensor
endcase
case xor
samples 96
points 48
hidden 32
tensor x 9216 96,48,2
0.746397793 0.698753297 -0.705365598 -0.76870364 -0.517356634 -0.799869299 0.774278164 0.770286798
-0.809854984 -0.703127742 0.639213324 0.813936532 -0.617780447 -0.786897302 0.704852402 0.670289576
0.852710843 0.899808168 0.855111182 0.892601848 0.831584454 0.550118864 0.747933805 0.538181841
-0.766355872 -0.780884087 -0.758189142 -0.707218528 0.850034714 0.845198154 0.600271463 0.886410713
-0.796596289 -0.664590299 0.818439543 0.698747277 -0.752641559 -0.868625998 0.838332057 0.760777771
-0.72060889 -0.804214656 0.892330766 0.814633906 -0.958650351 -0.802570641 0.641245365 0.812562943
-0.73913753 -0.722041547 0.686304927 0.809509814 -0.772275805 -0.805981219 -0.850465655 -0.79139924
-0.876855373 -0.807264864 0.687782228 0.947483599 -0.840916932 -0.690555632 0.802562296 0.816521883
-0.783129156 -0.771799207 0.48946467 0.591745973 1.00151587 0.661274195 -0.623592973 -0.880517781
0.875193655 0.736584604 -0.50497663 -0.756062567 0.775323808 0.74277401 0.736168921 0.613564253
0.71063441 0.778446317 0.58486557 0.766087055 0.760622263 0.854441345 0.883218706 0.675686121
-0.846789002 -0.711324751 -0.929034948 -0.74568516 0.889699996 0.733974755 0.777672946 0.707964122
-0.7523579 -0.689237416 0.480051637 0.819501221 -0.535026371 -0.779319942 0.888533473 0.966724515
-0.863438666 -0.764336705 -0.707984209 -0.784267962 -0.912062585 -0.896245956 -0.568078995 -0.879509866
-0.839060068 -0.769519985 0.746698916 0.727380455 0.85101074 0.67261821 0.807014585 0.592622399
0.735417902 0.768983424 0.964020371 0.684032917 0.699893236 0.755107045 -0.714015543 -0.613402724
-0.572576821 -0.531731069 0.573092341 0.816629648 0.828304648 0.776037991 0.639974296 0.926466584
-0.726196527 -0.799583495 -0.882405758 -0.714926243 0.754744709 0.927028358 0.815370977 0.7824471
-0.639847577 -0.88861239 -0.757635117 -0.835576236 0.821964204 0.828471363 0.926021636 0.716918051
-0.788918734 -0.90374577 -0.676426291 -0.813525081 0.783786774 0.577610314 0.636522889 0.695682585
-0.94310379 -0.657047093 -0.771934271 -0.884021461 0.643085301 0.77291441 -0.62384212 -0.605956197
0.735774755 0.625708103 -0.634792686 -0.842446387 0.682943225 0.894492269 0.801359653 0.983428001
0.869225264 0.815267026 -0.570000589 -0.80056715 -0.692644417 -0.798020482 0.800782919 0.474943876
0.762712955 0.68984282 -0.774935544 -0.73749274 -0.704065442 -0.784410954 -0.794009805 -0.610904336
-0.801894486 0.719138384 0.576353192 -0.7825405 -0.833239079 0.688014209 -0.770168722 0.913814783
0.735234439 -0.799713731 -0.83142519 0.706447124 0.795791268 -0.798769593 -0.820185065 0.695967376
0.788220882 -0.833449185 0.847254455 -0.892622828 -0.685904443 0.687971652 -0.851659298 0.568677008
-0.636487424 0.814554632 0.749088526 -0.604759693 -0.637413263 0.771128595 -0.934710324 0.393726915
0.696383297 -0.948101401 -0.731740415 0.934340715 0.778039634 -0.714879334 -0.714866936 0.971568108
-0.712904394 0.747354388 0.676585793 -0.762599587 0.729710996 -0.769338191 0.779360592 -1.05977273
-0.710163832 0.635968149 0.877609491 -0.796953321 0.610497415 -0.82657814 0.583349764 -0.971382856
0.871211946 -0.715018451 -0.76804322 0.786487758 -0.936115801 1.0547874 0.602584064 -0.782716393
-0.861079872 0.800824761 0.460795671 -0.771716237 -0.77828145 0.684526324 0.830326021 -0.636457801
-0.852253437 0.739641249 0.951177061 -0.843615055 0.701453745 -0.673295498 0.587552428 -0.838620901
-0.923955202 1.12162113 -0.55022943 0.643170714 0.813511848 -0.764010549 0.730009317 -0.737611651
0.711999953 -0.8529374 0.703325629 -0.804028273 -0.593861818 0.908801377 0.981166482 -0.364518583
-0.70183593 0.730656207 1.01104164 -0.686943829 0.855479002 -0.896921992 0.922317505 -0.836273253
0.878300786 -0.936906159 0.585485041 -0.660575986 -0.777797878 0.786171556 -0.630352378 0.747847795
-0.765667737 0.49422121 0.577727139 -0.69299829 -0.638481438 0.638985872 -0.662322462 0.951675177
0.661882997 -0.73298341 -0.822957993 0.745543897 -0.779460609 0.702417493 0.809657633 -0.769735336
0.726266205 -0.646777689 1.00941741 -0.741671801 0.832579494 -0.635661364 0.536755919 -0.69029814
0.828377903 -0.605250299 -0.66918838 0.833176851 -0.586785436 0.966502309 -0.611611724 0.779029787
-0.768735409 0.668800354 -0.780623317 0.716601312 0.852476895 -0.722336769 0.814438939 -0.69821012
0.914163768 -1.09173143 -0.866723061 0.686810553 0.852177978 -0.692926288 0.782180905 -0.515063643
0.818234086 -0.516998172 -0.66941154 0.789850473 -0.781671822 0.711652696 -0.762357295 0.975855827
-0.970016718 0.887356877 -0.720283985 0.626402497 0.781574428 -0.691209972 -0.932760239 0.998483658
-0.690697312 0.912708998 -0.81908679 0.75586009 0.715156138 -0.85314703 0.861697316 -0.560095906
-0.864155173 0.903597236 0.711452663 -0.706173658 -0.699540079 0.754940808 -0.802683711 0.732994318
-0.681099772 -0.683490992 0.867661953 0.722831905 0.820093036 0.773034096 0.84410584 0.866629779
0.787045896 0.713836074 0.797872007 0.795848846 0.707249641 0.743950903 0.500880718 0.726998687
0.725097358 0.696454167 0.718328178 0.656219065 -0.664259076 -0.683964968 0.550881505 0.794535637
0.958688498 0.718620241 0.982745886 0.702351451 0.797960103 0.611879826 0.945739865 0.699340343
-0.8457039 -0.659227133 0.872662544 0.72287333 -0.930785596 -0.662769139 -0.733685374 -0.905149698
-0.904277086 -0.747532248 -1.04060423 -0.722912192 0.91772908 0.691262186 0.823393285 0.75141108
-0.813992858 -0.941363931 0.836197078 0.974096239 -0.851451159 -0.770804048 -0.671688378 -0.709854662
0.610747218 0.773791492 -0.722823679 -0.767300427 1.06154871 0.6464926 0.832828403 0.750555217
0.670127869 0.766741753 -0.921048403 -0.64774096 0.756417394 0.575480759 0.836602032 0.807839274
-0.727177739 -0.692807019 -0.853354633 -0.776246965 0.996666908 0.77941215 -0.68604672 -0.59746021
-0.740676522 -1.12067688 0.659073055 0.860843539 0.892993391 0.880098939 0.613856792 0.663543761
0.928702652 0.824384451 0.851565778 0.670529723 -0.881530881 -0.731418848 0.845589936 0.784433842
-0.744846523 0.739605308 -0.476917565 0.77284503 -0.777063608 0.849543512 0.814164817 -0.74092561
0.773873448 -0.549711704 -0.793132246 0.806313396 -0.752274811 0.821039557 -0.832016289 0.777388871
-0.774058342 0.778129339 0.713079989 -0.786947191 0.582020998 -0.635823905 -0.740963936 0.719821811
0.829056263 -0.982845187 -0.645344675 0.748471856 0.814748406 -0.816478074 -0.678937435 0.690304041
-0.626859784 0.75484097 -0.666348636 0.931025028 -0.784972787 0.833052158 0.812044144 -0.705420613
0.805136263 -0.686171532 -0.552672267 0.52737236 -0.698179543 0.781828046 0.760745823 -0.865754366
0.536996186 -0.719385862 -0.838100672 0.813742638 -0.565416932 0.916852355 0.875662744 -0.646450877
-0.780090094 0.859934568 0.779205799 -0.756712198 0.773369253 -0.687689304 -0.865838289 0.834988356
0.645612001 -0.745308399 -0.652542353 0.742541969 0.929817259 -0.750570476 0.748438478 -0.821913421
-0.691755831 0.707290053 0.660450339 -0.657284677 -0.64057827 0.577441156 0.885535002 -0.751425505
-0.726114333 0.518781006 0.874884605 -0.786603868 -0.596314788 0.632976532 -0.870648086 0.823740959
-0.787603974 0.598829269 -0.65033561 0.885388851 -0.693150461 0.798049569 0.769425988 -0.580738902
0.704901576 -0.650564492 -0.585877836 0.654179692 -0.710452795 0.768711865 0.926374972 -0.702514946
0.743908107 -0.806283534 0.769422174 -0.594850063 -0.759094477 0.830209911 -0.764155984 0.624452293
-0.799110591 0.814106584 1.09546614 -0.523456633 -0.846853495 0.530690014 -0.743909359 0.79641825
0.801251531 -0.783642709 -0.75485009 0.837205291 -0.648826003 0.901314974 -0.910156488 0.775037408
-0.849019647 0.672387719 -0.682800055 0.768953383 0.816193581 -0.695388258 0.70878768 -0.783688366
-0.848576844 0.830078602 0.703196704 -0.665987968 1.00071216 -0.720698178 0.411402702 -0.703259706
0.458687216 -0.738859177 -0.718067527 0.814125121 -0.698799133 0.748366714 -0.888320327 0.721106231
-0.607580841 0.961672962 0.623262823 -0.728023112 -0.696110666 1.01018059 -0.893988013 0.732284129
0.758826494 -0.878452241 -0.482409894 0.761711061 -0.567917645 0.687813461 -0.894860923 0.632948637
0.614304066 -0.776169896 0.595461786 -0.92164582 0.679698467 -0.977590919 0.898764908 -1.02293992
0.845117331 -0.906447649 0.582043052 -0.747292519 0.761045635 -0.602043152 0.918231368 -0.894508898
0.713670254 -0.855852723 0.637465298 -0.918687642 -0.685796261 0.685442567 -0.677221656 0.974100947
0.660214126 -0.710006058 0.763361573 -0.50254482 -0.505030632 0.913936377 0.838284433 -0.891614616
-0.83002764 0.850451827 -0.822073877 0.842020035 1.27174437 -0.775282323 -0.697418869 0.793445766
-0.649433196 0.662421882 0.662736893 -0.939542234 -0.757146597 0.613280356 0.642391801 -0.833947837
-0.681007624 0.50235945 -0.788316369 0.751813591 -0.923464537 0.673019648 0.988107741 -0.714893341
0.903440714 -0.867770314 0.732956946 -0.844516993 0.808285475 -0.578419447 0.788820326 -0.825904965
0.769684732 -0.658729911 0.804386616 -0.710474491 0.638733387 -0.819608331 0.828414917 -0.689363956
-0.830541909 0.812484682 0.543823659 -0.938532352 0.699887812 -0.690796494 0.882138073 -0.445656508
-0.736337841 0.850300312 -0.479426771 0.598533988 -0.707035124 0.883942664 0.861563802 -0.814708292
0.743785918 -0.625712812 0.641941547 -0.785736859 0.546226799 -0.747526646 0.568002462 -0.876378417
-0.729621351 0.866906166 0.973952651 -0.70206362 0.628010809 -0.65842706 0.772582114 -0.794714212
0.760631025 -0.896156192 -0.837031364 0.699564636 0.496416718 -0.876272321 -0.693294823 0.824287415
0.76045692 -0.711540282 -0.520663202 0.742246687 0.588803172 -0.664748669 0.756967247 -0.910654962
-0.624395072 0.660956383 -0.635165811 0.539157927 -0.915277421 0.811231196 -0.776565909 0.783040762
0.586903214 -0.74235183 -0.811675251 0.799482167 0.622765958 -0.843678296 0.727442741 -0.938240945
0.841086805 -0.769443691 0.703787863 -0.727448463 -0.833030045 0.857151389 -0.699357688 0.476258755
0.796267927 -0.595487118 0.776675999 -0.80906862 0.850084186 -1.0010736 -0.751824677 0.684717476
-0.863055587 0.728803635 0.784802616 -0.763276875 -0.747481704 0.702599168 -0.947689116 0.911850095
0.821994424 -0.698659718 -0.627862394 0.658574164 -0.822495222 0.903395653 0.595655322 -0.851128519
-0.744879961 0.93016088 -0.622602284 1.00298774 -0.716559708 0.828733504 0.876097441 -0.244273186
-0.910653114 0.617139399 -0.76898551 0.961161137 0.844789684 -0.774342418 0.716247261 -1.05166912
0.602323711 -0.761400402 0.772649825 -0.767121375 -0.885599613 0.710644782 -0.863065481 0.828467429
-0.669125915 0.671001554 -0.869068265 0.66061151 0.748205841 -0.477097303 -0.686353087 0.755243897
-0.907312572 0.422844619 0.61785543 -0.899963379 0.650781155 -1.01646852 -0.817569554 0.545557916
-0.967078388 0.928311467 -0.886950254 0.817023754 0.769507647 -0.627433181 -0.953437567 0.650674224
-0.622461438 -0.753408432 -0.757766008 -0.740994036 0.684657276 0.661871791 0.747654736 0.749966204
0.617021203 0.517059207 0.711218238 0.917063832 0.643669248 0.830013216 0.795167208 0.684241354
0.76057446 0.56767869 -0.875797868 -0.515695095 0.730197489 0.663469851 -0.693977118 -0.633302093
-0.978824019 -0.646814823 -0.895334125 -0.858817458 -0.839581907 -0.785917044 -0.804805279 -0.61746639
0.925920069 0.701012433 0.84216243 0.761856556 0.842051446 0.712484241 -0.725543916 -0.836644828
-0.547737241 -0.706417084 0.698224783 0.790387869 0.838066578 0.938203812 -0.774863422 -0.808904588
0.704080403 0.718364477 0.758836031 0.958163142 -0.607515812 -0.651066422 -0.678025901 -0.843124866
-0.632179081 -0.660053492 0.749243498 0.940845907 0.728342593 0.719837666 0.671569765 0.687310874
-0.712727308 -0.574894309 0.805413604 0.847459316 -0.674229324 -0.690345347 -0.718944967 -0.451965988
-0.962701023 -0.834918797 -0.71956718 -0.796780884 -0.752876163 -0.809352398 0.726357996 0.650672257
-0.809423804 -0.780860841 0.736349463 0.789747655 0.766820848 0.668608248 -0.817174435 -0.917208612
0.841523767 0.52857852 -0.721525431 -0.563317597 0.629520774 0.80327332 -0.68393153 -0.914732814
-0.808001697 0.99397099 1.04794478 -0.730901539 0.622267127 -0.898026228 -0.862309456 0.927444398
-0.967950463 0.65140146 0.677206099 -0.608893692 0.565977335 -0.911376953 -0.557137311 0.698246837
0.655652642 -0.645310819 -0.790393174 0.707202256 0.692184031 -0.605241895 0.784059882 -0.723333418
-0.751367271 0.636290431 -0.823932827 0.36389932 0.865009189 -0.8149634 0.776053429 -0.811536252
0.814291418 -0.816663623 -0.579868674 0.767444134 -0.643851101 0.718433499 -0.881603777 0.532476246
0.854126036 -0.662824452 -0.839443386 0.692676306 -0.681013823 0.534682453 -0.693108857 0.838836074
0.924158454 -0.663560629 0.875874162 -0.703428686 0.550000608 -0.734753132 -0.904756784 0.674509585
-0.662518799 0.690644741 -0.775890589 0.677356601 0.860197306 -0.709979534 -0.725940645 0.873650551
0.829479098 -0.658302248 -0.789748549 0.685724556 -0.707167327 0.837371588 0.701226056 -0.7024225
-0.743829012 0.79894197 -0.635632813 0.75843364 -0.722798228 0.892335236 0.627612531 -0.798488438
0.796013415 -0.916234493 -0.8808918 0.885873675 -0.596042275 0.492041469 0.507255316 -0.811713457
0.658874333 -0.66499269 0.6577999 -0.655153036 0.8047719 -0.581970513 -0.753598332 0.771883428
0.652396441 0.405380011 0.755835116 0.692106903 0.854793072 0.675548196 -0.501917303 -0.755963504
0.757775247 0.72663492 0.933412969 0.600741327 0.733359098 0.93412894 0.740931034 0.654574752
-0.966874361 -0.655852437 0.709501684 0.790210247 0.593145669 0.808025897 0.618328571 0.957434893
0.878755569 0.75467962 -0.790621519 -0.749893606 0.893718541 0.527671933 -0.696270823 -0.956166387
-0.572357774 -0.645838022 0.888213933 0.482737839 0.83845675 0.643413007 0.869499087 0.585380077
-0.584076881 -0.707196712 0.814521551 0.873293161 0.924293935 0.831877768 -0.789350986 -0.814488292
0.765699387 0.82411629 0.729466021 0.800679028 0.637641132 1.04209077 -0.728915393 -0.613275886
0.878848195 0.765158772 -0.712799728 -0.371586293 -0.693932593 -0.52374649 0.758524895 0.790414989
-0.745796382 -0.575987756 0.795312285 1.03488922 -0.784224868 -0.647455037 0.467289805 0.843168974
0.773596227 0.70904994 0.704062581 0.801105976 -0.489165813 -0.771772981 -0.75483346 -0.769138217
-0.889303267 -0.607248604 -0.746987462 -0.643668652 0.647766471 0.765087426 -0.586666524 -0.918659985
0.926053226 0.881749332 0.712423444 0.956988394 0.650943637 0.705392361 0.869237304 0.606272459
0.779720068 0.868039429 0.724069178 0.906988084 -0.909708977 -0.582864285 -0.916574717 -0.579808712
-0.624162495 -0.789852262 0.832270741 0.791659296 0.594751358 0.753910184 -0.497146338 -0.667686284
0.762137234 0.875413716 -0.835111618 -0.83606571 0.984870553 0.791876018 -0.720234334 -0.725150168
0.82953608 0.993148625 0.537650108 0.782329798 -0.819802523 -0.749512732 -0.826255202 -0.767506123
0.713617504 0.884256005 0.618329167 0.905296028 -0.671608269 -0.636550009 0.57299453 0.849459112
-0.706752002 -0.817121506 -0.669734061 -0.839762032 0.736769974 0.744119465 0.786872983 0.742911756
0.864833593 0.631312728 0.746291697 0.585056841 -0.653335214 -0.756778002 0.579920828 0.795177639
0.858760953 0.859135389 -0.784893334 -0.621989071 -0.478810728 -0.688056409 0.654007852 0.892681777
0.78980571 0.919791639 -0.652699411 -0.662721455 -0.739408553 -0.559793711 -0.616692007 -0.610032201
0.895725965 0.773688078 0.959596872 0.691577792 0.679214656 0.650588214 0.8881706 0.643768489
0.882098496 0.773822725 0.876536846 0.794376373 0.600994706 0.581326008 0.721941888 0.913989246
0.904754519 0.805281043 -0.773928821 -0.667654932 0.589790463 0.7139045 -0.597401261 -0.754561722
0.576277733 -0.598442197 0.629281402 -0.686460257 0.645788491 -0.519498944 -0.555700004 0.869883895
-0.549114168 0.590645015 0.936014771 -0.698174536 0.864472687 -0.665681839 0.724606156 -0.700279713
0.720968187 -0.703336596 -0.637533307 0.784452617 -0.597163677 0.841505051 0.814029038 -0.552334011
0.664141238 -0.80318439 0.833823264 -0.812265992 -0.863033414 0.860334039 0.942828596 -0.932156324
-0.840598404 0.769512296 0.633214653 -0.611168504 0.768293738 -0.909852743 -0.848552525 0.989376068
1.08249319 -0.626796126 0.806396604 -0.710227013 -0.721450984 0.54565984 0.623781264 -0.794213593
0.686187029 -0.802970052 -0.805087984 0.725388169 0.682153821 -0.903993368 0.568996012 -0.724777043
0.900254369 -0.792575479 0.721361697 -0.772658467 0.727883041 -0.630074203 -0.760379016 0.829537988
-0.763809562 0.70442611 -0.737412095 0.738154769 0.672174513 -0.78171289 -0.66501075 0.89450556
-0.759564459 0.829015493 0.823223948 -0.660173714 0.595138729 -0.641237617 -0.760948122 0.703231037
-0.693028748 0.818045855 0.688775897 -0.885751247 -0.758173466 0.745665789 -0.450704455 0.80044198
-0.898836374 0.510679662 0.971757472 -0.776904643 -0.760820806 0.678751051 -0.759284973 0.584848881
-0.754166067 -0.736311436 -0.666287243 -0.563380778 -0.79478389 -0.691740036 0.717520833 0.730128825
-0.759298921 -0.762976885 0.901602447 0.899201095 -0.780223727 -0.807853222 -0.810276031 -0.967598438
0.699991584 0.787504017 -1.01034117 -0.793554366 -0.570019424 -0.767526209 0.927672207 0.614820778
0.751532495 0.741891503 -0.683411002 -0.833554387 0.690129459 0.719518483 0.701616406 0.86002624
-0.603623927 -0.967574358 0.964131594 0.737055004 0.904841661 0.714925051 -0.772740006 -0.756568134
-0.84177345 -0.685358524 -0.854663968 -0.694814444 -0.750286818 -0.596593261 -0.764884651 -0.830047786
-0.679267645 -0.609810829 0.671293437 0.657747865 -0.763285041 -0.684161603 0.710979819 0.677774549
-0.799024582 -0.882117808 0.839739442 0.760208547 0.814009547 0.66708982 -0.693496644 -0.8058514
0.512423217 0.666716814 -0.88083446 -0.962595642 0.498301893 0.6842013 0.873191774 0.927956581
-0.763897419 -0.845061779 0.820923865 0.457243532 0.831524551 0.865285516 -0.935524285 -0.784499526
0.720541894 0.733735263 0.729387641 0.871045709 0.713582754 0.762077689 0.671320498 0.770781696
-0.655984819 -0.862857342 0.977468908 0.720525026 0.640824854 0.88176465 0.591362536 0.672747076
0.917669296 0.616932213 0.826806664 0.916101873 -0.757391632 -0.817477107 -0.670325518 -0.768802643
-0.630979717 -0.760285437 -0.550456345 -0.834408283 0.940641105 0.535346329 -0.678005397 -0.816802442
-0.679437816 -0.677424133 0.707078218 0.699981511 0.893450916 0.80238831 0.669858634 0.723366499
0.971742749 0.919273019 -0.811543763 -0.56046468 -0.586825252 -0.883119345 0.829690158 0.631418586
0.724595726 0.666275024 0.649682462 0.604493976 -0.855036974 -0.898120284 0.811396956 0.597041488
-0.865072608 -0.876544118 -0.765631616 -0.600075543 0.758213699 0.612055302 -0.691944838 -0.449731231
0.567655325 0.644599497 0.552190423 0.581399381 0.709692955 0.560607135 0.925980687 0.565476894
-0.530857682 -0.73535955 0.695534527 0.639197707 0.636798978 0.745112896 -0.863332152 -0.744671166
-0.754543662 -0.726203024 0.853947878 0.687720954 -0.866333723 -0.728587449 -0.832533121 -0.67316246
-0.711570621 -0.884034395 -0.772291303 -0.929857314 -0.699813724 -0.990253329 0.726484418 0.85720855
-0.752649546 -0.686562598 0.628525317 0.593287826 0.700102627 0.731341422 -0.82806015 -0.789121091
0.627958179 0.715126336 -0.722398162 -0.646689057 0.685600638 0.752771914 -0.555565119 -0.970991194
-0.642236233 -1.05916882 -0.532322228 -0.489294022 -0.702542007 -0.894525409 -0.906573534 -0.881941557
-0.67755127 -0.795531631 -0.74214679 -0.793683529 -0.702494681 -0.849413991 -0.569125772 -0.600935221
0.753286302 0.900811791 -0.900996685 -0.799144208 0.774603367 0.872524321 0.746578515 0.817131996
-0.694787025 -0.723611355 0.581925988 0.632203639 0.838104904 0.605764389 -0.797623336 -0.662869632
0.507037163 0.495452076 -0.921590388 -0.432278991 -0.821545184 -0.755866408 -0.739339173 -0.804442644
0.656783402 0.632736325 -0.479672223 -0.498631388 0.530421376 0.763348818 -0.939690888 -0.64660126
0.90636456 0.627038419 0.843821704 0.884320855 -0.60678637 -0.780517995 -0.856369495 -0.858629525
0.679700792 0.658907652 -0.890822709 -0.7497316 0.744047344 0.70369035 0.784342229 0.658758998
-0.793401122 -0.787084639 -0.70441401 -0.839764655 0.849534333 0.627780914 -1.08196354 -0.569055557
0.875272095 0.809203625 0.870850801 0.898053646 -1.09404445 -0.68515265 0.872743726 0.908076108
-0.621645749 -0.768380046 -0.733873785 -0.765641212 -0.81048876 -0.722340941 -0.706093311 -0.804162383
-0.827458203 -0.745871007 -0.655444264 -0.664915383 -0.872082531 -0.632950425 0.677355886 0.832039058
0.795754254 0.5412274 0.917901397 0.646765828 0.581258535 0.615494668 0.710979581 0.787070274
-0.744916022 -0.633251131 -0.731268227 -0.741014838 0.787286282 0.786935091 -0.816183686 -0.496304184
-0.711018264 -0.792605221 0.874424398 0.795091927 0.691414535 0.582804441 0.844185531 0.764029682
0.562065959 0.769537091 -0.831658721 -0.733531237 0.683693409 0.734786987 -0.898816466 -0.916208029
0.975093901 0.529191494 -0.612691283 -0.705335855 -0.768893898 -0.800168872 -0.702832997 -0.902910113
-0.885608792 -0.549220741 0.673560083 0.696224153 0.836345553 0.786410153 -0.759680629 -0.694455326
-0.679974377 -0.891216934 0.613220096 0.862397015 0.858234763 0.744746804 0.860941172 0.782715857
-0.712530494 -0.638029397 0.758146584 0.728267431 0.670899272 0.643705547 0.755040288 0.654368699
-0.595949709 -0.626640499 -0.711410403 -0.681596041 0.828443468 0.490879953 0.799940705 0.913137913
0.846361399 0.928969681 0.514232278 0.537615776 -0.464815289 -0.662271202 -0.60743469 -0.546918213
-0.724223137 -0.635522783 0.813944817 0.746543467 0.999940991 0.586696029 0.85419786 0.773094773
0.764680445 0.785910189 0.55843842 0.615053535 0.597542942 0.764776051 -0.907820642 -0.714351535
0.749573469 -0.800912917 0.656757951 -0.777845979 0.68061614 -0.780208349 0.75629735 -0.897325635
0.870282769 -0.769127905 0.725729287 -0.959400237 0.694313407 -0.682794809 -0.787924409 0.734899402
-0.851071656 0.866974473 -0.767698884 0.879149497 0.851537406 -0.856486022 0.741537273 -0.930904508
-0.573523462 0.785620689 0.726878822 -0.743004441 0.96911478 -0.93515563 -0.765495598 0.755080581
0.641763508 -0.888145208 0.802473366 -0.877812684 -0.692283273 0.790705323 0.588420808 -0.936486423
0.831995964 -0.809843838 0.650541604 -0.800347745 -0.739632547 1.0100888 0.992293179 -0.594484329
-0.751715124 0.935529292 -1.01084685 0.969657779 0.755640209 -0.718191743 -0.573894203 0.571215391
-0.993932247 0.766093612 0.750149429 -0.789651513 0.825223565 -0.747204483 -0.937460244 0.722501397
0.761956036 -0.714369774 0.55189532 -0.644970894 0.813443422 -0.7475003 0.786046505 -0.696913183
0.789181769 -0.784443855 -0.646115184 0.823340893 -0.81959188 0.812336087 -0.6554811 0.620874047
-0.903839052 0.986794114 0.801533878 -0.609615028 0.542702734 -0.804270208 -0.795544684 0.922281206
-0.666411161 0.750509322 -0.862539411 0.887401402 0.99096787 -0.857477129 -0.726810098 0.600351393
0.603677928 0.606389642 -0.855871379 -0.70764339 -0.653140306 -0.779125929 0.564977765 0.789304137
-0.419766545 -0.616126359 -0.864132702 -0.538196564 0.649340034 0.780302107 -0.760694087 -0.697829425
0.780492067 0.959229648 0.794046104 0.68658632 -0.682126224 -0.840041697 0.720093608 0.808295965
-0.702551901 -0.627574265 -0.692381203 -0.493911445 -0.690818667 -0.770491898 0.675320446 0.671597421
0.660759032 0.714458168 0.773710251 0.632922173 0.746581376 0.883055151 -0.726004899 -0.689284682
0.66866076 0.848186433 0.574615836 0.643325567 0.741980195 0.78041774 0.850185812 0.859914899
-0.899395585 -0.879838407 -0.793280065 -0.883023798 0.724966466 0.733190238 -0.864172339 -0.743965566
0.758107841 0.84362632 -0.658353329 -0.778731406 -0.794587553 -0.615191221 -0.987517893 -0.6183725
0.701745689 0.727495134 -0.917087078 -0.712320209 0.784139514 0.836281538 -0.829383731 -0.973891914
0.898299217 0.631568193 0.741382599 0.651649237 0.689048231 0.796541631 -0.77613765 -0.864693642
0.698052764 0.696621835 0.708382487 0.742324173 -0.608608425 -0.846016228 -0.723431945 -0.848499537
0.894255698 0.683359742 -0.73397547 -0.755931735 0.524646461 0.731207192 0.692095757 0.895698786
-0.734945774 0.711406231 0.741566658 -0.708126903 0.678511858 -0.718826234 0.869740188 -0.788620234
-0.622187257 0.587214947 0.768727601 -0.708387733 0.71160084 -0.787134767 -0.695387363 0.676478148
-0.750096083 0.654225409 0.729818344 -0.741733015 -0.481683046 0.601137996 0.779426455 -0.727560818
0.870400727 -0.772198915 -0.755319476 0.719690084 0.703895867 -0.659025967 -0.786773801 0.787261486
0.668834805 -0.965057254 0.611684442 -0.671207786 0.805184543 -0.856105268 -0.601248503 0.846406817
-0.94193387 0.713768601 0.676452339 -0.714990318 -0.815491319 0.933474779 -0.751050949 0.687193573
0.746880949 -0.558056772 0.851589203 -0.713621497 -0.799338758 0.627398491 0.569707692 -0.747188866
-0.748422146 0.553307533 -0.869790792 0.665239394 0.856743455 -0.685383379 -0.72668463 0.80949682
0.716258526 -0.597306609 -0.518307805 0.914392114 -0.948928714 0.814764559 -0.633322358 0.982880473
-0.733776927 0.682215571 0.758777261 -0.715035081 -0.723431587 0.61224699 -0.596705496 0.869572639
0.686374545 -0.69395256 -0.918386579 0.736396432 0.578520596 -0.810917974 -0.81589514 0.86628896
-0.757299364 0.832982481 0.758701622 -0.820197463 0.64697963 -0.729981363 -0.812134206 0.640204966
-0.607945025 0.865839422 -0.915375292 0.689551592 -0.919958711 0.757020772 -0.601549625 0.950744212
0.680963516 -0.713702381 0.724427104 -0.700230539 -0.726260424 0.592525899 -0.846486628 0.701928973
-0.732679665 0.793632865 0.788325906 -0.837055922 -0.864083648 0.858471215 -0.761986673 0.652579606
-0.979156494 0.963721454 -0.780185759 0.564304829 0.623769343 -0.670366049 0.59848845 -0.787923396
0.74098295 -0.614459753 -0.796989381 0.79746002 -0.534274518 0.615725994 0.496058315 -0.832230747
-0.627978384 0.847695768 0.766060472 -0.632295191 -0.995658219 0.651749969 0.792057574 -0.6566571
0.749979496 -0.635110974 0.899310887 -0.379844666 -0.650517583 0.67564553 0.857105434 -0.613456428
0.677898705 -0.589624524 0.534941018 -0.835782468 1.02125633 -0.873267472 0.775604188 -0.775355637
-0.667288363 0.816690207 -0.666283727 0.819290698 -0.544590473 0.76795572 -0.762848377 0.825168967
-0.711477637 0.919681728 -0.643895745 0.90961647 0.802303016 -0.704367876 0.539013803 -0.693713963
0.850559413 -0.69832778 0.691126585 -0.847527742 -0.868334174 0.727428079 0.654691398 -0.753990293
-0.956864715 0.543753266 -0.764394462 0.832395077 0.794700503 -0.76425755 -0.575745404 0.773191571
-0.759312212 0.802327335 -0.752468944 0.63985014 0.857525289 -0.831276 0.706994474 -0.803125024
-0.870671153 0.659901917 0.777173877 -0.711053908 0.808316886 -0.786388576 -0.809141636 0.704927325
0.553782463 -0.749709249 0.869383872 -0.898235321 -0.56618607 0.739648223 -0.837559342 0.841781139
-0.847857773 0.460996449 -0.732253492 0.878711581 -0.759821177 0.60869503 -0.776709378 0.748076379
0.726889253 -0.798863173 -0.72022742 0.75930661 0.659876823 -0.731402993 -0.75004214 0.538808525
0.645679593 -0.783549726 -0.705627799 0.658086419 -0.750813007 0.78744179 -0.765016854 0.791347563
-0.665898204 0.842434227 -0.663940191 0.645801604 0.715036392 -0.973455787 -0.440057337 0.715368092
-0.684841454 0.810091853 -0.74986887 0.719389915 0.826258957 -0.760938287 0.634073853 -0.719059408
-0.734682202 0.73719275 -0.708840251 0.890153408 -0.664794326 0.732189596 -0.754263878 0.729017258
0.802179933 -0.619715631 0.688719451 -0.690664113 0.781767011 -0.624022067 -0.817566872 0.894937754
0.748348773 -0.542408228 -0.582458496 0.681877375 0.638967991 -0.618719041 0.803378046 -0.688653767
-0.707431734 0.577012956 0.58733654 -0.799559653 0.885692596 -0.502580166 -0.753098309 0.598338842
-0.797204137 -0.812241077 0.793060839 0.707070351 0.969963193 0.778508544 -0.717581213 -0.712742329
0.707356989 0.777711153 0.897970974 0.599975705 -0.925725818 -0.732608378 0.587881386 0.75986284
-0.682238579 -0.954833746 -0.657182097 -0.710279942 1.04625225 0.751695037 0.761243939 0.825994849
-0.649398804 -0.714725792 0.867359042 1.00589311 0.666356146 0.518290401 -0.80666846 -0.926599979
-0.594786525 -1.03973269 -0.92561388 -0.615093708 0.733747959 0.811574578 -0.784612417 -0.753233552
0.959342718 0.4692972 -0.498061806 -0.681873918 0.918040991 0.787829816 -0.698456109 -0.706179261
0.519610763 0.815443099 -0.561998725 -0.712181807 0.764959037 0.66805774 0.780842185 0.536750317
-0.872045815 -0.575480938 0.687463284 0.717117727 0.872591555 0.827404082 0.931657016 0.545191288
-0.680776596 -0.923462152 -0.67057246 -0.808005452 0.565352499 0.820506334 0.658773541 0.812951684
0.695137382 0.726737916 0.696507394 0.69212389 -0.570996225 -0.76940918 0.662571371 0.778510153
0.540082932 0.765229702 -0.712563992 -0.849606872 -0.692079782 -0.820361733 0.620347261 0.785962939
-0.89920342 -0.835184693 0.813787222 0.717442155 -0.877779603 -0.656456113 0.771664739 0.819613755
-0.937203765 0.765079081 0.620041847 -0.773375332 -0.914887667 0.429492712 0.64221406 -0.796266437
-0.964373112 0.839391828 -0.927024662 0.620931208 -1.13077867 0.811266601 0.778254747 -0.848102391
0.876526833 -0.771887302 0.647270858 -0.583261371 0.811125517 -0.882420301 0.79472208 -0.865858436
0.764728844 -0.586444497 -0.714825511 0.71910131 -0.789999962 1.03078914 -0.667408526 0.803109765
-0.891705036 0.708920121 0.694575965 -0.605100155 -0.79016006 0.652914882 0.823463917 -0.706634104
-0.665189266 0.749457777 -0.561233699 0.679141462 -0.668409705 0.673747361 0.869212508 -0.893220246
-0.860752344 0.669081569 1.04994977 -0.571389616 0.837169707 -0.747095942 0.796975374 -0.776711583
0.927811503 -0.717904627 -0.876270652 0.769822657 -0.877635419 0.768822014 0.82240808 -0.723071814
0.564677179 -0.531198323 0.783875883 -0.564429879 -0.693379879 0.878273904 -0.73941803 0.487666309
-0.895573318 0.816517472 0.653618395 -0.812620103 0.712365031 -0.698947608 -0.868272424 0.535208106
0.698263228 -0.62168175 0.721192002 -0.780492425 0.674013138 -0.900751531 -0.804209411 0.70427829
0.872045338 -0.812316775 0.656132936 -0.835065901 -0.749625504 0.83014071 0.79575187 -0.634862125
-0.730325401 0.715138376 -0.909859776 0.708739877 -0.536506414 0.784289896 -0.790970147 0.661998808
-0.651164234 0.718045771 -0.856762528 0.693940818 -0.796741605 0.637643933 0.773333669 -0.893599272
-0.817574084 0.805642843 0.720949829 -0.76421982 -0.785400212 0.82504499 0.854445159 -0.670710921
-0.79906112 0.664012194 -0.7978791 0.722774327 0.750434279 -0.975044668 -0.87988466 0.801508069
0.718683302 -0.761845887 -0.754755855 0.632069707 -0.740072966 0.798584342 -0.555488527 0.498126596
0.841375828 -0.588938475 -0.578930855 0.679110229 0.936709464 -0.807419837 -0.560193241 0.805871427
-0.62759161 0.882192194 0.757141411 -0.817154706 0.726988792 -0.682091117 -0.915287912 0.821187317
0.631912649 -0.887337565 0.760010421 -0.875914216 -0.639866352 0.684298992 -0.842437148 0.914089322
-0.844550312 0.927425742 -0.623196483 0.816544473 0.604756832 -0.836452544 -0.747047126 0.667272925
0.659725606 -0.916119754 0.624793947 -0.768811226 -0.772937953 0.820546508 -0.868938267 0.709589303
0.773127377 -0.681451619 0.715860307 -0.752656341 0.818320751 -0.984088421 -0.936278403 0.98295784
0.801494658 -0.99145925 0.637809336 -0.868488431 0.789239049 -0.744481742 0.871496916 -0.635174572
-0.776014864 -0.740855634 -0.753292382 -0.729333758 0.73931706 0.758136749 -0.800216913 -0.7303617
0.698909998 0.529958725 -0.672129452 -0.74128139 0.472116172 0.675874352 -0.688235164 -0.802936673
0.625468016 0.581940114 -0.760889828 -0.629229844 -0.644371688 -0.660872817 -0.586026788 -0.624688625
0.847339332 0.715182185 -0.832349598 -0.641012192 -0.854742289 -0.653853953 -0.605757594 -0.496708989
-0.496049404 -0.772605598 -0.912777126 -0.769141376 -0.809574723 -0.611767709 0.741317332 0.874708593
0.941082954 0.730635822 1.03029656 0.592508495 -0.67841202 -0.632870734 0.7947734 0.906017184
0.782501817 0.693426192 -0.924206734 -0.820776284 0.789904177 0.969171226 -0.707132816 -0.826709628
0.731076121 0.670177519 0.694225967 0.809998453 -0.776962161 -1.03776097 -0.698620439 -0.865727007
0.704420686 0.80317539 0.61463356 0.748974681 0.543266714 0.812641501 0.951203704 0.600431323
-0.82012856 -0.795789361 0.798996687 0.742225051 -0.788801968 -0.685385466 -0.687107623 -0.561648905
-0.826014936 -0.800692916 -0.893550515 -0.621888578 0.940698802 0.691302776 0.805460036 0.785972953
0.637081146 1.0834403 -0.832409203 -0.679477096 -0.812166214 -1.0054394 0.751490295 0.674205303
0.459734976 -0.668633342 0.990581632 -0.832954466 -0.695412993 0.913319111 0.644756079 -0.762530029
-0.590442896 0.792449594 -0.658966422 0.657609165 -0.737238526 0.657360315 -0.634842396 0.760085046
-0.692355931 0.603377342 0.842989087 -0.845490158 -0.911237121 0.628867328 0.84157449 -0.620676219
0.754754126 -0.991878092 0.621520698 -0.904829621 0.787223697 -0.831771493 -0.802571893 0.680383921
-0.733442247 0.861672878 0.594225526 -0.831495881 -0.768160582 0.920419991 -0.707997203 0.737338781
-0.717687905 0.6691854 -0.860210299 0.799426615 1.01717639 -0.683921099 0.701282263 -0.641370595
-0.793886781 0.694093466 -0.610129595 0.809744954 -0.967146754 0.806941032 -0.556313872 0.807905555
0.705859303 -0.801323771 0.739743888 -0.606887221 -0.844559908 0.476946861 -0.848978579 0.823750973
0.742286205 -0.723171651 -0.752807021 0.78621614 0.721807182 -0.660607517 0.767299652 -0.743527293
-0.65891242 0.62511611 0.587389827 -0.72518456 0.687078476 -0.891045928 0.767613053 -0.763735533
-0.747048199 0.675339878 -0.897533298 0.686542034 -0.594613194 0.758973479 0.637578845 -0.613141358
-0.687576115 0.700214684 0.706355572 -0.633802176 -0.762958944 0.874071121 -0.539604902 0.705899894
0.624992013 0.783016145 0.692644477 0.857297122 0.773272336 0.653140485 -0.828079343 -0.838001966
0.830209732 0.450196356 -0.607162297 -0.758586884 0.634332597 0.789659202 -0.840094566 -0.867316604
-0.74050808 -0.768090248 0.749002814 0.709168136 0.846934795 0.64463383 -0.666073203 -0.656217873
0.694208205 0.957200229 0.741207063 0.880624413 0.684695065 0.712755084 -0.846817195 -0.782931745
-0.887714505 -0.646080196 0.766005993 0.804720879 0.878737211 0.753932238 0.685807168 0.745865822
0.707422853 0.833212495 0.643055379 0.487029254 -0.897103131 -0.611783504 -0.651717722 -0.703687966
0.864829421 0.733481586 -0.574077487 -0.583686113 -0.972479999 -0.812204242 -0.579797924 -0.744124651
0.687989354 0.730010808 -0.767441988 -0.81175065 0.640583336 0.850990236 0.605588973 0.70001322
0.681455314 0.870724082 0.855791628 0.680529416 -0.838920474 -0.860865235 -0.808911681 -0.861645162
-0.970311403 -0.442621857 0.704892755 0.723505378 0.68589735 0.708725691 -0.693252087 -0.788276851
0.624299943 0.562716484 -0.453384936 -0.715062201 0.625315368 0.64613533 -0.683906317 -0.667819142
0.705889523 0.718225658 0.802950621 0.846512198 -0.786273777 -0.910216093 -0.739230037 -0.823847473
-0.771828771 0.937454641 -0.582709551 0.712641537 -0.592614055 0.907999635 -0.767086983 0.642848015
-0.938607454 0.940298557 0.823176444 -0.881644309 -0.754090667 0.794623077 -0.933344066 0.708285451
0.812869132 -0.845796704 0.756513298 -0.805670261 0.758077681 -0.825571656 0.837652981 -0.854848325
0.655646086 -0.7946437 -0.862116277 0.787632585 0.818790615 -0.673980057 -0.811774135 0.880347371
0.756768167 -0.766366959 -0.694212615 0.714236736 -0.900270402 0.708164752 0.723727107 -0.707261086
0.797092676 -0.628513098 -0.483982295 0.930232167 -0.662856281 0.807165802 -0.980950713 0.848498225
0.836084962 -0.847808242 0.835709095 -0.859992862 -0.752508461 0.711907446 0.898179352 -0.799927413
0.939210057 -0.77382195 -0.857300639 0.799771547 -0.678833485 0.807561219 0.539589286 -0.716413021
0.65296191 -0.793894947 0.988528073 -0.911669016 0.992461264 -0.466455579 -0.603229463 0.816225767
-0.713933527 0.938658953 -0.69170171 0.620901585 0.881967306 -0.884881377 0.528760374 -0.826246858
0.676982701 -0.833781779 0.876937211 -0.800603986 0.783008695 -0.778320849 -0.689544857 0.672430575
0.647899687 -0.648163915 -1.02049136 0.806522071 0.625178814 -0.665876389 -0.652535677 0.889673769
-0.849289894 0.931432545 0.73283273 -0.809381425 -0.890560627 0.856406391 0.854789734 -0.850071728
0.932088614 -0.874108851 -0.888499022 0.778917253 0.756070375 -0.631408334 -0.81534034 0.848064542
0.639861345 -0.730911791 0.825863957 -0.534703612 -0.935453594 0.512494445 -0.773475051 0.781299531
-0.988640904 0.740953326 0.763717294 -0.680147111 0.841555238 -0.758359253 -0.759222865 0.707988262
-0.749118984 0.688698173 -0.715852201 0.543043792 0.831097603 -0.702352822 0.994113147 -0.828104854
0.876127005 -0.786040127 -0.905418396 0.831522465 0.821120441 -0.920191944 0.686363161 -0.58810246
0.782479048 -0.756218731 -0.658317029 0.694732785 -0.768781304 0.655222297 0.563397586 -0.895861387
0.668204129 -0.793518305 0.817480624 -0.746354401 -0.738776624 0.7066679 -0.628982425 0.71684283
-0.815167665 0.73635 -0.909098387 0.711568952 0.885970175 -0.974799633 0.818617404 -0.781379163
-0.747755527 0.867535055 0.621346354 -0.753586173 -0.790670395 0.673283875 0.720061481 -0.849904358
0.899649918 -0.664648116 -0.860578537 0.861705005 -0.606591165 0.613298535 -0.695831478 0.562575936
0.924120903 -0.691016197 0.673938751 -0.681836784 -0.65340656 0.804750681 -0.81586653 0.688315809
-0.875127256 -0.781250715 0.674071312 0.721714973 0.786108255 0.987198472 0.550834537 0.679283321
-0.656922638 -0.70432359 0.929454207 0.912058532 -0.681626916 -0.742595196 0.811748385 1.00990951
-0.593724489 -0.519239664 0.598319173 0.812140465 0.739308059 0.733364582 0.664618015 0.561288357
0.682614446 0.699576974 -0.804836214 -0.733450651 0.777119994 0.828380942 0.744345605 0.585163116
0.803204179 0.691286266 0.721168399 0.818005264 -0.425710022 -0.691440821 -0.694593191 -0.796488643
0.517947853 0.782206178 0.658385575 0.887089252 -0.775977731 -0.891692758 -0.660908163 -0.819212556
-0.703454316 -0.858578622 0.629681647 0.852618277 0.784272671 0.95806241 0.787879646 0.631024182
0.729231179 0.900650978 -0.931706071 -0.730502605 -0.76673013 -0.82731688 -0.7255795 -0.495822549
-0.554038107 -1.00083292 0.735785246 0.719334722 0.775188208 0.5774647 -0.787923992 -0.638831258
-0.499011815 -0.690712869 0.864864111 0.871168554 0.801231146 0.626088619 0.808935046 0.839753628
0.770042121 0.526472509 -0.90635699 -0.699133933 -0.581967056 -0.900030315 -0.817277491 -0.887929678
0.853571117 0.776411295 0.847181916 0.754779458 -0.880861044 -0.604950428 -0.822760522 -0.696591794
0.666319013 0.594753742 0.848891616 0.815808177 0.910808682 0.725198627 -0.688335896 -0.793865561
-0.693466365 -0.853023052 0.769442976 0.794613898 0.6874156 0.877261937 0.417004645 0.712337792
0.695407689 0.678129673 -0.650039017 -0.722420633 0.735824585 0.66098702 0.842369676 0.58082211
-0.911580682 -0.878789842 -0.918919206 -0.712696731 -0.73326695 -0.675085187 0.856662333 0.752893507
0.965668797 0.683989346 1.02185905 0.808825016 -0.675596714 -0.73697418 -0.792862058 -0.869642794
0.733471513 0.532272458 0.32682234 0.953257978 1.00099659 0.924600959 -0.782260418 -0.720616102
-0.676597118 -0.860212445 0.941583335 0.67400074 0.72082305 0.696826756 -0.668774664 -0.939889431
-0.980851173 -0.596699834 -0.573293149 -0.702322662 -0.888259292 -0.772189558 -0.657243788 -0.66650176
-0.729832292 -0.591845989 -0.657838702 -0.803412259 -0.728595972 -0.527064323 0.627888918 0.631950855
0.809602559 0.794124186 -0.552684307 -0.829036951 0.754567862 0.700511754 -0.668896377 -0.882606268
-0.774732649 -0.753070056 -0.798121095 -0.81540519 -0.668769419 -0.575997293 0.601769984 0.640104771
0.634048045 0.76873827 -0.84359324 -0.243713975 -0.870612562 -0.805528462 -0.614885688 -0.819828093
-0.748062491 -0.567393184 0.605571926 0.696383536 -0.652548075 -0.800306201 0.668350518 0.760113001
-0.770345867 -0.615206718 -0.821323693 -0.649231732 0.689463079 0.84477663 0.630182445 0.777052045
-0.702417612 -0.764015496 0.726319313 0.692700744 -0.86380434 -1.00780714 0.824776113 0.78581512
-0.758655131 -0.865536809 0.67240262 1.06356406 -0.626580358 -0.85009855 -0.836756825 -0.831603765
-0.792671442 -0.700016558 0.576694965 0.595871031 0.684786499 0.929314613 -0.77837038 -0.807472229
-0.84182924 -0.808555722 0.730276465 0.682127833 -0.764162779 -0.775928974 -0.475172669 -0.751198292
0.937181175 0.756427109 -0.684454739 -0.731193244 -0.743910551 -0.619541407 -0.756097257 -0.62357825
-0.859957576 -0.685427606 0.848426104 0.773937583 0.748572588 0.772557259 -0.76315856 -0.389542699
0.794546127 0.495945483 -0.894411206 -0.5816046 0.832334936 0.822556198 0.74336803 0.856683493
0.70636481 0.748669147 -0.840457797 -0.785477519 0.798967004 0.792024672 0.666553855 0.723630905
0.757030785 0.957008421 0.805848897 0.810915887 -0.708442509 -0.544735074 0.801153839 0.802686691
-0.935317636 -0.859558046 -0.835029125 -0.603362203 -1.03383446 -0.77627629 0.692373216 0.540286064
0.452219069 0.760858417 0.657514811 0.572419047 0.853371859 0.66186142 -0.735855043 -0.633985579
0.681584835 0.722212076 0.841472864 0.854149938 0.811390817 0.622476578 0.49742645 0.86425209
-0.49279505 -0.763401747 0.648794532 0.800510228 -0.708190739 -0.829374433 0.645161152 0.81029135
-0.766087353 -0.697353065 -0.735033631 -0.726426005 -0.746590197 -0.767341018 0.949400842 0.68020606
0.976745963 0.826887369 0.705691874 0.800201535 0.862943053 0.65410459 -0.787841558 -0.642952561
-0.571547389 -0.674110591 0.881460726 0.724845588 -0.698314011 -0.722340405 0.900388956 0.68039906
-0.516253769 -0.893516243 -0.698939979 -0.695985138 0.914252996 0.831275105 0.596245348 0.947580516
0.768133461 0.756971776 0.654761195 0.939417243 0.723267436 0.619531572 -0.711457372 -0.787570477
-0.774590969 -0.704920828 -0.718361795 -0.734021366 -0.712766051 -0.704528332 0.84977293 0.704405189
0.801684082 0.669165194 -0.75241679 -0.700723052 0.767673671 0.575370133 0.702793777 0.714625418
0.644792795 0.682320833 0.75255996 0.81600064 -0.617137074 -0.681654453 0.781133413 0.519486129
-0.803675175 -0.450464517 0.688890874 0.610381842 0.723514974 0.667445779 -0.771337748 -0.878477335
0.724767983 0.69328326 0.754763246 0.822472572 0.631438673 0.793055832 -0.722237051 -0.601852536
0.719437003 0.705413342 -0.837549806 -0.786256731 -0.765914023 -0.715945542 -0.551031888 -0.766821504
0.892442942 0.66789484 0.839755833 0.76654315 0.595059752 0.86053133 0.835042 0.769078016
0.674116135 0.613495886 -0.811561167 -0.881832302 -0.825796187 -0.808151662 -0.544962764 -0.728551149
0.783085644 0.689039767 0.733314753 0.667473614 -0.611533165 -0.681556582 -0.742868364 -0.731445432
0.686291039 0.649897575 -0.779250026 -0.63145858 -0.699136913 -0.641941786 0.734166324 0.532796979
-0.837509036 -0.673534274 0.683585644 0.813728869 0.783184052 0.90792048 -0.656853139 -0.784317791
0.896065295 0.712731421 -0.681652665 -1.04130983 0.575384498 0.749735415 -0.502147377 -0.429348916
-0.794197857 -0.747870862 0.786986351 0.772564948 0.707737207 0.717049003 -0.602782249 -0.679732144
-0.982814312 -0.610960126 0.660261393 0.474101126 -0.585473061 -0.461053461 0.763519228 0.902958632
0.825377524 0.92590481 -0.536803484 -0.943156123 -0.907265067 -0.734368086 -0.721373916 -0.718454957
0.831378162 0.844144464 -0.699503303 -0.622868657 -0.684832871 -0.554685712 0.690842569 0.745463192
0.621586204 -0.88815248 -0.989703536 0.511487365 -0.80026859 0.67329073 -0.666691899 0.610764265
-0.915098786 0.711910248 -0.667999625 0.553307712 -0.840022504 0.899383008 -0.734994769 0.693578184
-0.629021525 0.712624133 -1.0931083 0.885451257 0.734689653 -0.783522904 0.747947037 -0.908611357
-0.702384055 0.741179287 0.718214214 -0.744561791 -0.774603069 0.844857633 0.708564222 -0.922900915
0.746173501 -0.665037751 -0.580613196 0.555136442 0.758094847 -0.965556324 -0.864732385 0.750150561
-0.829414606 0.688327849 -0.832523584 0.811658204 0.843959332 -0.721002817 -0.626984656 0.842703342
-0.896114051 0.659322441 -0.682883978 0.699435174 -0.606712699 0.563482046 -0.681183577 0.626174808
-0.648097873 0.803195596 -0.684191346 0.63180846 -0.605650127 0.88855648 0.719257653 -0.734493315
0.884645462 -0.818279266 0.541950762 -0.819424272 0.864981532 -0.735545576 -0.825015664 0.752939343
0.685522258 -0.836225927 -0.799776018 0.751263678 0.873804331 -0.807664514 -0.977123976 0.81171149
0.713236034 -0.762784839 -0.925396085 0.781909764 0.79607141 -0.70727706 0.675199568 -0.824643254
0.642292142 -0.782474518 1.05952239 -0.859322548 0.743076861 -0.793577909 0.953362346 -0.784304321
-0.735932887 -0.557006299 0.5574103 0.668253303 1.07158577 0.909586072 0.985771298 0.588858068
0.717590213 0.948063076 0.692772627 0.715561271 0.850252628 0.618006289 -0.897204518 -0.759620547
-0.737194657 -0.771239161 0.759251654 0.744644642 -0.435183644 -0.666044891 -0.718969762 -0.747828841
-0.697764158 -0.644126058 -0.831900477 -0.607277632 -0.704773247 -0.627945423 -0.684406459 -0.531271815
0.703215301 0.539352179 0.656879902 0.70447427 -0.737370551 -0.948521793 -0.772482634 -0.584955871
-0.716031313 -0.572346628 -0.818749487 -0.966495574 -0.847060561 -0.582143426 -0.687621653 -0.748524189
0.622599602 0.727245927 -0.893331885 -0.777816713 -0.865942895 -0.628648221 -0.731444716 -0.694287002
-0.75388521 -0.969814718 -0.595954657 -0.650579691 -0.858246326 -0.719111025 -0.733089685 -0.624601901
0.72010988 0.715583384 -0.676489651 -0.975088596 -0.73783046 -0.817777991 -0.849123716 -0.725973725
-0.698975444 -0.942424119 0.80957669 0.80304724 0.706269443 0.632009268 0.685135365 0.710285842
0.735187054 0.857209027 0.69548279 0.948125124 0.702035904 0.678420365 -0.808959484 -0.565192044
0.599790096 0.679006338 0.77487278 0.834012032 0.831924498 1.02925563 -0.744502127 -0.623080194
-0.944483936 0.84039396 -0.827124059 0.71418649 -0.810526609 0.759849072 0.770249188 -0.692014813
0.778241754 -0.80328095 -1.00122452 0.59124589 0.813920021 -0.833660126 0.855199218 -0.664513707
-0.752802134 0.768258989 -0.706167877 0.875620604 0.638656676 -0.799263239 0.716420829 -0.720004559
0.990969241 -0.829692721 0.754475772 -0.732462347 -0.661651492 0.648231506 -0.712320209 0.843688369
0.701419175 -0.680684268 -0.855688095 0.657114923 0.650355816 -0.722262859 0.703871846 -0.723313868
0.770255864 -0.695402443 0.86102587 -0.800931692 0.587393105 -0.826949775 0.879737258 -0.780180812
0.770350456 -0.965662003 0.769297123 -0.344973177 0.705489457 -0.675617576 0.551157892 -0.908110082
-0.74322772 0.852310956 -0.714316845 0.7938025 -0.896413565 0.711057782 0.863054395 -0.745184243
-0.671295285 0.76342845 0.413609445 -0.858046651 -0.779117644 0.63779217 -0.702560604 0.703875363
0.661055028 -0.571545064 -0.987465501 0.682901859 0.671451569 -0.852603734 0.605245292 -0.739291668
-0.844271183 0.986332238 -0.66227001 0.855775952 0.70247072 -0.627694488 0.746774375 -0.651729643
0.935819507 -0.918572307 -0.65899092 0.659692168 0.721192479 -0.556996584 0.804917514 -0.77970916
-0.681881666 -0.811075091 0.778812826 0.87091279 -0.874762714 -0.715331435 0.923158288 0.723885715
-0.684325218 -1.03381705 -0.837331057 -0.817649901 0.569586694 0.818256855 -0.764370382 -0.686853528
0.960668087 0.735931873 0.718124747 0.699317515 0.718038797 0.62410289 0.545051157 0.735699654
-0.53867346 -0.912019968 0.719555795 0.85885644 -0.82658118 -0.573343217 -0.862442791 -0.752506971
0.847019792 0.587888122 0.850788176 0.9487499 0.552289963 0.597877026 -0.837343693 -0.942964911
0.839200854 0.785442352 -0.530401409 -0.646098614 0.766227722 0.721430719 -0.719245017 -0.734513223
0.610879838 0.850040257 0.722024858 0.651841938 0.673707545 0.75515306 -0.700186372 -0.676326573
0.836208701 0.734481096 0.897491992 0.753638387 -0.941592574 -0.785741806 -0.814532638 -0.809250176
0.887363613 0.838597476 -0.518519223 -0.725387812 0.774186373 0.602989554 0.720840394 0.486528188
0.690582812 0.779009223 0.866116881 0.796907663 -0.634163857 -0.822550952 -0.677574277 -0.841710865
0.618715048 0.667039514 0.864372849 0.677210033 0.775986493 0.655817509 0.853890717 0.899211228
-0.58724457 -0.786065221 -0.655921936 -0.672791779 -0.745235145 -0.647098541 0.794367492 0.862729549
-0.683255494 0.895533681 0.609047174 -0.707050264 0.790765464 -0.714436948 0.604918301 -0.890196085
1.0183785 -0.897078514 0.640832365 -0.553091407 -0.942232907 0.768526137 -0.543904662 0.717781782
-0.757357001 0.977374136 0.856444955 -0.937071085 1.02858973 -0.867506683 0.592466354 -0.700224161
-0.757150948 0.659035146 0.746400118 -0.981894672 0.778444767 -0.721998513 -0.806044221 0.695303917
0.68450433 -0.817891479 0.770729721 -0.803882122 0.733438253 -0.867280483 0.842168987 -0.698731363
-0.709643662 0.917355657 0.815103114 -0.746317267 -0.591518521 0.624525428 0.738570869 -0.837324977
0.723357916 -0.710120559 0.905174732 -0.60565418 -0.59706229 0.931229413 0.696361423 -0.645652652
-0.912832141 0.840144873 -0.903971553 0.558500469 -0.661192536 0.670881331 0.580402195 -0.834538579
0.750720143 -0.762181282 0.689013064 -0.951180398 -0.911434412 0.823064387 -0.595980287 0.795313895
0.601627946 -0.941969693 -0.616409421 0.950409889 0.830292523 -0.736725092 0.61755681 -0.770823896
0.550537944 -0.67794615 0.665747702 -0.753630579 0.740505517 -0.791990519 -0.740286291 0.843544185
-0.751226664 0.922724247 -0.731575131 0.770141542 0.692371547 -0.634653926 0.778582931 -0.778036714
-0.904460311 0.964277744 -0.809416831 0.626600146 -0.803884327 0.534254849 -0.659359932 1.12950099
-0.739461839 0.68852973 0.63314563 -0.872480392 -0.683381796 0.699045241 -0.777422667 0.523056567
0.76592195 -0.796404004 0.491945177 -0.99039036 0.735879302 -0.817914665 0.769773841 -1.05743194
0.853928983 -0.746770799 0.725525558 -0.608194113 -0.713659644 0.87185818 -0.8613078 0.746155322
-0.906302392 0.867653012 -0.588968039 0.860396862 -0.842003703 0.762701035 -0.733407974 0.944860399
-0.76498121 0.750798047 -0.6558097 0.559835494 0.614359617 -0.735631704 -0.695125461 0.893787324
0.632142901 -0.802545011 0.732785046 -0.721134543 -0.739310145 0.50535816 -0.696593285 0.756903768
-0.785406232 0.633503556 -0.732732356 0.850830734 -0.779358566 0.902077913 -0.685117364 0.826297581
0.741826415 -0.669447839 0.657059491 -0.872332931 0.867430568 -0.709112406 -0.64375478 0.603360593
0.639069855 -0.723175943 0.994101048 -0.478380263 -0.769880891 0.842705667 -0.609746695 0.642120481
-0.864666462 0.666141152 -0.744682789 0.813490987 0.89201349 -0.697046816 -0.750560641 0.666937649
-0.606502235 0.778686404 0.62445569 -0.799636483 0.796947956 -0.688702285 0.687805414 -0.505704522
0.823635876 0.743915439 0.704330087 0.803696275 -0.839461565 -0.731858313 -0.924495876 -0.917187035
-0.774253845 -0.786951005 0.773303509 0.752156675 -0.876516581 -0.925376058 0.871871293 0.98561132
-0.617098093 -0.63241446 -0.743060589 -0.538459182 0.564003587 0.571284294 0.838408709 0.614964843
-0.776386976 -0.801452219 0.734335959 0.837589622 0.912328005 0.490990341 0.678314745 0.919913292
0.778250217 0.799760997 0.847239852 0.889617205 0.834009886 0.533884645 -0.487643421 -0.61440444
-0.86109364 -0.85176599 -0.810600758 -0.737562835 -0.829536319 -0.621341467 -0.816198647 -0.776675105
-0.673868477 -0.872400999 0.792785823 0.810593188 -0.860083163 -0.854120374 0.767211795 0.627776742
-0.653537929 -0.827086031 -0.845724404 -0.661810338 -1.0229969 -0.711890459 0.702887654 0.808241546
-0.706445098 -0.866791248 -0.790317059 -0.907546639 -0.653999269 -0.487870276 -0.579454541 -0.503880203
-0.780528426 -0.663845122 -0.769890964 -0.758836508 0.67337358 0.924402118 -0.411719859 -0.748055816
0.683761716 0.488957822 0.811971307 0.942713439 0.748014092 0.735595226 -0.56241256 -0.775341868
-0.778888106 -0.700558543 -0.816356659 -0.599641442 0.704589128 0.7937814 -0.535192251 -0.775049031
0.750561953 0.639534056 0.86482352 0.963475823 0.877944589 0.841553688 0.813211262 0.933497429
-0.809395373 -0.797124267 -0.771138608 -0.912303984 0.790713549 0.806851745 0.94195199 0.473490477
0.835362971 0.862595022 0.643338382 0.715314448 -0.816554487 -0.725887835 -0.929110169 -0.923297882
-0.869399965 -0.667442203 -0.84366858 -0.679629862 0.745188415 0.715753853 0.580694675 0.854355752
-0.723104596 -0.932605267 -0.880664825 -0.741242766 -0.698361814 -0.723289907 0.743450761 0.938874483
-0.804192781 -0.683955312 0.71122849 0.859194756 0.677568138 0.869460344 0.791311741 0.958804905
-0.639342546 -0.658843696 0.623005033 0.567322075 0.786624491 0.891335964 0.897526324 0.899578691
-0.677561224 -0.627095222 0.720116317 0.575804412 -0.798376203 -0.806710899 0.834302366 0.566680789
0.687918663 0.779289842 0.748073876 0.667931139 0.586185157 0.808385968 -0.887540698 -0.530385137
-0.824595571 -0.666033983 0.766053617 0.795765877 -0.606028914 -0.731916666 -0.904870391 -0.650860071
0.719506562 0.71183598 0.67117393 0.666544795 0.833155036 0.852689922 0.565669477 0.698590994
-0.734758973 -0.659159541 -0.810650706 -0.7300179 -0.720756531 -0.751240671 0.739582121 0.693651795
0.923881292 -0.845229685 0.889666319 -0.821023047 0.840811253 -0.710215747 0.618375659 -0.79082787
-0.794198632 0.64769578 0.743399322 -0.971217096 0.695303619 -0.725228429 0.598711967 -0.733894587
0.609391332 -0.491509974 -0.650712132 0.709873855 -0.757641912 0.719913304 0.847296357 -0.672902286
0.899894238 -0.660890043 -0.758851707 0.857748747 0.688295305 -0.573930681 0.610574961 -0.735748947
0.760714114 -0.903089762 -0.806707501 0.75755924 -0.596991658 0.678036809 0.70371604 -0.597939014
-0.669040918 0.566303313 -0.969711065 0.668199897 0.897973061 -0.611931384 0.772105157 -0.867321372
0.974073887 -0.902044535 0.94407624 -0.652074695 0.554250121 -0.562806726 0.858342528 -0.901188016
-0.747470558 0.72199446 0.648274839 -0.940860748 0.744212627 -0.676052094 0.58128649 -0.745313644
-0.88877666 0.595346093 0.801294327 -0.828026831 0.574436665 -0.833873868 0.686410785 -0.731971681
-0.561301112 0.97869736 0.765590489 -0.677548349 -0.884322762 0.839071512 -0.924326003 0.781036437
0.996388316 -1.03068209 -0.999484777 0.671966732 -0.665562749 0.728775382 0.768592894 -0.905195713
-0.804150224 0.707818806 -0.80911541 0.584515572 -0.840179741 0.782102883 0.789400876 -0.983582079
0.771947205 0.770556211 -0.792913079 -0.642225742 -0.677668154 -0.775189102 -0.724312007 -0.670411646
-0.794510126 -1.0989213 -0.651260555 -0.785402775 -0.877960563 -0.908616543 0.804420531 0.608671069
-0.741112232 -0.635845125 0.977797985 0.906920791 0.682053685 0.788640141 0.857708335 0.694542468
-0.681767404 -0.629784405 -0.699128032 -0.865412712 -0.774566114 -0.768525541 -0.587513506 -0.829096854
0.811729252 1.00777483 0.678938091 0.875384808 -1.02620053 -0.785547078 -0.785904765 -0.814773977
-0.482907504 -0.843868077 -0.692525327 -0.914040446 -0.822652161 -0.701059043 0.745834589 0.844091773
0.729197145 0.83745414 0.786690474 0.830152988 0.736804605 0.54842186 -1.06341338 -1.14160597
0.737619221 0.614299238 0.529715419 0.917812228 -0.764232337 -0.934551597 -0.916628718 -0.723047435
0.850077748 0.820696354 0.784482539 0.893891156 0.648010552 0.724930942 -0.687448561 -0.657301009
-0.655440569 -0.745874345 0.765300214 0.61069262 0.618590355 0.714664876 -0.670025408 -0.733374894
0.72284168 0.600373328 -0.832515299 -0.877065957 -0.857362628 -0.658006728 0.904917717 0.871492863
-0.698308587 -0.775614023 -0.782206833 -0.859325826 -0.659027457 -0.694892049 0.731309474 0.596895695
-0.805076778 -0.730114102 0.905299604 0.743546903 0.776217878 0.766590536 0.723176479 0.658210099
0.908840299 1.08238983 -0.689660013 -0.789577603 -0.660034895 -0.749245346 0.655958295 0.854143739
-0.838261366 -0.792333961 0.929534137 0.803913176 -0.767469764 -0.768432736 -0.827604234 -0.685534298
0.722708285 1.03013873 -0.569641232 -0.672245324 0.670863569 0.742230415 0.755599439 0.859127998
0.68046999 0.67628777 0.866467237 0.723959446 0.673879325 0.707555532 -0.738172174 -0.9479388
-0.892040253 -0.924038827 0.552528322 0.987940133 0.669514835 0.68829304 0.772944272 0.708100855
-0.851181567 -0.836400509 -0.882779241 -0.86685729 -0.658776045 -1.03730893 0.893510818 0.589024425
0.835096121 0.817481816 -0.847214699 -0.891963363 -0.803100765 -1.01297021 -0.731082141 -0.645605087
-0.767978251 -0.82149446 0.704117179 0.8237589 0.730120897 0.930922389 0.974189758 0.74520874
0.582823157 0.798069656 -0.734267712 -0.752013206 0.564530253 0.810113668 -0.681334019 -0.752997577
0.707934797 0.777481675 0.702924609 0.636383891 -0.537719011 -0.626122355 -0.557203293 -0.908473253
-0.591480494 -0.759003699 -0.674970984 -0.782371521 -0.766331375 -0.879435897 -0.8108356 -0.589908123
-0.817757905 -0.841776073 -0.689918578 -0.799626291 0.632394314 0.584459901 -0.585409224 -0.507177591
-0.722160578 -0.794953346 -0.899000168 -0.766162634 0.674924254 0.566695154 -0.685484231 -0.744055867
-0.627170682 -0.643686771 0.874137282 0.64227134 0.517681301 0.754096329 0.617491245 1.09513259
-0.816879988 -0.740965843 -0.78720367 -0.685489953 0.879902959 0.760625124 -0.655556858 -0.875246584
0.704713702 0.961735487 0.940994978 0.834169805 -0.666316271 -0.617665768 0.754665315 0.933643818
-0.851086915 -0.885348737 0.602153599 0.698175013 -0.773104846 -0.628842771 0.535823047 0.688638866
0.769086242 0.769876838 -0.635297179 -0.662209153 0.687769055 0.644363701 -0.775073946 -0.636205018
-0.747205138 -0.77876097 0.767350614 0.471219242 0.993279338 0.875292301 -0.675569117 -0.721905768
0.573663771 0.761143863 -1.11639643 -0.795883179 -0.852059066 -0.769440293 -0.81337589 -0.853108227
-0.608145356 -0.526627541 -0.749759197 -0.633439541 -0.684178531 -0.661104083 0.844663262 0.811033249
0.605101407 0.9099527 0.623255849 0.694689572 -0.830045283 -0.843332827 0.769340515 0.74731046
-0.617999434 -0.75477761 -0.382804483 -0.762153506 -0.61878407 -0.558959246 -0.805627704 -0.957051039
-0.795694649 0.710794806 -0.977540374 0.652485132 -0.746219635 0.565125465 -0.938780427 0.71815747
-0.921416163 0.789297223 -0.664495945 0.810800731 0.931354403 -0.950504482 -0.648502946 0.725184858
-0.898181796 0.69528842 -0.710595131 0.861603498 0.718081653 -0.683520734 0.797724009 -0.851603866
-0.878641784 0.90083003 -0.977826416 0.74161911 -0.821651638 0.702105582 0.727135539 -0.972160816
0.882787228 -0.772616267 0.633147597 -0.7941764 0.696118236 -0.653917015 0.768990874 -0.871926963
0.752230287 -0.681324422 0.866035581 -0.752633631 0.684628904 -0.71920985 0.839815378 -0.736101985
-0.709070444 0.817990303 0.971557796 -0.654313326 -0.758310616 0.753485858 -0.810059667 0.750557065
1.16657877 -0.986026168 0.87123996 -0.867597222 0.803151608 -0.778766334 0.860840857 -0.768312335
-0.946991444 0.826353431 0.885710478 -0.712826371 -0.749571323 0.754586577 -0.612385809 0.842768967
-0.660847247 0.678214312 0.543718338 -0.920523047 -0.73925817 0.908284664 -0.786296129 0.571527839
-0.702865005 0.862356365 -0.697329223 0.878617525 0.765088797 -0.67421788 -0.604928613 0.821237504
0.674223244 -0.760811806 -0.700085759 0.759391487 -0.988025486 0.482049257 -0.837927938 0.804930449
0.836798012 -0.827245295 0.750397146 -0.709568262 -0.834529281 0.652124524 -0.733484924 0.757906854
0.831133962 -0.713184476 0.95299983 -0.66826427 -0.764009714 0.731169105 0.591145337 -0.754769385
-0.819691181 0.867739022 -0.814797997 0.875222862 -0.788492203 0.735711217 -0.636868477 0.703009665
-0.727844059 0.748233378 0.691837668 -0.568838179 0.800395548 -0.706319749 0.730063736 -0.733795702
-0.879573047 0.676451147 0.647266269 -0.745737255 0.98302108 -0.627883732 -0.842757642 0.736458004
-0.803036094 0.922082782 -0.570292056 0.741654217 -0.759585977 0.716777503 -0.783422351 0.559355736
-0.853261828 0.950280368 0.739558935 -0.81482774 -0.67525363 0.855825722 -0.832731962 0.92016983
0.498716503 -0.757974625 -0.658137739 0.85844028 0.601066113 -0.827005923 -0.726839781 0.623843372
-0.933081627 0.75012511 -0.629837394 0.925539196 -0.763027847 0.789567888 0.887666285 -0.671863317
-0.806680977 0.846622705 -1.0176177 0.96018523 -0.547877908 0.708824337 -0.937397599 0.791529119
-0.715492904 0.805850685 -0.918483138 0.900464833 -0.626379311 0.802229404 -0.835947871 0.693487942
0.800195515 -0.600864172 -0.621594906 0.775186002 -0.744923115 0.713059247 1.10445595 -0.922749877
0.749141991 0.611379623 0.694608092 0.797205746 0.612633407 0.708545208 -0.985955417 -0.890322626
0.944371641 0.777176738 0.802641332 0.724220157 -0.61305809 -0.797594309 0.555196047 0.806191742
0.705655038 0.820914567 0.625409782 0.713042796 -0.848230243 -0.463471174 0.822703958 0.814372659
0.740611613 0.697968006 0.837365627 0.892651975 -0.8170228 -0.672210634 0.815390348 0.63708353
-0.69578898 -0.554607689 0.896651924 0.782999992 0.671894848 0.72563827 0.748840272 0.773304164
-0.740289688 -0.760144949 0.801779151 0.666004241 -0.793043494 -0.459618837 0.833097756 0.727979064
0.87817961 0.688856363 0.784853876 0.681850672 -0.598698676 -0.957172513 -0.924182057 -0.723592758
0.84403652 0.863958299 0.889668345 0.768734574 0.773759604 0.999969184 0.933595538 0.76597172
0.518744111 0.90035671 -0.786994815 -0.886577845 -0.905562639 -0.932857275 0.686103165 0.506216645
0.849238336 0.858521461 0.545179546 0.642910659 -0.908063173 -0.824628949 -0.709465086 -0.770944715
0.794054627 0.557062626 -0.511982322 -0.829429746 0.868633032 0.956890464 0.929855108 0.886207283
-0.970784128 -0.748941004 -0.754615963 -0.886270046 -0.759077072 -0.483737707 -0.543395817 -0.648618281
-0.813352704 -0.74120003 0.597774029 0.806831598 -0.928516269 -0.849316597 -0.673810124 -0.587524652
0.741529644 0.535321891 0.683694661 0.868832767 -0.629034877 -0.735574543 0.655515075 0.634988546
0.718424201 0.535036981 -0.806156158 -0.47486946 -0.652016759 -0.909263253 0.769428849 0.966696918
0.798695803 0.646550119 -0.856371701 -0.610017538 0.661058009 0.662897408 0.627705753 0.791409791
0.610979438 0.845171809 0.652183771 0.653058529 0.600889683 0.779212058 1.04824901 0.991090238
-0.939079523 -0.645532906 -0.62716347 -0.890284896 -0.708428323 -0.466059297 0.843480468 0.853169382
0.645941436 0.646742404 0.724984825 0.777536809 0.684275448 0.824976027 0.71574825 0.818261147
0.783907056 0.624205828 -0.743444502 -0.738580227 0.706494808 0.863560259 0.797481418 0.923546731
0.595778704 0.686327755 -0.723400056 -0.74737972 1.08526111 0.679342866 -0.998436511 -0.701127708
-0.735782623 -0.619726777 0.57941407 0.77393353 -0.488364071 -0.713470936 -0.777740419 -0.799146771
0.757914186 0.771901667 0.567762434 0.604598463 0.751034081 0.732567012 0.761959851 0.751442075
0.871767819 0.856948912 -0.521844447 -0.713057995 -0.755526662 -0.801556468 0.763356984 0.642406344
-0.729505241 -0.669457734 -0.88022244 -0.80771625 0.731081963 0.681539237 0.591265321 0.867972374
0.828567803 0.777577758 -0.568025351 -0.748108983 -0.666276097 -0.775982082 -0.673934996 -0.867163181
0.727664053 0.678704858 0.592032194 0.636208773 -0.776964843 -0.7329427 -0.904551268 -0.597608149
0.888476372 0.58256197 0.709789217 0.818827033 -0.764980733 -0.660057604 -0.658601582 -0.946847498
-0.817288041 -0.647772372 0.618811846 0.704382658 -0.691705644 -0.820453882 -0.882600069 -0.866301894
-0.795340538 -0.54669857 -0.705252945 -1.00206876 -0.85270232 -0.817052364 0.624258339 0.79746598
0.665461481 0.79353708 0.790850997 0.740856051 -0.836841941 -0.688611865 -0.670535207 -0.686604321
-0.759289443 -0.94199276 -0.886860132 -0.794926107 0.670467317 0.707052469 -0.689753473 -0.817945957
0.938955307 0.988595843 0.762756824 0.868120432 0.61039561 0.704143882 0.79127115 1.01981878
-0.680916369 -0.638060212 0.842046797 0.759933114 -0.827934027 -0.662892282 0.942654371 0.761852503
0.615207911 0.58309865 0.924849749 0.696870446 -0.76040113 -0.977276206 0.910495758 0.584391356
-0.755948186 -0.96811837 0.294479251 0.69110769 0.894665837 0.900435328 0.681466877 0.732564807
0.774769187 -0.632593393 0.618680716 -0.816030681 -0.904967368 0.826142609 0.936633468 -0.630422771
0.720626891 -0.76990521 0.750229836 -0.92837739 -0.554071605 0.805931449 0.772731483 -0.796161652
-0.812093616 0.983484805 -0.963007331 0.71582514 0.432388932 -0.792850137 0.794131994 -0.52256155
-0.511055946 0.586544275 -0.776562035 1.0094682 -0.753492355 0.820702076 -0.696802974 0.832703233
-0.720700383 0.882426202 0.73466903 -0.661245167 -0.806482017 0.556992412 -0.816255689 0.746001124
-0.715541482 0.772338748 -0.918773413 0.786312819 -0.876824498 0.75845778 -0.668049574 0.799002945
-0.875968218 0.640771091 -0.724082053 0.837877154 -0.69598335 0.930653512 -0.924312711 0.572382808
-0.687589943 0.858069837 -0.719228506 0.644822717 0.947104275 -0.773221016 -0.878584206 0.77467984
0.661475182 -0.733337522 -0.819626987 0.707472503 -0.816475689 0.88750416 -0.716708302 0.907548785
0.784007192 -0.713890254 -0.805537045 0.478794247 -0.649456143 0.592812777 -0.700284183 0.777290642
0.698463976 -0.975370288 -0.719596744 0.868188679 0.737812877 -0.74193567 0.493180811 -0.856723726
-0.710530579 0.751175225 0.573392749 -0.746289015 0.748324037 -0.86394769 0.916580021 -0.629502058
0.636491239 0.781503677 -0.814040542 -0.717854142 0.745147943 0.826919973 -0.672436476 -0.861946642
0.743803799 0.918575823 -0.831556439 -0.682913125 -0.882148802 -0.726270735 0.773634017 0.721364498
0.859753668 0.705769658 -0.801560819 -0.866690159 -0.816699803 -0.588215828 -0.753418028 -0.608043015
0.902858734 0.851206303 0.805653811 0.649101853 -0.729230702 -0.771248758 -0.904273987 -0.664831698
-0.854025126 -0.592274189 -0.919278741 -0.843080878 -0.940806806 -0.718631208 -0.584084749 -0.997281671
-0.801137984 -0.727158964 0.630832791 0.486778378 0.751890957 0.780804515 -0.515630543 -0.83900094
0.662910342 0.751597166 -0.688048482 -0.617146969 0.728765905 0.869566798 0.54832679 0.594709635
-0.605939686 -0.702400029 -0.775661111 -0.656595469 0.737296164 1.03347743 -0.948872328 -0.528833926
-0.703593075 -0.831135988 -0.683196902 -0.991534173 -0.644187331 -0.677620173 0.820542932 0.556061447
-0.721899211 -0.723462701 0.889494061 0.981934428 -0.904448569 -0.723332286 -0.742589056 -0.761940479
-0.980589449 -0.601464391 0.884114265 0.917667329 -0.684672832 -0.800953269 0.634273171 0.84022826
0.913685441 0.739920735 -0.796364725 -0.688224077 -0.635452569 -0.711946845 -0.744091809 -0.906068325
-0.876235366 -0.672627151 0.791349828 0.618663192 -0.782046914 -0.853698075 0.899272442 0.678743124
-0.977118731 -0.850995541 -0.676584721 -0.761275589 0.655826926 0.712524951 0.639341593 0.649636567
-0.726731539 -0.731264174 0.756668687 0.777375877 -0.836339295 -0.873236477 -0.62787807 -0.726350963
-0.802289844 -0.926846445 -0.775848389 -0.671304345 0.804225564 0.916492939 0.625652254 0.639982939
-0.631928623 -0.687906504 0.743276596 0.764807284 -0.606824636 -0.519104958 0.722049654 0.854375541
0.849941254 0.679326713 -0.739354432 -0.817817211 0.809129894 0.905383408 0.672971129 0.841526151
-0.609808505 -0.653436601 0.890646875 0.855295181 0.963976204 0.682255208 0.840449274 0.760052681
0.872276783 0.688658655 -0.953284204 -0.768887997 0.973796308 0.6369555 -0.767435789 -0.608844578
-0.830496609 -0.675375581 0.612184107 0.685431957 0.659858644 0.788487315 0.709097445 0.683404803
-0.738861263 -0.990530789 0.677930355 0.658038974 0.629253387 0.869487405 -0.867019057 -0.573399305
0.775755525 0.769274056 -0.846410394 -0.854252994 -0.862719238 -0.680333853 0.920152903 0.956906676
0.841837883 0.736991167 -0.748762071 -0.610451758 0.792905927 0.511899412 -0.876258612 -0.695141554
-0.642987549 0.820068538 0.666821599 -1.0039413 0.622980893 -0.853372574 0.917821527 -1.01197124
0.625675082 -0.985414028 -0.705751061 0.966780603 -0.727313697 0.853811979 0.776574016 -0.802658319
0.472416431 -0.719085097 0.705511391 -0.682465017 0.834535718 -0.68799597 0.720130742 -0.870010734
-0.749317348 0.824644446 0.804714501 -0.900074065 0.701704919 -0.749118447 -0.590919197 0.755861938
0.732782364 -0.824321628 0.790687799 -0.576647043 0.82040441 -0.664312184 0.766450882 -0.766489625
-1.02058852 0.816865146 0.729246974 -0.58363229 -0.870251715 0.594617844 0.800991952 -0.756690979
-0.759290397 0.729388654 0.697937071 -0.706508636 -0.688559473 0.828434348 0.656470895 -0.742147624
-0.978254795 0.737237394 0.791986465 -0.569677949 0.69156146 -0.607058346 -0.78091228 0.719901443
0.66483283 -1.00974107 0.850937426 -0.858574331 0.878876686 -0.829678118 0.966349542 -0.718751371
-0.79190439 0.819203556 -0.835741341 0.653645039 -1.12021089 0.837313414 -0.581394076 0.758031189
0.814256966 -0.644135594 -0.812635005 0.753365576 0.75746578 -0.670391321 0.635339856 -0.865679026
-0.707548916 0.676032424 0.710506022 -0.774904251 0.719205976 -0.687094212 -0.698378384 0.795327902
-0.926563561 -0.805957854 -0.773919106 -0.864664018 0.816041648 0.890991628 0.850551188 0.872581005
-0.587102592 -0.800675392 0.669589579 0.71634686 0.749108016 0.602871537 -0.854427397 -0.56921804
-0.698351681 -1.00469208 0.76320976 1.03401375 -0.634566963 -0.82195276 0.856105685 0.794616044
0.612428486 0.691466928 -1.03562593 -0.80376339 -0.63656956 -0.684968293 -0.652989984 -0.857003927
-0.967065036 -0.836162865 -0.804115891 -0.783969462 0.708525658 0.835337341 -0.932621479 -0.838960171
-0.903721035 -0.910386682 -0.854618669 -0.780508578 0.761493206 0.530771494 0.907380104 0.700201631
0.960900426 0.796255231 0.727004826 0.755082309 -0.707143545 -0.945244491 0.693439901 0.623260975
-0.639323831 -1.01937485 0.864243627 0.647945166 0.893969774 0.635413945 0.605438828 0.807447672
0.680935383 0.597632766 -0.803374648 -0.816138923 -0.795773447 -0.770336509 -0.780648589 -0.859098732
0.885963559 0.682441533 0.769097984 0.574130774 -0.739418447 -0.736946285 -0.654316485 -0.898690045
0.675840437 0.760481417 -0.815329969 -0.694857299 0.712315202 0.743837357 0.751426339 0.94838959
-0.785265982 -0.597134769 0.49893409 0.820994675 0.768104911 0.642650843 -0.752335072 -0.870223761
-0.681056857 0.588970065 0.559182465 -0.973154485 0.731180489 -0.763753891 0.463248968 -0.907136261
0.97907871 -0.764761925 -0.650263071 0.708375514 0.664310336 -0.745569408 -0.884422243 0.792133212
-0.658649921 0.591144085 -0.478727251 0.833097696 -0.633337259 0.930546582 0.794825613 -0.510552049
-0.837910175 0.945835769 0.489425153 -0.983642876 0.768554389 -0.695000648 -0.879964113 0.984170854
0.644517899 -0.736665785 -0.753581166 0.86103332 -0.740286946 0.657517195 0.794535279 -0.794512153
0.657951057 -0.66477102 -0.826014757 0.879083395 0.833450913 -0.662723243 0.969148278 -0.948637128
-0.77365309 0.49252516 1.01503217 -0.753469169 -0.671341062 0.661287367 0.784231722 -0.634420156
0.434910208 -0.860334456 -0.687756896 0.848258495 -0.69436872 0.655585408 0.81470865 -0.685711026
0.44022274 -0.677231371 0.915871382 -0.681452334 0.736009181 -0.798120856 0.624673665 -0.708834469
0.686106384 -0.436697811 0.800673068 -0.683384061 -0.852276027 0.588339984 -0.65213877 0.674992621
-0.614451885 0.819150209 -0.524518669 0.64794451 0.849188685 -0.594527483 -0.849717915 0.783608496
0.767123342 -0.636456251 -0.873081028 0.882413089 -0.912834525 0.726197124 0.673655808 -0.789740324
-0.845182121 0.750006378 -0.491068184 0.693207264 -0.818582952 0.875663757 -0.825140715 0.931567729
-0.750308752 0.86404103 -0.891685367 0.856413186 0.71701777 -0.80338639 0.702854156 -0.835831404
-0.664958954 0.670901 0.771099329 -0.658120751 -0.756400645 0.708660066 0.817672729 -0.590426683
0.8036502 -0.723710179 0.552293301 -0.949020326 0.665604115 -0.77881813 0.566624343 -0.896695495
0.61778146 -0.707148552 -0.865911484 0.724759758 -0.874478459 0.771261871 0.782361567 -1.00059032
0.814638972 -0.74500978 0.920431554 -0.66650486 -0.57750231 0.77216059 0.680413604 -0.62928611
-0.825689733 0.735511065 0.705214441 -0.628339887 0.6060642 -0.728535891 0.610791087 -0.664444923
0.708805025 -0.792746902 -0.830692291 0.577091098 -0.85892576 0.715860784 -0.834577143 0.84135741
-0.599419475 0.625323653 0.789859891 -0.663445771 0.657499731 -0.750156522 0.761135757 -0.800865352
0.801452518 -0.866146743 -0.730166733 0.781006753 0.724013746 -0.852536976 -0.763550699 0.716838241
0.887665868 -0.748720944 -0.840110183 0.820129514 -1.00504577 0.59933126 0.468735874 -0.653678596
0.847681999 -0.891423643 0.749883115 -0.816226244 0.69229275 -0.683682084 -0.936954558 0.726263523
-0.720976651 -0.522786021 -0.805539191 -0.635771334 -0.514633775 -0.663906395 -0.789889812 -0.523272395
0.738561451 0.831858337 0.669678211 0.707996488 -0.846572757 -0.486698449 -0.761621118 -0.786146879
0.568606973 0.812890112 0.763603389 0.630963266 0.712853551 0.665940225 -0.822849154 -0.887722075
0.757209957 0.660545886 0.69018662 0.693552017 0.836708128 0.81473875 0.628315151 0.681486845
0.864366055 0.838315129 -0.498860747 -0.804774284 0.923784673 0.652405143 -0.648117661 -0.997490823
-0.698745012 -0.512529135 0.640465498 0.808716238 0.709373236 0.925358534 -0.897603273 -0.739214599
-0.859607279 -0.731139481 0.77609843 0.56383568 0.740952909 0.801087677 0.724413037 0.765037715
-0.657393157 -0.922304869 0.548644125 0.945134878 0.816336691 0.71761018 0.918288231 0.572690725
0.782774329 0.622419417 0.836346745 0.875050485 0.697228432 0.661130965 0.81810832 0.994851232
0.841890812 0.535466492 -0.542547286 -0.969168305 0.544240713 0.655851543 0.851789534 0.903935313
0.637150288 0.7548002 -0.909802794 -0.666263759 -0.560702026 -0.576167464 -0.655311584 -0.970147908
0.829178631 0.833604932 0.606678426 0.921991169 0.528301001 0.760641575 -0.812869966 -0.549641907
-0.689451814 0.66745919 0.93698585 -0.819620132 0.704980373 -0.524942577 0.867616653 -0.592419624
0.729437768 -0.700163901 0.805297256 -0.923115253 -0.874018848 0.710962772 -0.626029313 0.722289503
-0.883634269 0.587837338 0.922340631 -0.737277806 0.781425953 -0.790434241 1.05243027 -0.89544338
-0.74380815 0.74507612 -0.689661801 0.666563988 -0.611718357 0.601826072 -0.726696312 0.532059968
-0.527847767 0.850050151 -0.813860238 0.911072731 -0.543087959 0.796032131 -0.923776388 0.818751097
-0.80411315 0.901575208 -0.830179691 0.638123214 -0.580643535 0.819766402 -0.681568027 0.72717154
-0.720071495 0.78566426 -0.63722223 0.877388656 -0.819694996 0.772150397 0.695849955 -0.923629224
0.688066065 -0.593321145 0.783635437 -0.671930432 -0.959567845 0.509746492 -0.499568641 0.595159769
-0.836644769 0.873041391 -0.582221866 0.767142653 0.669350386 -0.668157279 0.878550529 -0.702559769
0.665152967 -0.8255229 -0.770749807 0.687642395 0.734146357 -0.765708864 0.798208475 -0.876768231
0.810294688 -0.848994255 -0.725649476 0.73245734 -0.688604772 0.895025015 -1.0412364 0.770235062
-0.68237114 0.698231578 0.772657752 -0.697714508 0.805343926 -0.673515439 0.685275614 -0.433466792
-0.622961879 0.725908399 -0.66343677 0.757106602 -0.523483694 0.796978474 -0.974926353 0.937471271
-0.718866765 0.932655036 -0.824372053 0.724232912 -0.734814763 0.764748335 0.803371549 -0.721544266
0.716974258 -0.793192685 0.773477137 -0.808086991 0.765197933 -0.675622225 -0.827632308 0.713635623
-0.80729413 0.624611974 -0.768775225 0.612475753 -0.956468523 0.895262539 -0.849462688 0.547322631
0.783653319 -0.575740933 -0.826109588 0.614245892 0.751588762 -0.753681839 0.67277658 -0.649423599
0.696110666 -0.697215199 -0.689093947 0.664561868 -0.797009349 0.921130776 0.606783092 -0.782973945
-0.623414993 0.804533362 0.918881655 -0.526813567 -0.903844655 1.02215075 0.657356501 -0.720910668
0.786077321 -0.686692238 -0.671259165 1.02932286 0.956096172 -0.628263593 0.657899022 -0.692811966
0.685320258 -0.854008377 0.683190167 -0.756732345 -0.623464942 0.423442066 -0.937821984 0.85147965
0.630119801 -0.818830192 -0.812522352 0.687271595 -0.760028958 0.528421879 1.01799631 -0.944734216
0.751582921 -0.988007426 0.650948763 -0.866026759 -0.732478917 0.81885618 0.871015549 -0.752666473
-0.700539291 0.553082526 -0.781821966 0.728587866 0.952228546 -0.868525743 0.984497249 -0.618512452
-0.794543028 0.888427556 -0.968668103 0.876385927 -0.716053367 0.706742942 0.753090262 -0.547051072
0.760354042 -0.769602001 0.737480342 -0.69689399 0.663000703 -0.563781559 0.814553142 -0.862082541
-0.650521755 0.848680615 0.621284783 -0.720655024 -0.851859808 0.787297785 -0.642032325 0.674411654
0.616716444 -0.743030369 -0.979540288 0.610487223 -0.782967508 0.636844218 -0.554149508 0.710904598
0.629369199 -0.864234328 0.841981649 -0.749747753 -0.894876838 0.749751091 0.689502895 -0.934385061
-0.502699375 0.647441268 0.570873916 -0.78801167 -0.840505123 0.705876529 0.572986126 -0.910820603
-0.850247204 0.790040016 0.587361574 -0.707074344 -0.747042537 0.935960293 -0.572333574 0.707459986
0.761921704 -0.575782657 -0.79549998 0.716129959 0.79283452 -0.828993976 0.672278404 -0.704144418
0.506076157 -0.561739206 0.714554489 -0.666597366 -0.723513722 0.711249709 -0.927247286 0.734450281
-0.711046457 0.648378849 -0.507624745 0.538688064 0.663855016 -0.781650901 0.841207385 -0.738760114
-0.592969954 0.625723422 -0.736768007 0.533960938 -0.607311308 0.920290649 -0.721807897 0.726897895
-0.679530978 0.725397348 -0.806179106 0.772081733 -0.797826111 0.750370622 0.584613442 -0.748876572
0.73969847 0.865739942 0.751854181 0.660507858 0.78103143 0.657903969 -0.611952066 -0.765692115
0.606133461 0.759708047 0.816140771 0.695949256 -0.634094894 -0.662018478 -0.690910816 -0.723199964
-0.839657724 -0.605967879 0.739020109 0.468011528 -0.73914814 -0.686162472 -0.811358929 -0.68213439
0.651151419 0.666951776 0.640230775 0.975826859 0.699431777 0.781981111 0.727943122 0.751576543
0.703257203 0.910467863 0.717184961 0.660266459 0.794083595 0.706355035 -0.806267023 -0.932626724
-0.787780404 -0.913154483 0.949997008 0.541130364 0.985648096 0.708426654 0.599423826 0.842141747
-0.698651254 -1.05753899 -0.663958251 -0.766544282 0.605267525 0.652458012 0.469714463 0.728305519
-0.584426165 -0.737508476 1.00371659 0.663224757 0.809743643 0.833608806 -0.735449016 -0.73691988
-0.954562306 -0.633884728 -0.868166864 -0.806106091 0.815803349 0.639542222 0.892185211 0.859907627
0.700554132 0.846314251 0.715794921 0.900079131 -0.844683349 -0.507128477 -0.644555092 -0.508097947
0.765538037 0.664094329 0.82944417 0.679883063 0.618898749 0.687948167 -0.765301824 -0.699052155
0.785551786 0.682773471 0.845649362 0.63218677 -0.838750899 -0.736591756 0.630985558 0.69557488
0.550856948 0.625818431 0.551743627 0.861414075 -0.874830604 -0.711578429 -0.647105873 -0.957210779
-0.776384473 -0.655156553 -0.912026048 -0.745466053 0.968916535 0.576794803 -0.639872313 -0.869306445
-0.568998456 -0.80478406 0.60189712 0.738676131 -0.761702001 -0.623600185 0.892451167 0.587145805
0.63031733 0.66978693 -0.696360886 -0.720256865 -0.702112198 -0.748973846 -0.805594563 -0.911374688
-0.639952779 -0.932983935 0.713519752 0.878564775 0.865639985 0.817976475 0.926434994 0.991602898
-0.861980855 -0.725627363 -0.774543405 -0.808405161 -0.642808139 -0.713597775 -0.599888682 -0.845577538
-0.769913375 -0.745233893 0.719813108 0.867582262 -0.700824857 -0.756596684 0.784884036 0.841438234
-0.825547457 -0.710060239 -0.564686596 -0.655559659 0.937219918 0.556502998 -0.632519364 -0.936515093
-0.751258254 -0.637547314 -0.944832444 -0.761637509 0.984158397 0.823672175 -0.744306326 -0.706956804
0.799037814 0.779167712 -0.810527802 -0.807936549 0.946287155 0.669262767 -0.750099123 -0.615379333
-0.582662642 -0.647050321 -0.783819735 -0.602706909 -0.843616009 -0.687682092 0.853467703 0.685438693
-0.890689433 -0.779833019 -0.678071916 -0.588484764 -0.785671651 -0.852638125 -0.868999422 -0.680141151
0.829171777 0.741026163 0.643812299 0.94099617 -0.916771531 -0.896676123 0.920519948 0.808824003
0.748101771 0.83234942 0.624956369 0.577041864 0.85951072 0.79635793 -0.91301918 -0.700179219
0.47716257 0.726535797 0.637506485 0.650969982 -0.949919403 -0.811259568 0.867869616 0.465437561
0.707265139 0.840856671 -0.746625721 -0.731185198 0.719470203 0.82252723 0.819793642 0.739971995
-0.676304817 -0.798205137 0.828579009 0.766152978 0.78713131 0.61298573 0.627247989 0.679830492
0.738264024 0.88421607 -0.766058922 -0.890944958 -0.834070146 -0.690073073 -0.850674927 -0.72058779
-0.806930304 -0.59429872 -0.968219757 -0.661629796 0.539937139 0.81702292 0.802698493 0.631839037
-0.615352929 -0.627832532 0.774595737 0.951523542 0.873466969 0.47170189 0.86628288 0.667061865
-0.648630619 -0.841133237 0.794409156 0.645733237 -0.648550391 -0.587982118 -0.862030327 -0.640239775
-0.804602385 -0.614569187 1.05704641 0.708739519 -0.81904757 -0.806823194 -0.925069869 -0.755020916
1.02172446 0.690364718 -0.735662699 -0.982966661 0.887193918 0.65475595 -0.787451506 -0.782672584
0.779577732 0.674285531 -0.675748944 -0.641999066 -0.651649594 -0.838379264 -0.831947923 -0.638547063
-0.720553935 -0.908143818 0.565641522 0.645717442 0.605323553 0.810213566 -0.872715414 -0.778265834
-0.830244899 -0.865904987 -0.767558157 -0.890085816 -0.836779654 -0.847452521 0.659857988 0.944112241
0.593191922 0.646829367 0.869917989 0.689795375 0.917779684 0.572302938 0.920464218 0.787349045
-0.882247746 -0.99736166 0.516725898 0.877121091 -0.85766387 -0.74536252 -0.910277247 -0.801256597
0.655998409 0.926196158 -0.94066453 -0.648570836 -0.658263803 -0.598787427 -0.736567914 -0.796260834
-0.771883488 -0.909343123 -0.618779063 -0.841223955 -0.810992181 -0.730370998 -0.60731566 -0.746388912
0.833354652 0.799322903 0.734903216 0.722954571 0.725814104 0.839281559 0.709193051 0.61031574
-0.733472884 -0.871936262 -0.841149926 -0.794009864 0.853631854 0.702802539 -0.868362129 -0.577768385
0.726513505 0.90829885 0.936112463 0.731392264 -0.797847748 -0.882002831 -0.712309837 -0.842356145
-0.744548082 -0.975684404 -0.748838544 -0.552224874 0.544076681 0.788064241 -0.812467694 -0.673046112
0.886921525 0.611613035 0.48295033 0.650777042 -0.763320267 -0.740241826 -0.703165293 -0.668304503
-0.83747822 -0.884800494 -0.732999861 -0.669362187 1.1381079 0.856834948 0.983085752 0.717441201
0.696172416 0.669932425 0.725834012 0.382942975 0.692771852 0.671235561 -0.937422395 -0.805642545
0.636134624 0.820990205 0.804088712 0.720924795 -0.779476762 -0.747093678 0.624293089 0.739700198
-0.941951931 -0.670951188 -0.761193216 -0.905391157 -0.624311805 -0.780778825 -0.461032182 -0.882915735
-0.537068725 -0.599349916 0.716966867 0.709779382 -0.860289693 -0.687850833 0.762525618 0.793631196
0.743515372 0.693968534 0.895898938 1.02382636 0.555855453 0.378725529 0.59706068 0.611059844
0.757494092 0.759106874 0.867588222 0.775676727 0.762254298 0.596079051 -0.510764122 -0.750887752
-0.786565602 -0.670555234 -0.890518785 -0.842695057 -0.758311808 -0.780586839 0.902182281 0.856517017
-0.750670493 -0.722802281 0.769946873 0.630031943 -0.798677206 -0.75435704 -0.822769761 -0.902419686
-0.764049411 -0.803052604 -0.612527609 -0.863233864 0.865511775 0.652249038 0.74231416 0.920705497
-0.953629494 -1.03274393 0.881273031 0.826461494 -0.726034105 -0.701556683 -0.736754477 -0.751797974
0.797551095 0.608515024 -0.52962172 -0.704724789 0.743809342 0.766116917 -0.761563122 -0.619631708
0.914008975 0.665921926 0.719243526 0.964913011 0.850886583 0.702830672 -0.672301173 -0.826225698
0.814181745 0.707581282 -0.672085285 -0.773326933 0.855443776 0.720211327 0.870921731 0.731925666
-0.825150669 -0.760541081 0.695737064 0.867210805 0.563414097 0.681684375 0.853999019 0.646743715
0.544071436 0.778033495 -0.587991238 -0.61844641 0.634999216 0.844505072 -0.564565063 -0.674280643
0.894894361 0.676465273 -0.627150297 -0.766573131 -0.847505569 -0.683050811 -0.931194842 -0.891137004
-0.459914386 -0.866247058 -0.86588645 -0.664304793 -0.750683188 -0.653772771 -0.659635723 -0.853662252
0.86808151 0.8595016 0.914848089 0.670366108 0.566080153 0.788420856 -0.67400229 -0.791325927
0.732147932 0.796879232 -0.644193172 -0.830642939 -0.750279903 -0.639540434 0.614548922 0.757108629
0.480182827 0.702000976 -0.830549002 -0.666681945 1.00506389 0.70827049 -0.890897095 -0.725920618
0.569363534 0.885540426 0.536907792 0.853344321 0.665393174 0.741048336 0.653971434 0.683614612
-0.624582529 -0.71031183 0.767696619 0.930611491 0.821653306 0.833163202 0.626143336 0.840882361
-0.724066436 -0.747293055 -0.645036817 -0.961966157 0.585693419 0.730113685 0.824385345 0.843177557
-0.690273285 -0.778601468 -0.618568242 -0.659206569 -0.697039068 -0.675982594 0.779548526 0.666059613
0.641000628 -0.876326442 0.961607039 -0.856432915 0.512974322 -0.999977231 -0.654785216 0.681187451
0.675288439 -0.815287352 0.699487507 -0.593027234 0.90150094 -0.981530309 -0.778629303 0.80573386
-0.693054676 0.654117703 0.732283533 -0.352060258 -0.575078428 0.851590812 -0.779377878 0.703515589
0.800100446 -0.781577408 0.775937438 -0.706915557 -0.784069538 0.920129299 -0.637785852 0.74236089
1.03514445 -0.626974761 0.783603907 -0.732652068 -0.703848422 0.745571971 -0.568866789 0.601627946
-0.727177203 0.68619585 0.751645148 -0.731119692 0.649406075 -0.78069073 0.672136128 -0.743960559
0.922727227 -0.85462749 -0.75699693 0.836656451 -0.827349544 0.570308864 -0.65718925 0.743367136
0.948955774 -0.574392676 0.727944493 -1.04782104 -0.658256054 0.575279772 0.744759798 -0.691481173
-0.647215068 0.903072596 0.678748965 -0.604392409 -0.761131227 0.491292 0.750626922 -0.575508475
0.686513484 -0.565164328 -0.614551127 0.720491111 -0.759468496 0.765374422 -0.548789322 0.556967497
-0.722720325 0.74478513 0.809559703 -0.661878467 -0.753215134 0.886557043 -0.532780766 0.827505529
0.850181818 -0.939320683 -0.609182715 0.964413881 -0.732007563 0.822858691 0.747067869 -0.909621596
-0.734860957 0.723954797 -0.77032727 0.652461946 0.681139112 -0.888477445 0.620911062 -0.958510876
0.763689339 -0.76650089 0.842843115 -0.646191895 0.867788613 -0.505841553 -0.853371501 0.766102254
-0.902794302 0.621226788 0.925745845 -0.689822137 0.843765974 -0.932524025 0.659547508 -0.684904516
-0.73042798 0.699607909 0.701849699 -0.841338634 0.741312027 -0.621841192 0.613641322 -0.539429545
-0.747843921 0.64955914 0.949768662 -0.881417274 0.93225795 -0.713754892 -0.829869032 0.621061623
0.61895138 -0.547405303 0.559437156 -0.749302268 -0.775925756 0.810297906 0.651189029 -0.519324005
-0.622176647 0.770685554 0.89176333 -0.790140927 -0.560743332 0.592471302 -0.921177685 1.01973796
-0.846779346 0.641613364 0.586875439 -0.677378058 -0.844895542 0.632961869 -0.624746442 0.85588944
0.684673488 -0.721603274 0.817123055 -0.774471879 0.803548753 -0.834685564 0.978027582 -0.836167693
0.713826776 -0.74211967 -0.780909359 0.675847173 0.899480402 -0.74985069 0.745977759 -0.906411171
-1.01064515 0.651258588 0.784972668 -0.706240535 0.943251014 -0.694322467 0.75173831 -0.770223916
0.74293679 -0.874782503 -0.594838619 0.708107173 -0.842288494 0.650368035 -0.691815436 0.764590383
0.8172611 -0.541451097 0.751977801 -0.55000186 0.757520795 -0.748188674 -0.729876459 0.884623826
0.738812447 -0.580756724 -0.654647291 0.784447312 0.831275821 -0.916119218 -0.785366416 0.778100014
0.650699377 -0.74623996 -0.925465345 0.7288571 -0.537573516 0.725689948 -0.768351793 0.633161843
-0.74975127 0.701430678 0.797039688 -0.709752917 -0.824198604 0.424403936 -0.64205265 0.593210936
0.69192034 -0.748998106 -0.875266731 0.934043169 0.783762693 -0.807967186 -0.582877994 0.712179959
-0.760186315 0.607787073 -0.559417963 0.767256081 -0.504995286 0.817530692 0.795338333 -0.7506634
0.568822682 -0.960117042 -0.826784611 0.848100901 -0.896294713 0.879511595 -0.7671417 0.765534341
0.754630506 -0.906211197 0.816113472 -0.686174214 0.652733982 -0.742158055 -0.664938688 0.642561913
-0.768322945 0.816042721 0.95582211 -0.732202947 -0.80251056 0.748218238 0.839689016 -0.800051212
-0.734563231 0.911402881 -0.701038599 0.96658349 -0.782296836 0.770761609 0.698494792 -0.643433571
-0.649626493 0.716040969 0.81796217 -0.659824312 -0.714418411 0.58411324 0.640378654 -0.822189629
0.907445014 -1.07321179 -0.647763908 0.735439003 0.866156161 -0.530465305 0.800809443 -0.88113749
-0.652710557 -0.568359971 0.648975194 0.716050863 -0.751632988 -0.871819675 0.541092277 0.397200942
0.690987945 0.52965939 -0.763842225 -0.746675789 0.778903306 1.06669283 0.622640729 0.879708767
0.832433701 0.775219798 -0.758589804 -0.691106915 0.687406898 0.642978847 -0.484288514 -0.81076622
0.770914316 0.687548399 0.848206103 0.748093784 -0.572088182 -0.633176208 0.78697747 0.380751699
-0.814265251 -0.752016008 0.633151531 0.626990855 0.778980196 0.849501729 0.593959808 0.796952128
0.773230135 0.655432642 -0.537752628 -0.875345826 0.773710787 0.777107239 0.978922546 0.793884456
0.705946028 0.732931495 0.917181909 0.804429948 0.600121796 0.415502131 0.794311583 0.671291232
0.715636432 0.890066028 0.748455286 0.650809765 0.906537831 0.807155252 0.869040847 0.894836962
-0.546140075 -0.900869906 -0.805696249 -0.691825449 -0.636069179 -0.904196978 0.595743537 0.749513686
0.874441624 0.937778354 0.551844954 0.708498716 -0.757574618 -0.787667215 0.558700621 0.827063024
-0.665575266 -0.719005823 -0.63521266 -0.956085324 0.476242036 0.760774612 -0.675381839 -0.770578146
-0.605253696 -0.779035747 -0.787977159 -0.825550258 -0.894420981 -0.731138885 0.688845396 0.952422321
0.826120853 -0.668315828 -0.600201905 0.960631669 -0.898459733 0.593654871 0.817818284 -0.878620625
-0.836702228 0.603028834 -0.67272079 0.780985415 0.654799879 -0.726891458 -0.891793311 0.753104687
-0.915543318 0.755261958 -0.813278675 0.60124743 0.911595225 -0.623727024 0.794359446 -0.54525584
0.597586572 -0.713903785 -0.687439024 0.834231377 -0.694279671 0.820243001 -0.907168508 0.555904269
0.964705586 -0.69767952 0.562645197 -0.67484355 -0.920761585 0.439444989 0.790183961 -0.957574666
-0.557990789 1.00072169 0.755473614 -0.766785741 -0.735003889 0.982283115 0.722272038 -0.727711082
0.856971264 -0.72563386 -0.84283334 0.856099904 -0.861812592 1.01459765 0.827187419 -0.833454609
0.828897238 -0.857226133 0.703647792 -0.818041325 0.941482961 -0.654954314 0.844530523 -1.04577804
-0.815953314 0.724323988 -0.776063681 0.70810324 0.48466453 -0.888061464 0.846601307 -0.8293975
0.798436642 -0.810797989 0.668726623 -0.735018313 0.723106921 -0.656970441 0.578144789 -0.569025278
-0.756357074 0.729279935 -0.639265835 0.593322814 -0.690777481 1.01985395 -0.600423634 0.649742186
0.742819846 -0.78328234 0.860130429 -0.710165739 0.596988976 -0.472436905 0.616857708 -0.975200653
-0.769432425 -0.624129415 0.737090528 0.809450567 -0.793000281 -0.729550421 -0.904699087 -0.659746647
-0.6952793 -0.572348475 -0.669404924 -0.684915066 -0.631687701 -0.815757275 0.916030169 0.842781723
-0.5211339 -0.625240028 0.60643965 0.739704847 -0.814923167 -0.822879612 0.664868951 0.614696026
-0.747347414 -0.877029598 0.943034232 0.812652111 0.785888791 0.613383234 -0.802473724 -0.734241366
-0.80304116 -0.891613603 0.782991469 0.750539124 0.597966135 0.520983875 -0.765875816 -0.871209264
-0.691884518 -0.694751441 -0.778594792 -0.739887536 0.793350816 0.714155018 -0.864792585 -0.742966235
-0.884028614 -0.935909629 0.628816724 0.698907673 0.499656945 0.644990027 0.67558372 0.873443007
0.556622863 0.691003203 -0.640490472 -0.919086993 -0.688959897 -0.676665783 -0.597014427 -0.726254821
-0.807464004 -0.569624782 -0.788765073 -0.672109723 -0.765031636 -0.649900973 -0.717062771 -0.651753426
-0.78105998 -0.783329666 -0.758615911 -0.7932688 0.701263905 0.890500546 0.75436306 0.355668753
0.858960807 0.624451399 0.799071968 0.830016434 -0.581873477 -0.534045517 -0.757764518 -0.821078062
-0.798453748 -0.710978806 0.683152199 0.879538596 1.15818381 0.685106039 0.738574862 0.638862669
0.795820951 -0.900861502 -0.926992536 0.571305931 0.749955952 -0.851787806 0.909279048 -0.629736543
-0.884607792 0.769679427 -0.6906991 0.626486242 -0.676934123 0.691230416 -0.598276973 0.777289689
0.666461706 -0.622340024 0.78552556 -0.807025313 -0.912922919 0.476514131 -0.711475849 0.873817086
-0.870616436 0.390084684 0.892923713 -0.80407697 -0.604781926 0.82529825 -0.574400306 0.749264538
0.911018491 -0.849385083 0.516986132 -0.825297594 -0.659591556 0.816332161 -0.739301145 0.672394991
-0.634849548 0.643558383 0.649275899 -0.778382301 0.904234171 -0.713870168 0.70685935 -0.938007534
-0.805139899 0.830304623 -0.786515236 0.782887995 0.816047847 -0.698207796 -0.703254402 1.00173926
-0.792075157 0.66332674 0.835542858 -0.830343544 0.881749511 -0.560366154 0.703399897 -0.374858618
-0.875651836 0.792207241 0.799663424 -0.696363866 -0.882572711 0.728645623 -0.668239415 0.623521328
0.511664033 -0.76365912 -0.628813207 0.665345848 -0.774323106 0.603727937 0.538453579 -0.740249991
0.76898551 -0.861014724 0.757654428 -0.519996524 0.893584788 -0.695366919 -0.890288234 0.978081465
0.850958049 -0.782736897 0.82079941 -0.926285982 -0.719942808 0.654229045 -0.691512585 0.692795992
0.79625392 -0.707930565 0.812525272 -0.568071961 0.938624144 -0.605633795 1.02738571 -0.610806346
-0.608776212 0.651508689 -0.921084642 0.643314838 0.589909554 -0.797904491 0.677964151 -0.642798305
-0.558259964 0.870073855 -0.877550364 0.882222652 0.875644982 -0.7406708 -0.63548106 0.734552979
0.880797148 -0.504801869 -0.945518017 0.743632197 0.83170253 -0.548495948 -0.679464042 0.797068954
-0.703615189 0.703233182 -0.640684843 0.671383977 -0.687272489 0.733892441 -0.761762857 0.574733615
-0.62774843 0.8287099 0.881078899 -0.822212756 -0.711867154 0.754464388 -1.08087134 0.876108646
0.460575998 -0.94108665 0.760792255 -0.79302305 -0.735483587 0.754227042 0.653725028 -0.966915488
0.655370533 -0.709070861 0.670333326 -0.566458821 -0.721665204 0.758487701 -0.82644856 0.586895883
-0.611677229 0.713772595 0.892496645 -0.72321558 0.782975197 -0.545305669 0.730105042 -0.781826019
-0.819731474 0.689820945 -0.684324443 0.60116154 1.11604142 -0.921607375 0.76341933 -0.671560168
-0.955477655 0.703931808 0.799453735 -0.874206662 0.849982083 -0.541464448 -1.02426291 0.916761577
-0.604902565 0.767529845 -0.700576007 0.760128736 0.666010439 -0.826833427 -0.897514462 0.82233566
-0.733043849 -0.894618154 0.76750505 0.924635708 0.607243717 0.741589427 -0.855679452 -0.978767753
-0.62165606 -1.02610064 -0.744112134 -0.669379234 0.774185121 0.936736703 -0.735067844 -0.625546992
0.849185348 0.767192364 0.997629106 0.720692933 0.710273504 0.706474125 0.947576106 0.617039561
-0.7599684 -0.847523987 0.779907882 0.541199565 0.896157742 0.745779932 -1.00595307 -0.689661384
-0.878305554 -0.777384043 0.680513322 0.561636448 0.524147034 0.603965878 0.784414768 0.810090482
0.682360113 0.851462066 -0.649153233 -0.775726438 0.886840701 0.804431438 0.693671882 0.646817148
-0.639714181 -0.664296508 0.915726662 0.799776852 0.709327936 0.751440704 0.640840709 0.692679226
-0.69231075 -0.809039056 -0.797358811 -0.805431008 -0.776870489 -0.827882588 0.838747442 0.593317032
-0.831777334 -0.779213905 0.753048539 0.929414272 0.858454704 0.698695779 -0.620653212 -0.630892515
0.805143356 0.848769009 0.405654281 0.965828657 0.696362197 0.638153553 0.740271688 0.80045557
0.811056197 0.786214948 -0.538288355 -0.720714211 -0.871455312 -0.792887807 0.705919802 0.840471327
-0.863915682 -0.842358649 -0.898474991 -0.800238431 -0.83471173 -0.733047307 0.966588676 0.747269511
0.619280517 -0.686944604 0.803561747 -0.722881436 0.888493896 -0.659429729 0.633431315 -0.982197285
-0.764677703 0.927263021 0.645899415 -0.878417015 -0.734884322 0.681439459 0.986535192 -0.681371152
0.614128828 -0.629679322 -0.795247853 0.542869568 0.66993624 -0.588564932 -0.586871147 0.678765535
0.806545854 -0.804375947 -0.946709394 0.728751838 -0.674161494 0.709271967 0.667445242 -0.751863658
0.73903048 -0.67886436 -1.06206751 0.846144438 0.791676998 -0.901196957 -0.566353023 0.890497208
0.81112361 -0.778035462 0.743989348 -0.640041411 -0.767824292 0.767437398 0.73218596 -0.698089302
0.878110647 -0.647229195 -0.635236263 0.921608329 -0.694045067 0.799993455 0.953713536 -0.818053961
0.736960411 -0.806099951 0.802881241 -0.731897593 0.832211733 -0.842500448 -0.717570961 0.461055219
0.888273835 -0.696788371 0.71894592 -0.72796607 -0.832128286 0.79981637 -0.783766627 0.838319778
0.730190873 -0.761591375 0.857455254 -0.84350121 -0.582660735 0.841749668 0.818342924 -0.836103261
-0.759460449 0.862983346 -0.682232022 0.893795252 0.942609072 -0.576039791 -0.77295655 0.619226933
0.667636216 -0.828869164 0.696667552 -0.793293834 -0.591079593 0.656042874 0.768840909 -0.719334602
-0.757561743 0.70570308 -1.02404273 0.799413979 0.92686981 -0.624689102 0.530768931 -0.797799468
-0.646969378 0.820234835 0.57974875 -0.703756273 0.768588543 -0.808605671 -0.780345798 0.714626312
-0.836551607 0.825151265 0.542459846 -0.757130146 0.652262688 -0.743768632 0.924496174 -0.58912456
-0.759272814 0.787173927 0.598639429 -0.640157938 0.771486998 -0.728820503 -0.687164485 0.814494491
0.598452628 -0.722063184 -0.671268702 0.803016901 0.7114833 -0.871587455 0.838259935 -0.731142938
-0.68222928 0.74816364 -0.996547282 0.68901974 0.866026402 -0.857557774 0.610395908 -0.767802
-0.757361829 0.738199651 0.742374241 -0.822638512 -0.710069358 0.728622019 -0.682231545 0.918064117
-0.716582417 0.798914731 -0.752475798 0.727987766 -0.728434563 0.972343028 0.80136776 -0.78038913
-0.658798695 0.734148145 0.693717539 -0.752431095 -0.996645808 0.7420398 -0.836821556 0.736348093
0.80455029 -0.747312307 -0.909993887 0.678655267 0.770192444 -0.712992847 -0.622417092 0.55439198
0.852573037 -0.89459765 -0.667434931 0.737686932 -0.857236862 0.876242578 -0.574542165 0.858980954
0.862490118 -0.514309227 0.789516926 -0.753305674 0.696404099 -0.703928292 -0.808561027 0.6906147
-0.764256418 0.716610074 0.778577387 -0.778967559 0.791137516 -0.876426697 0.791687071 -0.864781797
0.651676774 -0.854506493 -0.607921004 0.702137947 -0.765693426 0.793646634 0.729622483 -0.487256438
0.811423242 -0.748938918 0.487734944 -0.623527884 0.677754581 -0.783386946 0.769799173 -0.698462963
0.904835224 -0.713989735 0.744832754 -0.709177494 -0.738533258 0.741336465 -0.629540145 0.881298661
0.659310579 -0.950088561 -0.610370874 0.758115888 0.624083042 -0.918700755 0.88322103 -0.825590074
-0.850522757 0.836681366 0.880586863 -0.640600562 0.842051625 -0.970321953 0.763040841 -0.56291461
0.663772583 -0.695341706 -0.759557605 0.830271304 -0.825855851 0.934065938 -0.722723424 0.844761312
0.991924465 -0.800910175 1.01695728 -1.02903533 0.628939152 -0.855126679 0.787270546 -0.651358485
-0.7012586 0.887680292 0.745265603 -0.662856102 -0.702576995 0.901800752 -0.834558368 0.855952322
0.82104069 -0.567710161 0.731149852 -0.767666996 0.595939875 -0.773669243 -0.846826971 0.609772384
0.537270725 -0.752970755 0.759551466 -0.854720533 0.713352799 -0.800235331 0.942013025 -0.63214916
0.828179717 -0.755495846 0.692649543 -0.799515128 -0.724083304 0.936565161 0.887657225 -0.790954471
0.934842885 0.53206706 -0.80869025 -0.829644561 -0.772615254 -0.688107133 0.639902651 0.538823545
0.725902379 0.737186611 0.736979485 0.642690957 -0.821243227 -0.5384413 -0.808056772 -0.641504049
-0.871830404 -0.72954452 0.893559933 0.937249362 0.836874843 0.780868411 -0.627254128 -0.733194172
-0.736289978 -0.835027277 0.863477588 0.742220163 -0.792531669 -0.608855128 0.960726976 0.803445935
0.532952905 0.919492245 -0.800004542 -0.796562016 0.856976986 0.767535686 0.768132389 0.907631278
-0.677065611 -0.979371071 0.69184196 0.775446415 -1.00373006 -0.709431469 -0.66466099 -0.664525509
-0.724099278 -0.95823133 0.694734812 0.809791207 -0.740870059 -0.663433135 1.03921485 0.865875304
-0.692297697 -0.684295714 -0.81587714 -0.802519739 0.659587026 0.730315864 -0.705129743 -0.464101493
0.895181715 0.590058625 0.65740633 0.871522367 -0.665926039 -0.755190492 0.764770865 0.557765603
-0.869110346 -0.773673713 -0.761312425 -0.509617507 -0.611703038 -0.58977133 -0.919062793 -0.590422273
0.896600962 0.719793797 0.599984467 0.736139178 0.749082208 0.758646905 0.687732458 0.731076837
-0.643268824 -0.905929446 0.850292921 0.774984002 -0.646934986 -0.700766265 -0.735140085 -0.803842545
-0.831072628 0.527835131 -0.756056726 0.785452366 0.826471806 -0.662907481 0.540141582 -0.740283251
0.727927744 -0.601422369 -0.650283158 0.7050578 0.593461692 -0.759589434 0.670946538 -0.731357694
0.705216289 -0.720889449 -0.76321435 0.695000112 0.70258075 -0.558565617 0.66373378 -0.650104702
-0.844587564 0.699665666 -0.564627171 0.861442685 0.674072683 -0.833597422 0.839017987 -0.764826715
0.74769336 -0.781219125 -0.614237309 0.64189899 0.565917373 -0.934370041 -0.788642049 0.771709681
-0.659363389 0.644333065 0.616126716 -0.647345483 -0.670761108 0.891786039 0.869658411 -0.822646916
0.876670599 -0.966113925 0.818729818 -0.789584994 0.890565038 -0.722942054 -0.750290811 0.727702737
0.739613175 -0.895970821 0.907578468 -0.614526629 -0.92579037 0.701881289 0.902282178 -0.801373839
-0.804247975 0.681633055 -0.531519294 0.812749147 0.861798525 -0.572059095 -0.548344493 0.874761224
-0.812151372 0.792455912 0.536624312 -0.730758011 -0.663763702 0.879200935 0.613212705 -0.565932751
0.904394984 -0.693568468 0.813031197 -0.550724328 0.963996172 -0.947923243 0.681842864 -1.0798074
-0.790257573 0.590764403 0.822995603 -0.626068175 0.743619978 -0.658667445 -0.706725299 0.73697865
0.850955069 0.546918094 0.709333897 0.769093335 0.723410666 0.674576879 0.66239363 0.707708955
0.841893971 0.772184193 -0.730326116 -0.484891891 -0.764437318 -0.932477117 0.592164159 0.807435155
-0.737061203 -0.59558332 -0.630803943 -0.811497033 -0.506726205 -0.771830201 -0.868875921 -0.671742558
0.692596614 0.631605029 0.825420678 0.688532829 0.689160585 0.755194724 -0.869845808 -0.700722337
0.753349304 0.697928786 0.712892354 0.569808066 0.493304551 0.819330394 -0.784421027 -0.674338877
-0.728550375 -0.789630294 -0.724174798 -0.803234756 0.760863543 0.886769712 0.847192049 0.773024261
0.544718027 0.91960156 0.885314107 0.633097112 0.884249508 0.632575393 -0.72286272 -0.701520383
0.882622123 0.701813936 -0.549207807 -0.64334172 0.657696068 0.702305436 -0.555666685 -0.747636437
-0.804686189 -0.883152723 -0.739685535 -0.72184819 0.530538023 0.712699771 0.884973049 0.679295897
-0.665752947 -0.799587131 -0.706773996 -0.727119923 0.850055575 0.860754013 -0.572822392 -0.716296792
-0.973670006 -0.872640371 0.720216393 0.640852988 0.747438967 0.850037336 -0.674252748 -0.825897634
-0.706518471 -0.644718587 -0.743814766 -0.702978611 0.47238487 0.844790757 -0.633564413 -0.566973686
-0.90832144 0.624950469 -0.833823085 0.8984676 -0.786108315 0.769735515 -0.890516579 0.674440742
0.771816969 -0.729798198 -0.926568866 0.774475813 -0.574659228 0.660876632 -0.889861226 0.70571208
-0.885953009 0.981075466 0.935176253 -0.713434815 0.657118678 -0.801592827 -0.850474417 0.856870055
-0.677332103 0.434753567 0.61937809 -0.791644096 -0.833998978 0.750736594 0.718408167 -1.04214561
0.766502857 -0.503363669 0.638009727 -0.622964025 0.710163891 -0.808496714 -0.796302438 0.84437269
-0.628023148 0.963235199 0.893691063 -0.841682076 0.890492797 -0.758942664 -0.799104154 1.04339314
-0.611959696 0.692622185 -0.711364329 0.716284871 0.690575838 -0.816564202 -0.809491634 0.943747759
-0.684900582 0.790872037 -0.75356406 0.570220113 0.77533704 -0.670556486 -0.927280724 0.764823139
-0.575321376 0.59266293 -0.841463029 0.628148675 0.783885241 -0.758128822 0.761799276 -0.421923071
-0.695877016 0.927672625 0.780839086 -0.833294451 0.757152617 -0.837804437 -0.697570801 0.822201431
-0.636923313 0.675958872 0.633329749 -0.858950913 0.803679943 -0.756737769 0.9006989 -0.757442653
-0.660097241 0.538672268 -0.74562788 0.773896396 0.874726653 -0.801968217 0.715064824 -0.651283264
-0.510310471 -0.844903588 0.656709433 0.659589708 -0.969749391 -0.829174578 -0.705992639 -0.602745891
-0.818660796 -0.698684275 -0.656422257 -0.689715505 -0.664298415 -0.675511599 -0.892214954 -0.601647258
0.866397679 0.706280589 -0.642529666 -0.674684882 -0.707139432 -0.561179042 -0.659970641 -0.956503987
-0.569533288 -0.670869827 0.622737706 0.911950946 -0.654502988 -0.723913848 0.786470652 1.00415242
0.853742182 0.735436618 0.900345623 0.620695174 0.823819876 0.581058919 0.531395793 0.659998596
0.758477211 0.747299731 -0.741880417 -0.694317698 -0.921776891 -0.775746942 0.662575305 0.866175413
0.820767462 0.614676952 -0.760969877 -0.769540429 0.920021772 0.510597825 0.674708247 0.6555143
0.558434725 0.638939321 0.771452665 0.642090023 -0.914437175 -0.579854488 0.897014141 0.790276289
0.715817273 0.774422944 -0.685816824 -0.659179449 0.911272705 0.851307392 0.912497282 0.741220474
-0.758966446 -0.721191347 -0.696584821 -0.548858702 -0.779782057 -0.806882083 -0.562956035 -0.68225652
0.680554032 0.969610572 -0.771665335 -0.84057343 -0.756287098 -0.755147576 -0.733426988 -0.722165287
0.713042021 0.849326432 0.892533243 0.954610586 -0.802405536 -0.917727232 -0.73800993 -0.777893841
0.868232548 0.621218085 0.419088662 0.60427767 -0.822814822 -0.899166107 0.796882391 0.785204887
0.882768631 0.814690769 0.807750344 0.709933758 -0.746179521 -0.553304315 0.507071674 0.789208531
-0.747677624 -0.732834935 0.603542984 0.798639357 -0.798629642 -0.802331448 0.712465942 0.673285484
-0.758410692 -0.618919015 -0.617852807 -0.743561447 0.861222386 0.613279462 -0.559161365 -0.655171871
-0.737181842 -0.754261374 0.849445224 0.76486963 -1.01804161 -0.737746477 0.718745828 0.872561395
-0.718204916 -0.762783289 0.852956057 0.805249214 -0.950746059 -0.642370224 0.897862554 0.81332773
0.933162153 0.818679333 0.748140693 0.841483116 -0.691421926 -0.831603527 0.780011415 0.733420789
0.826049447 0.713907957 -0.639339685 -0.671013594 -0.843018115 -0.74180311 0.715731084 0.674367428
-0.722742498 -0.713092029 -0.623413861 -0.771693885 0.510366738 0.685400307 -0.763920784 -0.708790064
0.625585675 0.658276379 -0.705596328 -0.794585168 -0.670243502 -0.424522012 0.783203661 0.852953136
0.944526732 0.919405222 0.702075601 0.568583131 -0.716423273 -0.76782167 0.494173974 0.804804623
-0.638112903 -0.888974667 0.746971846 0.776164293 -0.467918575 -0.543730319 0.729800284 0.683324993
0.597443223 -0.577192187 -0.769668937 0.852068245 0.79852128 -0.905773282 1.02617741 -0.626393735
-0.882731199 0.462706983 -0.650878847 0.742755651 0.928256392 -0.685187638 0.811890304 -0.769339681
-0.547989011 0.766204298 0.853821456 -0.878457427 0.834866881 -0.830600977 0.662368715 -0.915196598
-0.680427551 0.453879744 -0.676951468 0.760947764 -0.8064816 0.727934659 0.673996449 -0.710029781
-0.816087008 0.652120948 0.865012586 -0.780968964 0.569542527 -0.764731228 -0.918710947 0.834495008
-0.904681265 0.873651445 -0.840560794 0.683345199 -0.896725297 0.513176203 0.624987721 -0.82336998
0.713546932 -1.01141846 -0.776326656 0.711046636 -0.708104551 0.850382924 -0.699631035 0.464571029
0.739568889 -0.739332199 0.660477936 -0.698985517 0.977365792 -0.67945087 -0.651962638 0.689106643
-0.801311016 0.753237844 -0.705763638 1.02157676 0.660517573 -0.731609225 -0.985684276 0.736032665
-0.84501344 0.690487802 -0.776027441 0.743449688 0.721877873 -0.679769278 -0.619680107 0.858886242
-0.706711769 0.773522496 -0.678391516 0.832693577 0.90319401 -0.836532176 0.966248274 -0.739153743
0.672434986 -0.709599078 0.86803323 -0.675127983 -0.847781003 0.895535886 -0.747273028 0.839672208
0.840186298 1.11300743 0.848721206 0.72768116 0.689576507 0.83153522 0.827104807 0.602380037
-0.76838541 -0.653902829 0.743649602 0.644759297 -0.713529229 -0.725087702 -0.532262564 -0.617034972
-0.829669356 -0.746490479 -0.853138268 -0.881842971 -0.822901666 -0.89430815 0.604931235 0.760161996
-0.711380661 -0.759965301 -0.669540286 -0.71715492 0.68014878 0.752670646 -0.859984756 -0.741289318
0.803616285 0.84632653 0.941476703 0.877241611 0.558300138 0.804872394 -0.731754363 -0.42123431
-0.734481573 -0.982914209 -0.753545761 -0.684510589 0.949795067 0.703868151 -0.766462564 -0.641905904
0.773209035 0.721635461 -0.581047773 -0.71333003 -1.09515679 -0.783394814 -0.787529588 -0.811095953
-0.845086694 -0.881467104 -0.671253681 -0.619465709 -0.836455345 -0.64942348 -0.910014927 -0.842215896
-0.731455266 -0.767912865 0.700467288 0.452305108 0.945017695 0.682264388 0.511315525 0.544625163
-0.780750334 -0.647270739 -0.873122394 -0.80328542 0.631118596 0.626833856 0.864679694 0.735831022
-0.786535144 -0.808743954 0.766284525 0.611757994 -0.760905802 -0.654086828 -0.711861849 -0.725038946
0.59678483 0.843512475 -0.585895836 -0.581667244 0.800805986 0.699826241 -0.835223317 -0.471853852
0.790270209 -0.512549281 -0.743261099 0.728329778 -0.779072583 0.650060177 -0.848787904 0.685245931
0.711839497 -0.809183836 0.541487098 -0.738942742 -0.549926281 0.92232126 -0.700049996 0.838829994
0.70009172 -0.632264972 0.693018138 -0.752703428 -0.653826237 0.783140659 -0.895264745 0.842775822
0.775516748 -0.75338012 0.675627112 -0.827486098 -0.775612533 0.873160481 0.58884871 -0.567182899
-0.586090565 0.900957346 0.778888702 -0.890673816 0.641389251 -0.811439276 -0.474965751 0.672503531
-0.824808419 0.853597224 -0.818217099 0.553643703 0.57025075 -0.801601052 0.771216214 -0.672469556
0.793551683 -0.763001025 0.891857147 -1.05643201 0.915192962 -0.768259168 0.770676017 -0.967549741
-0.680635035 0.877216876 0.671359718 -0.627400756 0.682932198 -0.812558234 1.06103492 -0.707513869
-0.778178155 0.651190341 -0.815695703 0.744556367 0.804828465 -0.66895318 -0.943101287 0.737780213
1.01881766 -0.58283931 -0.889574587 0.665623009 0.633845389 -0.716083288 -0.794316351 0.615019679
0.803048253 -0.843121946 0.724113464 -0.618548274 -0.750639558 0.650396228 0.931332231 -0.642169535
0.93313086 -0.660569906 0.907773197 -0.932997406 -0.578250051 0.569582164 0.855971158 -0.622903049
0.695858777 -0.809308529 -0.805490136 0.615813971 0.775683105 -0.974211276 -0.851329803 0.822294056
-0.88050276 0.856689215 0.777504027 -0.720432878 0.853017211 -0.719075263 0.754349768 -0.865746856
0.733380675 -0.915485501 -0.706874967 0.93037641 0.865065753 -0.756925285 -0.81452179 0.890582979
0.755568981 -0.882371306 0.771480858 -0.724900365 0.865591645 -0.941332757 -1.02426994 0.859113395
-0.854378641 0.942285538 0.78159368 -0.739674866 0.908231497 -0.897385478 -0.834034503 0.94485569
0.876828194 -0.775597215 -0.714640677 0.700600624 0.808475435 -0.758596539 0.737340629 -0.559195042
-0.58967042 0.800546288 0.653753281 -0.793921471 0.761790037 -0.713866711 0.635408521 -0.82612884
0.773183644 -0.679378152 0.698777735 -0.872598171 -0.854067147 0.697226465 -0.840286613 0.683622837
-0.700014055 0.365283966 -0.753178716 1.06961203 0.625938296 -0.700151265 -0.836950898 0.678123057
-0.947881818 0.639570355 0.517691255 -0.753969491 -0.595394373 0.69167763 -0.791011095 0.696633041
0.569408774 -0.781998217 0.878164291 -0.587229788 0.724212706 -0.747636199 -0.74721384 0.814897001
-0.717757463 0.909227788 -0.623053074 0.847092927 -0.809697866 0.53939575 -0.888023436 0.852752209
0.792030454 -0.9452281 -0.809886754 0.543978035 -0.888358176 0.674530327 0.988541484 -0.728047311
-0.851047933 0.682170451 -0.960270166 0.814029753 -0.905731678 0.631024837 -0.869755447 0.587139845
0.825448573 -0.763420224 0.812593281 -0.633426011 0.625547886 -0.74566555 -0.751787305 1.0806179
0.814370751 -0.833658218 -0.764617622 0.693346441 -0.82846719 0.903870583 -0.618771374 0.827553093
0.832011759 -0.60953486 0.587940633 -0.874562025 0.653607011 -0.715446472 0.753955603 -0.755367517
-0.563294351 1.0818603 0.854331017 -0.764090896 -0.597704649 0.912415266 0.860014975 -0.680650949
0.68096441 -0.694606423 -0.753838837 0.686769485 -0.6137079 0.834740758 0.873098969 -0.80180943
0.701345921 -0.807505071 0.621886015 -0.708295643 -0.798024058 0.639120758 -0.762758911 0.657803416
0.961481929 -0.915653884 -0.92416352 0.513504148 0.626854837 -0.711742818 -0.770870566 0.695647478
-0.764851987 0.517622352 0.766241372 -0.690615356 0.883877039 -0.804488957 -0.858026564 0.731264353
0.620301783 -0.775472522 -0.726754308 0.635880411 -0.747259915 0.763694942 0.727443039 -0.800516665
0.580567598 -0.990172863 -0.769489408 0.802711964 0.85596025 -0.66708231 -0.909463644 0.707632899
-0.855354726 0.874312699 -0.816565335 0.687671721 -0.77163887 0.783688664 -0.73023963 0.891234577
0.718055785 -0.9211483 -0.696733952 0.908378124 0.617590368 -0.578979135 0.566408217 -0.909781456
-0.861709356 0.585144877 0.818503499 -0.842200816 -0.713229299 0.967806578 -0.906590462 0.766581357
-0.743973017 0.590236068 0.711812794 -0.854053676 0.612585723 -0.704643905 -0.726526618 0.657672584
0.642125666 -0.735972464 -0.550909996 0.722305834 -0.685653806 0.790355146 0.723448217 -0.87945205
0.794431806 -0.83424288 0.783213139 -0.822856903 -0.673633575 0.582024992 -0.77900213 0.646662712
0.372404724 -0.749503255 0.598704219 -0.594693005 -0.835462332 0.697832763 0.781880677 -0.693115413
0.63799572 -0.844428778 0.879805923 -0.616371334 0.542397976 -0.893965185 -0.710764349 0.772664428
-0.649859846 0.848685861 0.317406297 -0.744193494 0.710833073 -0.814606309 -0.745628893 0.533731699
-0.658744097 0.776766181 -0.585353673 0.769456565 0.567073703 -0.953836799 0.682021618 -0.805057526
-0.620309412 0.667113423 -0.67948544 0.576836586 0.686201513 -0.778295577 -0.597634494 0.765007973
-0.471398205 0.470285654 0.765718699 -0.831709027 -0.664401352 0.767491102 0.83540529 -0.661365509
-0.624807715 0.953899324 -0.839982748 0.899579406 -0.789583385 0.628820717 -0.748238087 0.63618654
0.828440189 -0.796919942 -0.839753509 0.874284565 0.709951878 -0.816204786 -0.561317444 0.728794754
0.724418402 -0.465115577 -0.766743541 0.559589326 -0.79954946 0.730563939 -0.789017081 0.798751891
-0.618073046 0.604938209 0.810365379 -0.733090997 -0.784031153 0.754769206 0.992733538 -0.747334063
0.806123555 -0.719316721 -0.744208694 0.715317965 0.806121051 -0.806086004 0.785035849 -0.602270186
-0.683248639 0.850328326 0.830649436 -0.785171092 -0.787121832 0.712301195 0.6021837 -0.768389821
-0.640036702 0.738301158 -0.885121047 0.876502454 -0.882408023 0.572187126 -0.712971032 0.817521453
-0.735773146 0.78251034 0.860668778 -0.492913663 0.657914519 -0.864812255 -0.695549846 0.834010959
-0.612426996 0.809889019 -1.05209684 0.707612514 -0.728602827 0.808981001 -0.736418962 0.86675781
0.46726951 -0.802970767 -0.647869051 0.777313173 -0.856709242 0.885532737 0.630346656 -0.854937553
0.846126735 -0.851903915 0.803271413 -0.692956209 0.806688666 -0.877876878 0.796950996 -0.769248843
0.627912223 -0.777124763 0.758807719 -0.707749188 -0.797684491 0.685122013 0.680656433 -0.546908259
-0.733027697 0.654832661 -0.536863387 0.78874886 -0.735625327 0.753298759 0.87391299 -0.568875313
-0.834206581 0.559527397 0.724937797 -0.659027338 0.734115481 -0.773746312 1.019871 -0.723624706
0.629527628 -0.914997756 -0.685147464 0.712707758 0.651878119 -0.638184071 0.633197963 -1.00854063
-1.07575977 0.742678106 0.856211901 -0.564949512 0.716971278 -0.779790819 -0.738023221 0.785762191
-0.714411497 0.878550172 -0.677838326 0.64039129 0.689749002 -0.636038542 0.857913017 -0.602514088
0.91333586 -0.843416095 -0.818619013 0.505274057 0.877540052 -0.674358606 -0.793974459 0.619011641
-0.705227196 0.598533511 0.715273321 -0.738708615 0.671601772 -0.662424386 -0.671733677 0.898383558
0.68759799 -0.686970353 0.906044781 -0.765174627 -0.80015111 0.748018444 0.816954195 -0.677569747
0.74026221 -0.654568911 0.575206459 -0.826326847 -0.695210338 0.45984301 0.924885988 -0.931264341
-0.678856969 0.65266633 -1.02257168 0.863418519 -0.801109254 0.83022809 -0.494155228 0.675203621
0.68803978 -0.844076216 0.630800009 -0.853371561 -0.797269404 0.711822033 -0.666853309 0.64644295
-0.528826654 0.7849648 -0.78579545 0.558635652 0.571732998 -0.807991445 0.614608765 -0.594122529
endtensor
tensor embed_w 64 2,32
0.516569078 -0.666924894 0.468195617 0.0397852063 -0.0143951774 0.152593315 -0.0212557316 -0.355401605
-0.700224936 0.45369333 -0.619889855 -0.025419414 0.603716552 0.124532998 0.678327262 -0.611457348
0.0806916356 -0.529038191 0.682610333 0.288267851 -0.0967912674 0.233914912 -0.133745015 0.0231003761
-0.126368105 0.201841414 0.550967753 -0.330117047 -0.0383466482 -0.281840682 0.139764667 0.262943804
-0.693110585 -0.0144552588 0.224892378 0.295590222 0.571341217 -0.419968128 -0.161188662 0.680491269
-0.290186018 0.180263102 0.604232967 0.2555812 0.0742938519 0.627836645 0.703823149 -0.443325758
-0.17333585 -0.0209413171 -0.663943172 0.107219994 -0.187566817 0.0212007165 0.549318612 -0.112879217
0.139047027 0.503805578 -0.228442162 -0.599919856 0.453867495 0.5378564 0.511091053 0.528868854
endtensor
tensor embed_b 32 32
-0.0141969323 0.627995908 0.142156243 0.384050429 -0.0541955233 -0.547405124 0.450757205 0.667456329
0.354255497 -0.677641332 0.372548163 0.387215316 -0.376921207 0.201025963 0.0468178988 -0.309234023
-0.00336110592 0.446327507 0.118755817 -0.291105419 -0.290969282 -0.00798153877 0.204048216 0.61463207
0.138834417 0.198333859 -0.298040092 0.502512276 0.704549015 0.336597383 -0.277263641 -0.563054681
endtensor
tensor first_w 192 96,2
0.0501114577 -0.00545933098 -0.0172077268 -0.00856658071 -0.0901006088 -0.0204878747 -0.0344021469 0.0953103602
-0.0152153969 0.0993954986 0.0794017315 0.0763767809 0.0532117486 -0.0613749139 -0.0706525147 0.0218754709
0.077737838 0.00278250128 0.036414966 0.0848909318 -0.0173967853 0.0937802643 0.063823849 0.0344044715
-0.00434732437 0.055313319 0.0895118415 0.0988136977 -0.063761957 -0.0925874189 0.0852323771 0.00160565972
-0.0871205181 -0.0504207537 -0.0454309285 -0.0165308639 0.00588402152 0.0171598941 0.0754594058 -0.0733521879
-0.0418238901 -0.0988691077 -0.0200995505 0.0471691191 0.00514341891 0.0410828441 0.0655192435 -0.0883377269
0.0482864827 -0.0304492116 0.0989396423 -0.0415202565 0.0632466525 0.0367147326 0.0229563117 -0.00683981925
0.000937201083 -0.094553791 0.0529456884 -0.0359331742 -0.085339196 0.0600356311 0.00510763377 0.0280036628
0.0144875273 -0.078202866 -0.00759164989 -0.0832808018 -0.00291866809 -0.0860105827 0.016539149 -0.0892195255
-0.00804000348 0.0608804375 0.0399436504 -0.0470193215 0.0967431366 0.0837079585 0.0852086544 0.0692286491
-0.0725564212 -0.0146093592 0.0966063291 -0.101256005 0.0179521814 0.0973611474 -0.0816672295 -0.0234408453
0.0600198507 -0.0091086328 0.0765844584 0.0863675922 -0.0581428185 -0.00669346005 0.0546067655 0.0127665326
-0.00287073106 0.00117412955 -0.0202578157 -0.0386408344 0.0348860472 0.0697067082 -0.0526744612 0.0480892956
-0.027796112 -0.0997866765 0.0166921467 0.0487058461 0.0343817621 -0.00505628437 0.0195908099 -0.0687111914
-0.0971205533 -0.0793047696 0.0496254265 0.0704358667 -0.0407708213 0.0285643041 -0.0853983387 -0.00452970713
-0.0609546043 -0.0307290927 -0.0430564396 0.0343178511 0.0696500242 -0.00175700337 0.0305344611 -0.00160958618
0.0819018483 0.0432216227 -0.0499459952 0.0567493588 0.0559439659 -0.0617234074 0.087376371 -0.101999633
0.0748030692 -0.0153981894 0.00486217439 -0.0253170654 -0.0200391561 -0.0365096107 -0.0709275901 0.0572545528
-0.0128297508 -0.0317578614 -0.0271558166 0.0426943302 -0.017276451 -0.00289814174 -0.0140245482 0.0422232896
0.0392450541 -0.0267034322 0.053351298 0.00363413244 -0.0992024317 -0.031826131 -0.0088654235 -0.0528862849
-0.0861857012 -0.053317681 0.0823954195 0.0456330329 0.0465480983 -0.006552279 0.0829782188 0.0649886429
0.0223001167 -0.0892356634 -0.0381599665 -0.0928471759 0.069100827 -0.0962823704 0.0164155439 -0.0904364809
-0.0684933141 0.0539052188 -0.0988793671 -0.0150135234 0.0477363616 0.0312665701 -0.0779466182 0.0749180615
0.10179086 0.017865777 -0.0332253203 0.0799536407 -0.0394967571 0.0299893916 -0.0840253457 -0.0412678085
endtensor
tensor first_b 2 2
0.0293072313 0.0627964139
endtensor
tensor update_w 4128 129,32
0.0336089432 0.0795889497 -0.0598102212 -0.0215123743 -0.0670112371 0.0290421396 -0.0374764875 -0.0313403755
0.0464936793 0.0341330618 -0.0414417572 0.0724397302 0.0844880044 -0.0719472766 -0.0305990018 0.0718516856
-0.0190860108 -0.0236650705 -0.0733961239 0.051448822 0.051850751 0.0470132828 0.0128868297 -0.0191479698
0.0353209972 0.0179663226 -0.061506331 0.00676374882 0.0711068511 -0.0457311645 0.0844449401 0.0218006447
0.0281162634 0.0124105588 -0.0522155091 0.0045876056 0.00334334373 0.00672060996 -0.0423369855 -0.0697103888
0.0420175791 0.0678490102 0.0343414471 0.0743029118 -0.0652311519 0.0600403994 0.0311665088 0.0718528181
-0.0123777539 0.0806950927 0.00875467807 -0.0550104864 -0.0767752454 0.0312246606 0.0638521165 -0.0208575353
0.0638227314 0.0412192941 0.0765828788 -0.0181535929 -0.0637866482 0.0673657805 0.0770493299 0.012742877
0.0114583075 -0.0804931819 -0.0795110464 0.0854138732 0.0628103912 -0.0761637688 0.0673875809 -0.0446905494
0.0755059123 -0.00226917118 0.0571874678 -0.031822823 0.0263474733 0.064445585 -0.0799436569 0.0215189382
-0.0387666002 0.00824441016 0.0832253844 -0.0434211455 0.0626810789 0.0857762545 0.0309325159 0.0800004303
0.00806462765 -0.0184534937 0.0262820348 0.0312907621 -0.00154104829 -0.0695440769 0.0607058406 -0.0628868788
-0.0222670585 -0.0537347011 -0.0647217184 0.0207353383 0.0556664467 0.0105144754 -0.0467844196 0.0567839742
-0.0529985689 0.0195801705 0.00483998656 -0.0429858342 -0.0108266845 -0.0205072463 -0.0609164238 -0.0414335988
0.0115412399 0.00312117487 0.0524364412 -0.043545153 -0.0104882345 -0.0538397543 0.0240978226 0.0731455535
-0.0674721897 -0.0393612385 -0.024656862 -0.0177081674 -0.0793375224 0.0574209243 0.0672994703 -0.030363068
-0.0594934821 -0.00304574519 0.0492353588 -0.0282335766 -0.0241280422 -0.0652857274 -0.0298325047 -0.0029739514
0.0702352226 -0.045731239 0.0673380047 0.0481728762 -0.0706954598 -0.0246355757 -0.00233206153 0.0538613945
-0.0308164358 -0.0387588851 0.0851658285 0.0177994296 -0.0372686088 -0.00932478905 0.0362150297 -0.0796633363
0.0332194343 -2.4497509e-05 0.0732928067 0.0520675778 0.0656114966 0.0667763054 -0.00224860758 -0.0438205972
-0.0803414509 -0.03999345 -0.064230524 0.0588804632 -0.0602691695 -0.0628584847 0.00832182169 -0.0826369002
-0.0786839277 -0.032571353 -0.0781085119 -0.0172233656 0.0457524508 -0.0172629878 -0.0389727354 0.0249894932
-0.0748257935 -0.0844412223 0.0201019794 -0.017002672 0.0621674657 -0.0836675987 -0.0604259148 0.0218536556
0.0669043809 0.0809110403 0.0373668671 -0.0460723303 0.0392551869 0.0314348489 -0.00946073979 -0.0467838086
0.0759716928 -0.0730222762 0.0279097408 -0.0505392663 -0.0513886511 0.0130987465 0.0358890072 -0.0822517052
0.0852504224 0.0290092975 0.0563301295 0.050567627 -0.0695879236 0.0443803221 -0.0646918043 -0.0249239579
-0.0573347993 0.0634828508 0.0801029652 -0.0860958025 -0.0774653181 -0.0247660056 0.0231730938 -0.0640803576
0.0394394547 -0.0588655397 0.042710796 0.00928732753 -0.00839082152 0.0646213293 -0.01070261 0.0474694967
-0.0591453686 -0.0330873057 -0.0735637546 0.0143586993 -0.0851645321 -0.061794661 0.0176240504 0.00274385512
0.0751751065 -0.0311355814 -0.0574241504 -0.0294257961 0.0626765639 -0.0673783422 0.0751103908 0.0718712062
0.0113329664 -0.068485707 -0.0823786035 -0.0670258403 0.0739903301 0.00658719242 0.0399975181 -0.00310155749
0.00785972178 0.0796284378 -0.0361127481 0.0336011872 0.0845593661 0.0848999768 -0.0842359439 -0.0580764338
-0.076216206 0.0662095696 -0.0443721376 -0.0549944043 -0.0685343593 -0.0808254257 0.00652033091 0.0152701363
0.0799975544 0.0339298323 -0.0389562361 0.0629522204 0.068937853 0.0370129198 -0.0314668156 -0.00173039734
-0.0302047096 -0.0531262271 0.0311193094 0.00406965613 -0.0414417461 -0.0399548896 0.0616190732 -0.00210862607
-0.04616547 -0.0174618736 0.0833456516 -0.0721475333 -0.0268932953 -0.0626791865 0.0445072353 0.00235595554
0.0293867514 -0.0523483343 -0.0200130492 -0.0179327428 0.0426363945 -0.036996536 -0.0439111441 0.0731040388
-0.0622553304 0.0505694896 -0.0778499469 -0.0140848905 -0.0117785037 0.00825311244 -0.0477306359 -0.0503680296
0.0509085953 -0.0560184084 0.0802104771 0.0208490193 -0.0114640072 0.0824468285 0.01292032 -0.068931818
0.0599470437 -0.0074390322 -0.0873930603 0.00414381921 -0.029699713 0.0710811168 0.0720216632 -0.0267817788
-0.0372760706 0.0151190311 -0.0770108253 -0.030456692 0.0349005684 -0.053023465 0.0168761536 0.00219128281
-0.0515488349 0.0422570109 0.0623154044 0.0373263657 0.0650517941 0.0392697155 -0.0222258046 0.0617010742
0.0475402027 0.0669192672 0.0614961088 0.078022778 -0.0254249647 0.0630304217 -0.074054189 0.0553426892
-0.0303471349 0.0621810257 0.0229396969 0.0444372743 0.0337843746 -0.0738224611 -0.0862143189 -0.07698939
0.0468955338 -0.0356739499 0.00179215521 0.0622908324 -0.0701358989 -0.0540186018 -0.0614530444 0.00116446614
-0.0639265925 -0.0661935806 -0.0254128352 0.0679883361 -0.0624835193 0.0649045408 -0.0298377238 -0.000440463424
-0.00573322922 -0.0336558074 -0.00324942172 -0.0475748256 0.0152868405 0.0184340626 -0.0340175033 -0.0175128281
0.0507882088 -0.0744357854 0.00958277285 -0.0545325056 -0.0266431905 0.034074299 -0.0334777273 -0.0382386297
0.0598119497 -0.0322765559 0.011665225 -0.00132576376 -0.0458870195 -0.050475169 0.0676210672 0.0288954005
0.0581007153 -0.0285669975 0.061197266 0.0298701003 -0.0335187875 -0.0850136429 -0.0540885888 0.0306279734
-0.0844605342 -0.0751184747 -0.0294141546 -0.0241682306 0.0308662653 -0.024496302 0.0633835047 -0.0149627402
-0.0861335099 -0.0591559783 0.0618620515 0.0798618495 -0.00758359581 -0.0553592592 -0.044851914 0.0527433604
0.0253580585 -0.0241039544 0.0253234431 0.0874338001 0.0783934891 -0.0685381219 -0.0182648599 -0.0733256415
-0.0637771636 -0.028687153 -0.0555108935 -0.0483606979 -0.0164550394 0.0524099022 0.000771254301 -0.0504930764
0.00989715755 0.0552322716 -0.0696674213 0.0691735446 -0.0458858423 -0.0503775999 0.0351325274 0.0215012282
0.036333926 0.0578505546 -0.0806551054 -0.0865312517 -0.0513307452 -0.0471998118 0.0308098719 -0.0385873839
0.0602601171 0.0509271771 0.0462507755 0.000894144177 0.0277935192 -0.0298595652 0.0517722964 0.0405496508
-0.0298261046 -0.0779488236 0.0479850024 -0.0838829428 -0.0287190601 0.0384752303 0.0849282444 -0.0306178331
0.0247224644 -0.00422224402 0.0721642524 -0.0189309791 0.0639142096 0.0211114287 -0.0618007705 0.0049309358
-0.00893386453 0.0266625136 0.0587370098 -0.080465354 0.00654499978 0.0295837745 -0.0608796589 -0.0728010759
-0.0550525524 0.0071034655 -0.0260259882 -0.0360498764 0.0292338058 0.0105629265 0.0184562132 -0.0389510207
0.0708230585 0.0165125802 0.0384962261 0.000996001065 0.0502225608 0.026808396 -0.01699505 0.0333614573
0.0757601708 -0.0518440939 0.00104179233 -0.0293004215 -0.0181769505 0.0656141937 -0.0542739443 -0.0736984834
-0.00124446303 -0.0333838835 -0.0353408121 -0.0172900036 0.0773965567 -0.0421259664 0.0727880746 -0.0428219624
0.0753775984 0.0863321275 0.0654491782 -0.0317895636 0.0150796697 -0.0723453984 -0.0122367963 0.0557306856
-0.0120714009 0.0395631194 -0.0454077795 -0.0462120622 0.0828595459 -0.087977916 0.0607131869 0.0349727869
0.0839007348 -0.0681594908 0.0669633299 0.0834244192 0.00441612303 0.0467407405 -0.028901875 0.0213600397
0.0191220865 -0.0269765817 -0.0557278097 0.0067512095 -0.0580565557 0.038679406 -0.0151563957 -0.0109440982
0.0708554238 -0.0378701203 0.0709296614 -0.064066112 -0.0660204291 0.0434653461 -0.0386400186 -0.0171082541
0.0289789662 0.0110353604 0.029773429 0.0286139622 -0.0152477399 0.00813287497 0.0227175355 -0.0493741296
0.0830835849 0.0832104087 0.0783256292 -0.0106804147 0.0763923377 -0.0104041994 0.0808968991 -0.0526609607
-0.0631446913 0.0533256531 0.0133580863 -0.0799541324 -0.0157676265 0.0488692373 0.0549438447 -0.0163525194
-0.0698898137 -0.0697556436 -0.0166330412 -0.0219636187 0.0783067942 -0.0539509021 -0.0349578112 -0.0144421756
-0.0694241673 -0.0173205584 -0.0139140189 -0.0257408172 0.017452538 0.0763370693 0.00828955323 0.0417692959
0.0775965005 0.0391202718 0.0205736831 0.0102815852 0.0471396148 0.0454324186 -0.0347185507 -0.0632923841
0.0628475994 0.0140889212 0.0770113468 0.00824967027 -0.0354971476 0.0827136934 -0.0384996906 0.0222598687
0.0477919132 0.0823355019 0.00719164312 -0.0624290071 -0.00890931487 -0.0103555024 -0.0477904417 -0.04803624
0.0619458705 0.00619012117 -0.0504738055 0.0814036429 0.0793662071 0.0448060632 -0.0445934534 0.0528129339
-0.0706697702 0.0395506173 0.0238905624 -0.0407609679 0.0250020176 -0.0753063858 -0.0379120521 0.023380205
0.0640063435 -0.0501659848 -0.0675537139 -0.0350864604 0.0134406909 -0.0166278407 -0.0430860147 -0.0627872348
-0.00107450783 0.0756569654 -0.040317677 -0.0324722603 0.057985872 0.0756619722 0.0739059895 -0.0280584358
0.0317024142 -0.0468744524 0.0830036104 -0.0754246041 -0.0537569635 -0.0290836729 0.0509354621 -0.00792753696
-0.0452540591 0.0104534701 -0.0859638825 0.0777504891 0.0572279394 0.0561772585 -0.0383054465 0.0282363817
-0.0265996046 -0.00599692017 0.0656903684 -0.0615042001 -0.0580419749 0.0552932173 -0.0534639396 -0.0829775929
-0.0795959979 -0.0159846321 0.0388750583 0.0198629498 0.0306537077 -0.0563273914 -0.0279823095 0.0235502198
0.0479744673 0.019105345 0.0690524429 0.0364274308 0.0123790875 -0.0741607621 -0.033642143 0.0404902548
-0.0150966197 0.0453502983 -0.0840562284 -0.0290017016 -0.072288461 0.0564322323 -0.0346573591 -0.0021771118
-0.0712457225 0.0472265482 0.00275642425 -0.0712733194 0.0159556419 0.0103144571 -0.0406192653 -0.0796801001
0.0625399351 -0.0766359642 0.00323411822 -0.0569782257 -0.0611374229 0.057914257 0.0214055255 -0.0254028514
0.0215819627 0.0493801087 0.0740385652 0.0314467102 -0.00540456921 0.0191318989 -0.0364915729 0.0552808195
-0.0737846866 0.0490828454 0.0737021267 0.0613996238 -0.0267879702 -0.0322325267 0.0209088773 -0.0220134109
-0.0430843793 -0.00324492157 -0.0621390603 0.0663936883 -0.050959561 -0.00568402559 0.0320828855 0.0716742724
-0.0848454237 0.0696120113 -0.0172335282 0.0700888038 -0.0683153644 0.0880302638 0.0678385943 -0.039224647
0.0408291966 0.0398135632 -0.0365160294 -0.0504176952 -0.00793866813 0.0365273207 -0.0479773805 0.0460991859
0.0511278957 -0.0735306591 -0.0631329715 -0.0815689564 -0.0470052697 -0.0255485661 -0.0386545248 -0.0802407935
-0.0817816854 -0.0866289884 -0.014400512 0.0793296844 0.0739717185 0.0597063601 0.0804104507 0.0368700698
0.0800686181 -0.030424092 0.0276690945 0.0587924123 -0.0748803765 -0.0013846755 0.0308341384 0.0120114982
-0.0156449452 -0.059375003 -0.0430891141 -0.0155492127 -0.0669303983 0.0726514012 0.0248233229 0.0124204978
-0.0629954636 -0.0189346746 -0.0124618858 0.00718363374 0.0320399404 0.0197050646 0.063899368 0.0160115808
-0.0393065847 -0.035130877 -0.059448272 0.0779827237 -0.00617727637 0.0170836672 0.0582799315 0.0742474645
-0.0756047741 0.0831161737 0.0662159026 0.017299898 -0.00926483423 0.0824862272 0.0251625478 -0.013480261
-0.0859120488 -0.00673745573 -0.0392113999 -0.0681732446 -0.0334297307 -0.0697640479 -0.026773002 0.0716920644
-0.0756098926 0.0412130952 0.0117311403 -0.0558991656 -0.0690230504 0.0111524537 -0.0502490066 -0.0567045175
-0.0167275891 0.0063457787 0.00733511895 -0.0726172179 -0.0180682838 -0.00774113089 -0.00307954103 0.0648169518
0.0710758865 0.0822664052 0.0794869065 -0.0106222332 -0.0156226307 0.0632335693 -0.0782066137 -0.0862620547
-0.0502978005 0.0313425884 -0.0870905519 -0.0618524514 -0.0473825745 0.0165293217 0.0362381861 -0.00341900438
0.0322285518 0.0340040177 -0.0853998363 -0.0867282599 0.0726524591 0.0280279443 0.0399181098 0.00115745515
-0.0518040732 -0.0522947088 0.0813483596 0.0444176942 0.0166371316 0.0295941234 0.0877198279 0.0296453908
-0.0683902726 -0.018557772 -0.0500758775 0.0793595612 0.00325462222 -0.0513389856 -0.0122329295 -0.072262086
0.0581901819 -0.0352744907 0.0715309829 0.0671937764 -0.0552640855 0.0740452111 -0.0805010051 0.0743481368
0.0554796755 -0.00291650742 -0.0342696756 -0.022334151 -0.0401254371 -0.00720951706 -0.0782660842 -0.0396480262
0.0153679475 -0.037797153 0.051630646 0.00049829483 -0.0155332088 -0.0387411974 -0.0790343881 0.0469928086
-0.0648588017 -0.0680846199 -0.0132803544 0.000108934939 0.0698403865 0.0302124768 -0.0840778574 0.0555100739
-0.0367508605 -0.0229477882 0.0741868168 -0.051153712 -0.0816863701 0.0460074395 0.0789921582 0.0104954019
-0.0231244788 -0.00714161247 -0.0637455285 0.0701771975 0.0295704678 -0.0124140754 0.0331503451 0.0518157333
-0.0353829451 -0.0710931346 0.0568775833 0.0197044462 0.057559371 0.0602501035 0.0722617656 -0.021364294
0.0483939946 0.0228685588 -0.0734792724 -0.0743814781 0.073243469 -0.00797271729 -0.052458182 0.0852122903
0.0484996885 0.00747154653 0.0250777155 0.0195280239 -0.0628277063 -0.0809344724 0.0168595463 -0.0351284221
0.0318457559 -0.0737491399 0.0385323614 -0.0105811208 0.0278877169 0.0785364658 0.0223883986 -0.0733057559
-0.0399053395 -0.0469533913 -0.0602172688 0.0470782965 0.0725685507 0.0455747098 -0.0492588766 0.0798936188
-0.0248277262 -0.0579081215 -0.0663483441 -5.03063202e-05 0.00352847576 -0.00446695834 -0.0152634978 0.0663484335
0.0745475888 0.0502291024 0.0388716608 0.0837750137 0.00994417816 -0.0708825886 -0.0757874772 0.0048192665
-0.0810570046 -0.084756583 -0.0829492286 -0.00247145444 -0.00444512814 0.0284578279 -0.0277009159 0.0851078779
-0.00834365934 -0.024130173 -0.00903834403 0.0692770034 -0.0437392853 -0.0139623135 0.0834907591 0.0492698699
-0.0143799186 0.0806191117 0.0238008574 -0.0668164492 -0.0477693006 -0.0363239758 0.0481208116 0.0746403039
-0.00439351052 -0.052924823 -0.00179466605 0.0166311413 -0.071602203 -0.0821091011 0.0828304589 -0.0624738112
0.00421877205 0.054776594 -0.0380998738 -0.0718213767 -0.0647323877 0.0631304234 -0.0396689624 -0.0652434528
0.0126606449 0.0139277503 -0.0752247721 0.017404668 0.0146692693 -0.0195623413 -0.0447033755 -0.0515222922
0.0368047878 0.0378778726 0.0345498472 -0.0747220069 0.0139979422 -0.0352423117 0.0742123425 -0.038016025
0.0319715589 0.0389195681 -0.00354272127 0.036470063 -0.0733593702 -0.0721008256 -0.0830552131 0.0757838935
-0.0833308771 0.00207415968 -0.0553771034 0.0309740677 -0.0421508215 0.00770638883 -0.00608307123 -0.0434346013
0.0414328277 -0.0311679803 0.0674237162 0.0541490912 -0.0354185253 -0.0166687742 0.0379092246 -0.068611972
-0.0512380674 0.0811743438 -0.0657982901 0.0253188461 0.0143252239 -0.0820813626 0.0854344666 -0.00373627245
0.0422317982 -0.0548491962 -0.0688003302 -0.0641209409 -0.051698789 0.08056885 -0.0789545625 0.0671946555
-0.0714357942 0.0738122612 0.0680723488 0.0298155174 -0.0122966096 -0.0289543532 0.0658734739 0.0408003926
0.0295080319 0.00226185471 0.00693715364 -0.0253078938 0.029255718 0.000531122088 0.0826535374 -0.00820808858
0.00484409928 -0.0637713894 0.0337960348 0.0736061335 0.0786474496 0.0274955034 0.0868073553 -0.0767642632
0.0677733123 -0.0107703805 -0.0148222446 0.0791241825 0.0264991969 -0.0427545384 -0.0478249714 0.0608482063
0.0653991997 -0.0555962548 -0.0431626886 -0.0264260545 0.0485038459 -0.0358192027 -0.0338392742 0.0365651697
0.0411954224 -0.0622684211 -0.0146645308 0.0380874723 -0.0834814459 0.0164329559 -0.0203463361 -0.0580888465
0.0848769248 -0.0851571485 -0.0278441198 0.0386197567 -0.0710334256 0.00743629038 -0.0378572121 -0.0539711937
-0.0490234233 0.0194314569 -0.0687113702 -0.00610166788 0.0808170438 0.0528205484 0.0867647976 -0.084949851
0.055363968 0.0203724056 -0.00863839686 -0.0130872652 -0.0335745178 0.0654046088 0.0754306167 0.00277023762
-0.0522097982 -0.0396972708 -0.0267153196 0.0669303089 -0.0717989802 0.0176778957 -0.00856970251 0.0697042048
-0.0526596047 0.0619901121 -0.0726292357 -0.0526695028 0.0152977929 0.00384777039 -0.0653524324 0.0105007589
-0.0848983079 -0.061047852 -0.0845996961 0.0608906746 0.0844370276 -0.0733785182 0.044398874 -0.0181504562
-0.0462894775 0.0311393365 -0.0171205699 0.0667832196 -0.0633154288 0.0613394976 0.0157308877 0.0165568814
-0.0605122745 -0.0794484466 -0.0595815293 0.0536393523 0.0299358591 -0.0133323148 -0.0481220447 0.021742925
-0.0112572908 -0.0523144938 -0.0420643017 0.0830372572 -0.0447702967 -0.00553931296 -0.0206746534 0.0269735679
0.0665658116 -0.0450724065 0.068797335 -0.0165576786 0.0558881909 -0.0743382052 -0.074729383 0.0512828976
0.0103663355 -0.0814692453 -0.00864841789 -0.0330976434 0.0871089995 0.00941449404 0.0309552178 0.0218948498
0.0443710536 0.0857648998 0.027403526 0.0143310577 0.0576321632 0.0163848251 -0.0302367844 -0.00505121797
0.0357853249 0.0465908647 0.0691360533 -0.0773736537 -0.0755894929 -0.0677511394 -0.0756858736 0.0705995709
-0.0556715727 -0.0158768296 -0.0737333521 0.0272948444 0.07207416 0.0709745288 -0.0780977532 0.0455351919
0.0545644611 -0.0343920365 0.0764832646 0.0131164789 0.0169647783 0.0557775795 -0.0408448614 0.013193287
-0.0467893109 -0.054086037 0.0689148009 0.0648024678 0.0623565465 -0.0825828165 0.0468118191 -0.0439588465
0.0196591541 -0.0728141069 0.0198912397 -0.0624028295 0.0307774395 -0.0306597948 0.0621720701 0.0596559793
0.0222751573 -0.01519759 0.028585881 0.0300294161 -0.0569151044 -0.0483124293 -0.0784230903 -0.047798153
0.0260466188 0.033928901 0.0690289438 0.0481636375 0.0553828925 0.0268444717 -0.00112892687 0.026291281
-0.0365160368 0.0111059994 0.0703566521 -0.0256654657 0.0733478069 -0.0759713352 -0.0700250939 0.00531457365
-0.0873577744 0.0654251724 0.0112213045 0.0678396374 0.0106962547 -0.0615048185 -0.0710164607 -0.0242475048
-0.087247327 -0.000665687025 -0.0513552949 -0.0780787393 -0.0739704221 0.0282674655 -0.00373567641 -0.0588265657
0.0716195852 0.000568620861 0.0812639147 -0.048276376 -0.0853020549 -0.0797298551 -0.0517828614 0.0303600803
-0.0119035169 0.0198364928 -0.071894452 0.0485186279 0.00247070938 0.0652115196 -0.0141400918 -0.0267958231
-0.0521305986 0.0782619566 0.0588959754 0.0426772386 -0.0556423441 -0.00959398597 0.0543799698 0.0800185651
-0.050766699 0.0687519312 -0.0359296799 0.0784890354 0.0706690252 0.0473078042 -0.0441026501 0.0788896978
0.0347756147 -0.0375088155 -0.047645662 -0.00743281841 -0.0849862248 -0.0582006276 0.0424120873 0.00768704712
0.0231880397 0.0787989646 -0.0667891502 0.053012237 -0.00810094923 0.0641345978 0.072761476 -0.0577962063
0.0205632299 0.0617655367 -0.0728984848 -0.0605761334 0.0631192178 -0.0468801297 -0.00681204349 0.0355034024
0.0677538961 0.0860686004 -0.0608133152 0.046744749 0.0831957608 0.00293468684 -0.0276675299 0.0707435161
-0.0606299937 0.0633758605 0.0641065538 0.0698181987 -0.0138398334 0.0639998019 0.0214439556 0.0819789916
-0.0524846427 0.0649286807 -0.0338231102 -0.00993853062 -0.0588312596 0.0196641833 0.0414575636 -0.00384154171
0.0681899339 0.0727023035 -0.0434317701 0.0870318413 0.073552832 -0.0272278376 0.00910558552 -0.0512846373
-0.0797288641 -0.0567947291 0.0245213807 0.071470201 -0.0104259253 0.0594258904 -0.0396948792 -0.030510176
-0.0453368798 0.0865564644 0.0832864493 -0.00602453947 0.000706501305 -0.028967686 0.0733991712 -0.0818634257
0.0134808794 0.0197563693 -0.0847140178 -0.00732723624 -0.0464934967 -0.0220739245 -0.025248237 0.0109199882
0.0813300908 0.0635877699 0.0260593444 -0.0866644755 0.0597803146 0.0160986483 0.0494948477 -0.0683930293
0.0753196925 -0.0732435286 -0.063342154 -0.0202999637 -0.0628307611 0.0487333238 0.0128711686 0.0661929697
-0.0719485879 -0.0463912673 0.0676665008 -0.0368887447 -0.0437934734 0.083137691 0.0328245535 -0.0481814928
0.0281661078 0.0290108025 -0.0544829145 0.0283879042 -0.0481601655 -0.0853178129 0.0670330971 0.0111797228
0.0842559189 -0.00270988047 -0.016653128 0.0721944869 -0.0615404844 0.0314879045 -0.044963073 -0.0401517712
0.00043079257 0.0168201923 -0.0273660161 0.0857046247 -0.0244418457 -0.041280549 -0.0784548968 0.0720577836
0.0858088434 0.0691474676 -0.0393158756 -0.0829746425 0.00319050997 -0.0858103558 -0.059034802 -0.018168062
0.0438529998 0.0579013675 -0.00550667942 -0.00866760314 -0.043664638 0.0218883529 -0.0630350858 0.060168013
-0.0312164277 -0.0147394538 0.0327664167 0.0231967196 -0.0326729715 -0.084612444 0.0686083883 0.0762206167
-0.0377270319 0.00727243721 -0.0620464459 0.0234523788 0.0220393464 0.0338748693 0.0159682035 -0.065419279
-0.0869881734 -0.0601472855 0.031283915 -0.083343707 0.0247173086 -0.0218789726 -0.086264126 -0.0386011116
-0.0522412024 -0.0471089482 -0.0237456188 0.0409353375 0.047790423 -0.0206371322 -0.00513782352 0.0161879361
-0.0173444673 0.0161383301 -0.0635866821 0.0623948723 -0.0859522298 -0.0527504273 -0.0351698473 -0.014092356
-0.0270112045 0.0374523103 -0.0639945418 0.0613104999 0.0687722713 -0.0839580074 0.0519103259 0.0289915279
-0.0658744276 0.0140847862 -0.0759364814 0.0106699914 -0.0230851173 0.0352510661 -0.0324278437 0.068079859
-0.037656121 0.051889807 0.0259130523 -0.0394361243 -0.00768047571 -0.0163885504 0.0863204598 -0.0351514891
-0.0536304899 -0.00925686955 -0.0291343369 0.0797519386 0.0089039132 -0.0524464771 -0.0361198857 0.0230582058
-0.0755302459 0.0852777958 0.0862771869 0.0229771584 0.000907100737 -0.0770211816 0.0073504895 0.00087441504
-0.0678138584 0.0274626166 0.0829904377 0.00252396613 0.0795884132 -0.0387609825 -0.0135617256 -0.0631951988
-0.0295543373 0.0810332298 0.0793326348 -0.0496897809 0.0751102716 0.0495363474 -0.0669452623 -0.0698008239
-0.0295264907 -0.00252127647 0.0280447826 -0.0750316381 0.0261943415 -0.0683895051 -0.0242139399 -0.0443898998
-0.059612073 0.0246871784 0.0624224395 0.050584808 0.0705369711 0.0792630017 0.0294332132 -0.0308575481
0.0541633368 0.0368590504 -0.0839715675 0.000373348594 0.0425445437 0.035785839 0.0800894797 -0.0220864341
0.0394283831 -0.00861942023 0.0343229845 0.00794722885 0.000713303685 -0.0714602917 -0.0198483542 0.0318275914
0.0291723013 -0.0678824186 -0.0756480172 -0.0844789669 -0.0638021231 -0.00362934172 0.0811475217 0.052130729
-0.0775950104 -0.00543153286 -0.0251650587 -0.0474204645 0.0660339296 -0.0393602289 0.0112169236 -0.0259791538
0.00933075696 -0.0465832055 -0.0224385262 0.0335636437 0.00346592814 0.0398835391 -0.0275417157 0.0209617764
0.0651523024 0.0283526853 0.0244849548 0.0548094958 -0.0112589449 -0.0459256545 0.0437916666 -0.0295693763
0.0430252701 0.02891545 -0.0866778791 0.060978815 -0.0603843331 0.0545253158 -0.0459837168 -0.0699149966
0.0120298564 0.0650128871 0.0791078657 0.0554061979 -0.0206613019 -0.0558333881 0.0286849812 0.063866064
-0.0593038127 -0.0227765217 0.0865465254 0.0566137135 0.0638925433 0.0462900102 -0.0685420036 0.0159652755
0.019751437 -0.0586858168 0.066360563 0.0271140784 0.0575981438 -0.0174237117 0.0810724348 0.0493588001
-0.0425739475 0.0777068287 -0.0515391082 -0.0753967911 -0.0239287093 -0.0197886229 0.0637735128 0.0549454838
0.0170258209 -0.0288604684 0.0752612054 0.00799822807 -0.00246211141 0.0127956197 0.0857535601 0.050453499
0.0803845078 0.0797039717 -0.0616596863 0.0849337429 0.058979854 0.00406512618 0.0319149867 -0.0826520994
0.0523558408 -0.0601622202 -0.0590904839 -0.000244259834 0.0740015507 0.0361612812 0.00772530586 0.0744934529
0.0274505988 0.0597357601 0.022615768 0.0240640193 0.0544883162 0.00461938977 -0.0747436434 0.00239804387
-0.00186695158 0.0474510938 -0.0314809643 0.055575639 0.0176113024 0.077511102 0.071947962 -0.0548754036
0.000207714736 0.00939330459 0.0463661402 -0.0807029232 0.0549548417 0.0341689363 -0.0289309695 0.0599283576
-0.0567914955 -0.0129645988 0.0023399964 0.00989316404 -0.0688158125 -0.0826484784 -0.0708745271 0.0397717357
-0.051932551 0.0335481539 -0.0755884126 0.014233239 -0.0723632723 0.0736561716 -0.0249829963 0.0176376551
0.0149598941 0.0163732916 0.0804154575 0.0552212149 0.00978243351 -0.0567861013 0.0514139533 -0.0139312744
-0.0100122616 -0.0458677895 -0.0528701954 -0.0700212196 0.0333153754 -0.0236993209 0.0313474983 0.0583688915
-0.0163087174 0.0235508904 -0.0822830573 -0.0791765302 -0.0315403305 0.0269032493 0.0171808451 -0.000216476619
-0.0174992681 0.00305163115 0.0150570571 -0.0540892482 0.0823344588 0.0549041778 -0.0604091957 -0.0516830683
0.0229361951 0.0699309558 0.0167936459 -0.0589323565 0.082967639 -0.0439800061 0.0234745219 -0.0148092136
0.0708909929 -0.0868741721 -0.0356184393 -0.00566152483 -0.0175581202 -0.0270920657 -0.0704724789 0.00034212321
0.0201599821 0.0788603127 -0.0659311786 0.0230246931 -0.0410703309 0.0846620202 -0.0190222189 0.0399156213
-0.072557427 0.0809699446 0.0544739068 0.0826263577 0.0593644977 -0.0481362864 0.0864014328 -0.00557918847
-0.0221301615 0.0799202472 0.0304484814 -0.00439731032 -0.063205421 -0.0855907053 -0.0595832616 0.0446176529
0.0661566854 -0.0345588773 0.00305511802 0.0741691291 -0.0742017254 -0.0308808163 0.0477627516 0.0709868819
0.0160204545 -0.0851330757 -0.0212050304 0.0356721207 0.0733591616 0.0652864277 -0.022387892 0.077139467
-0.0508656129 -0.00747300684 0.0127137825 0.00910294056 0.0138338879 -0.0493778884 0.0832460225 -0.0554560423
0.0615136027 0.058865279 0.0697552562 -0.0468199775 0.0502339154 -0.0160521269 0.0168080032 0.0824493766
0.0429457128 0.0606452972 0.0536235869 0.0838481337 -0.00156319141 -0.0295003988 -0.0584406704 -0.0225577056
-0.0629060864 -0.0669935197 -0.0831834674 -0.0827741325 -0.0604502968 0.000580973923 -0.0303859375 -0.0054930076
0.017898947 -0.034016192 -0.0266700499 -0.0422173627 -0.00275598466 0.0498968363 0.0471770912 0.053788811
0.0756716132 0.0707732439 -0.037507616 -0.087471202 -0.0644170344 0.0455999821 -0.00234211236 0.0734969079
-0.00596936792 -0.0809797943 0.0612386614 0.0541004241 -0.0192097574 -0.05348951 -0.0456004106 -0.0604463927
-0.0449652448 -0.086628221 0.051509887 0.0527569801 -0.0116996318 0.0861320943 -0.0419211946 -0.0316278636
-0.0710958317 0.0412031859 -0.00920816511 0.0329286009 -0.0037888661 0.041615203 -0.0763846114 -0.0106897429
0.0687972307 -0.0180260837 -0.0305457078 -0.0824144334 0.00122701377 0.0378427058 -0.0349386372 -0.0413228385
-0.0828016847 -0.0281159505 -0.0458094962 0.0613763034 -0.0455830283 -0.0791643262 -0.00831257552 0.0802385211
0.0133701488 -0.0854094103 -0.0181830823 0.0473690629 0.0152457505 -0.0417913198 -0.00118526816 0.0213075727
0.0273629203 -0.0597190671 0.0272019655 0.0106429756 0.0402236134 -0.0618421137 -0.083960712 -0.0520474091
0.0427335501 0.0108887851 0.0696669221 0.069965288 0.0513840467 0.0801713318 0.0829684734 -0.0597769395
-0.0516888201 -0.0788965523 0.0424299985 0.0625151992 0.0322992727 0.0549892038 -0.0590429083 -0.0243920237
-0.0227734745 0.0220250115 -0.0459832661 -0.0748648718 0.0407084525 0.0814659745 0.0334804058 0.0310806856
0.00500702858 0.0130871534 -0.0550529845 0.0817569941 -0.0780252218 -0.0466768369 -0.049693536 -0.0116305128
-0.0179763362 0.0249186605 -0.05207536 0.00316847861 -0.0291444436 0.0791504085 -0.0672106296 0.0164062977
0.00991252065 0.0555517077 0.0535119027 0.0785469413 -0.0543079711 0.0303822756 0.0339012146 0.0415210128
0.0858179778 -0.0268704146 0.0577388704 -0.070959188 0.0293293595 0.0606449991 -0.0857402459 0.0753322989
0.0284491107 0.0543250591 0.0386808962 0.0454050004 -0.048442848 -0.0114581063 -0.0298904106 -0.0284774266
-0.0432649292 0.0118791386 0.0473164767 -0.0437874831 0.0238824189 0.0870944709 0.00424894691 -0.0649529546
0.02893053 -0.0379916839 -0.07534042 0.0598571002 0.0137005597 0.0446958989 -0.0851537958 -0.0601840094
-0.018708013 0.0234648064 0.00456814468 0.0767059028 -0.0339829214 -0.0859146044 0.0400986373 0.0644018054
0.0796674937 0.00341947377 0.00730581582 -0.025791008 -0.0289023779 -0.0529812723 -0.0516061857 -0.0747126117
-0.0232885554 0.0827222615 -0.00510910153 0.0362943783 0.0427464843 -0.0524905808 -0.00691366941 0.0745680779
-0.0084830597 -0.0299219079 -0.0705116987 0.0012710169 0.00349129736 -0.0186438337 0.0145657286 -0.0637963861
-0.0508792475 0.0539181232 0.0589728504 -0.0380160138 0.053965196 -0.0231408924 0.0129982308 -0.0329810046
-0.0111744851 0.0513830632 0.0388308316 -0.0404757746 -0.0803807452 -0.0482861139 0.0775416195 0.0518616438
-0.024495624 -0.0342839509 -0.0237448215 0.0814424455 -0.0264501013 -0.0217677727 -0.00461738557 -0.0305832587
-0.039776735 0.0751617104 -0.0807853639 0.0161284134 0.0697887242 0.0447560549 -0.0239537209 0.00718095899
0.0656805336 0.007063061 -0.0150045827 0.011693038 -0.0678015649 0.00566183031 -0.00101456791 -0.0308438092
-0.0759793893 0.0475997925 -0.0114800483 -0.0435526185 0.0713160634 0.0668606758 -0.0403891951 0.0363698751
-0.0383893885 0.039575845 0.0366413295 0.0431596041 -0.0836584717 -0.0877045244 -0.0459018163 -0.00814451277
0.055312857 0.0156407803 -0.0253098831 -0.00108361989 0.0725280941 -0.0389836319 0.0719512254 -0.046468433
-0.069282189 0.0594805032 -0.0510686971 0.0679181963 0.0322611704 -0.0708126873 0.0465704948 -0.0580646545
0.00121410191 0.037102893 -0.0546232015 0.0572182536 0.0586447269 -0.0811647847 -0.0395185165 -0.0253280923
-0.0835461318 0.0173285529 -0.0378375836 0.018710956 -0.0492508784 0.0482620001 -0.035600733 -0.0607656538
-0.0702923983 0.0669715703 -0.0570715889 0.0483867228 0.0186333731 0.00458450615 0.0674439371 -0.0593070239
-0.0298681594 0.056175366 0.0256175771 0.0680285394 0.0741358399 0.0469873399 0.00330414623 0.00997817516
0.0790852755 0.00961142033 -0.00355453789 -0.0782141313 -0.000223249197 -0.0142690539 0.0582610667 0.065115422
0.0326608419 -0.087043561 -0.0505132265 -0.0570614561 -0.032692641 0.0594729185 0.0633434206 0.0204586163
-0.0599782467 -0.0532099754 0.0702904463 0.0753111094 0.012127392 -0.0227343589 -0.00431478769 0.0558482856
0.0552033931 -0.0236702189 -0.0257871747 0.0575193763 0.0819225758 0.0703151375 -0.0663986951 -0.0367635414
0.0502847433 0.0121903494 0.00987432897 0.0855026245 0.0149189308 0.022436969 0.032546781 -0.0521361195
0.0548291802 0.0140734538 -0.0220022872 -0.0790415928 -0.00651850551 0.0416778475 -0.00254177302 0.0612243265
0.00679496676 -0.0678876564 0.041768685 0.0395072252 -0.074283354 0.0415602475 0.0860350579 0.0545464456
-0.0805908218 -0.0552846268 -0.0127384588 -0.075005725 0.0308652818 0.0869293213 -0.0537712164 0.0343500823
-0.0456860252 0.0351995602 0.0399469286 -0.0172789171 -0.0453415215 0.0771008581 0.0782066882 0.051071927
0.0767729282 0.033879891 0.0792112648 0.0455972552 0.0784032196 0.0426324606 0.0438383371 0.051508382
0.0178791955 -0.018337369 0.047496289 -0.0482095703 -0.0281293131 -0.0589954965 0.0682121366 -0.00131668895
0.016070582 0.0288783982 -0.0222097784 0.0842812955 0.0210256949 -0.0352146216 0.0379699916 -0.0753672123
0.0832717419 -0.00364232063 0.0876881033 -0.0352193974 -0.00836930424 0.0164329782 -0.0528388098 0.0407171398
0.0732113421 0.0353913829 0.0750029385 -0.014433004 0.0777908713 -0.0376737453 -0.0231736824 0.0818893909
0.0135683343 0.0517980754 -0.0428452753 0.0377828628 0.0257789269 -0.0275202505 -0.0753688663 -0.0024594292
0.000595249236 0.024679184 -0.0515122712 -0.0643020421 0.027594842 -0.0381244458 0.0808038414 -0.0562007837
-0.0450483002 0.0734460056 0.0494077206 -0.0513632484 0.0167559907 -0.00643888861 0.0230442286 0.065592736
0.0213440731 -0.0774500221 -0.061669793 -0.0268670879 -0.0876607969 0.0340791866 -0.00223143399 0.0831561536
0.0693439692 -0.00467539579 0.0223459229 -0.0858496353 -0.0606925935 0.0694489032 -0.042842105 0.0222533792
-0.0491589122 -0.007430695 0.0528183132 0.0202827603 0.0513850451 -0.051600989 0.0803788006 -0.0491191559
-0.0843456611 0.0221045241 -0.0833000541 -0.0136079863 -0.00174301863 -0.0566445142 -0.0374530703 -0.0110282674
0.0237582028 0.0402683467 -0.0252509266 0.0254405811 -0.0483731776 0.0288253129 -0.0354578197 0.0863547325
-0.0792436674 0.0309867784 -0.0772247761 0.0600916594 0.0225879401 0.0728385299 -0.0637515783 0.0765045732
0.0189227834 0.00348339975 0.0213791728 0.0218338594 0.0368084386 0.021751672 0.0315582752 -0.0646294728
-0.0733949766 -0.0208217725 -0.000909000635 0.0495753288 0.0146361515 0.0212127492 0.0232374668 0.0492546111
0.0348839611 0.00561555475 0.0778235048 -0.0372314639 0.000436969101 0.0706777424 0.0556229651 -0.0821038857
0.05046615 -0.0526031703 -0.00947473943 -0.0284130983 -0.0549597591 -0.0699833557 -0.0826022029 -0.0450394303
-0.0184279978 -0.0373656638 -0.023188293 -0.0764122978 -0.0259526856 0.0654553473 -0.0775693133 0.0359741077
0.00589556247 0.00648516417 -0.0141834915 0.00905144215 -0.0661428571 0.0598602295 0.0117396489 -0.0403543822
-0.00561890006 0.0618468225 0.0507456511 -0.0398041494 -0.0656732991 -0.0644094273 0.0829518884 0.0686692297
0.0541521013 -0.0166236982 0.0209895149 0.0669984668 -0.0142228678 0.06728746 0.0683061928 0.0803788751
-0.0653920621 0.067300275 0.0742692351 -0.0350847915 -0.0777074769 0.0131751448 0.0471914262 -0.00269131362
0.0643249601 -0.0250936896 -0.0244740918 -0.0574628599 0.0223255083 0.0357445329 0.0572761744 -0.0855463669
0.000764608383 0.0139872879 0.0316193551 0.0872212648 -0.0834996775 0.0399896801 0.0691469014 0.0690734088
-0.0847569257 0.0444391817 -0.0524435714 0.0848821104 -0.0337403193 0.0806626081 -0.0797735751 -0.0194284394
0.0164756551 0.0169827789 -0.0171170309 -0.0651038289 -0.0579909645 0.0160775706 -0.013588123 -0.0606781505
-0.00665263087 -0.0105073377 -0.0372795351 -0.0790314898 0.0018870458 0.0120869428 0.0539021045 -0.0830690637
-2.82004476e-05 -0.0771585256 -0.0498189814 -0.0550932884 -0.0346275531 -0.0143701062 0.0241918266 -0.0874013528
0.0457246602 -0.0639424175 0.0110564381 -0.0265529081 0.0154415071 0.0125627592 -0.0350568928 0.0239717513
-0.00395414233 -0.0178395808 0.00863518566 0.0536224693 0.0403744876 -0.020393528 -0.0241099671 -0.00457877666
-0.0349425301 0.0738345981 0.0703060627 -0.0186675936 -0.000301204622 -0.0155992359 -0.0378010608 -0.0383707806
-0.0595134199 -0.0785994083 0.0092734322 -0.0471980982 0.00241672248 -0.077461414 -0.0346826538 0.0342088193
-0.00592692196 0.0706914216 0.0496908724 0.00519321114 -0.042699486 -0.028772641 -0.0642102659 0.0565637201
-0.0796685219 -0.0706744045 0.00294711441 0.0662823617 0.0672176778 0.00555176288 -0.0215589553 0.0230864212
0.0394705981 0.068642512 0.0178143382 0.0162445158 -0.0275374763 0.00695885718 0.0770251006 -0.00481649488
0.0176538602 -0.0871576369 0.0161712691 -0.0389501378 -0.028668955 0.0352468118 0.0804662704 -0.0696440339
0.069546029 0.04992944 0.0373253077 0.0712630153 -0.019839339 0.0307302028 0.0232081115 0.0808498114
-0.0298492983 -0.0341593139 -0.0299639329 0.0347714722 -0.0580543056 0.0846467167 -0.0474776253 0.0586250722
0.0401933342 -0.00875865668 -0.0360151269 -0.0666081756 0.0163279176 -0.0509799421 0.0333301425 -0.00247348845
0.00527393818 0.0713549703 -0.0139911771 -0.0736338198 -0.0875543803 0.0275680944 -0.0258692838 -0.0148667321
0.0782318115 -0.0519519486 0.00684329122 -0.086933732 0.0147635043 -0.0140318125 -0.0349575803 0.0102502629
0.0677588433 0.0696875155 -0.0410526358 -0.0785388201 -0.0286846533 -0.00393874198 0.0823646039 -0.0784915686
-0.0197928399 -0.0083919391 -0.0841367394 0.0179777741 0.0708526224 0.0627056807 -0.0732241198 -0.0707036704
0.0304734409 0.0183163881 0.0417235047 0.0741272271 0.00214698911 0.0596938729 0.0197605565 0.0447406918
-0.0493192039 0.0845013708 -0.0677765012 -0.0690008327 -0.035912469 0.00222992897 0.0496609211 -0.0258314162
-0.00171869993 -0.0605988652 -0.0625645667 -0.0666373968 0.0189611539 -0.0569217801 0.0448494703 0.073450923
0.0768678933 0.0547004342 -0.084338963 -0.0405062959 0.000580981374 0.0804167986 0.0186157599 -0.0666623786
-0.0299849585 -0.0552899688 -0.0505068451 -0.0808295906 0.0781605691 0.0862849504 0.06678994 -0.0401834473
0.0704687387 0.0263536051 -0.0878975615 0.0131138861 0.0531327575 -0.0491679721 -0.0311259553 0.0396997482
-0.0779614896 0.0318025872 -0.0721010789 0.0381016731 -0.0398795307 -0.037356291 0.0772551447 0.0840416551
-0.0485861264 -0.050498344 0.00833815336 0.0803373754 0.0494435728 -0.0812711567 -0.0664700419 -0.0192457438
0.0801690072 0.0508336276 -0.0528017506 -0.0466680825 0.00585855544 0.0316027924 -0.0415419079 -0.0724189579
0.0267879516 -0.0657115579 -0.0720532238 0.0178169236 -0.0126131326 -0.0337748714 0.045971185 0.0835054666
0.0737968534 -0.0103774443 0.0658258498 -0.00987996161 0.0654728115 -0.030324392 0.0795181096 -0.0869345218
0.0674297512 0.073411569 -0.0397556685 -0.0556821004 0.0301074684 -0.0414602794 0.000803388655 0.0569889247
0.0533849597 0.0307964608 0.0681103617 0.0091701299 -0.0767950788 0.0537741482 0.0840793401 -0.0269211084
-0.0175762102 0.00859664381 -0.0664289594 -0.00377125293 -0.0694444999 -0.0222515017 -0.0579934418 0.033922337
0.0226004645 -0.0468229912 -0.0488750637 -0.0446881987 -0.0829460323 0.0840896368 -0.0628569126 -0.0223585665
-0.0621905103 -0.00543162227 -0.0501506589 0.0790488571 -0.0543982238 0.0548655391 -0.0871583447 -0.0311288834
0.0851426721 0.0202278718 0.0144755691 -0.0470415354 0.0436867774 0.0578248203 -0.0681681037 0.0622275025
0.0716039538 0.0421423167 0.0247111544 0.0380872488 -0.00919201225 0.087127313 0.0868939608 0.0145455748
-0.0325982533 -0.0559573621 -0.0396105759 0.0365344509 0.0182094947 -0.0580369681 -0.0335432403 -0.0627704784
0.00502435863 -0.0393227711 -0.0196383744 0.0120110065 -0.00281458348 -0.0170321092 0.0301647708 0.00160821527
-0.0342996009 -0.0770934001 -0.0813563839 -0.0276976302 -0.0152826607 -0.00357495993 -0.0491961204 0.0471150875
-0.0645303354 0.037255317 -0.0491432734 0.08042714 -0.0849313661 0.0346694216 0.0700031072 -0.0180306062
0.0780170709 0.0239120498 -0.00761996955 -0.0325789191 0.0861485451 -0.0288663581 -0.0746411681 0.0114936829
-0.0697076097 0.0470994115 0.0652818531 0.0756122917 0.035172753 0.0545519143 0.0208002925 -0.0299988948
-0.0459860973 -0.0353724472 -0.037297491 -0.0249472708 -0.0151022598 0.0113974139 -0.0543972068 0.0690642446
-0.0487269387 0.0746081918 -0.061824806 0.0577708632 -0.0825324133 -0.0592422634 0.00702629238 0.078091979
-0.0386093594 0.0155639723 -0.0750007108 0.0403309464 -0.0183821321 0.0115412995 -0.0591935292 0.0231277198
0.0435802042 -0.0798676088 -0.055866994 0.0432322323 -0.0315478332 -0.0229647309 0.0358698666 -0.02471558
0.0715803951 0.0480408221 -0.0868165046 0.0758037269 -0.0704724342 0.0827499032 0.0781323463 0.0716052949
0.0541437566 -0.0361088105 -0.0260433368 0.0573734492 0.0200659335 -0.0816435888 0.0311983526 0.0473518223
0.0101238042 0.00707364082 0.0275110751 -0.0876643211 0.00785861164 -0.0313929468 0.0575711876 -0.0847269297
0.020922184 0.0536736995 0.0285626277 0.0614549965 -0.00479465723 0.047933042 0.028120853 0.0814736784
0.062118873 0.0605812371 -0.0077553615 0.0281702429 0.0748467445 0.0197142586 0.018111296 0.0481461734
0.0621685684 0.0530583113 0.0375585407 0.0248668939 0.00637954473 0.0209330916 0.0584411323 0.0565163195
-0.0287801027 0.0700563341 0.0662555397 0.00720950961 0.0684868395 0.0106917918 0.00451098382 0.0845811814
-0.0739803389 0.0697532445 0.0459389687 0.0869050175 0.0350745469 0.0481896102 -0.0775501728 0.0589250326
0.0708156973 0.0796097666 0.00573481619 0.0775938779 0.0865001976 -0.0130541027 0.0220725611 0.0477716327
-0.00772693753 0.0607134104 0.0744659454 0.035324946 -0.0768028572 0.0650774986 0.0108544976 0.0346484035
-0.0199387223 -0.0721112341 -0.0357749313 0.0281542391 0.0112685263 -0.0116551891 -0.0161187053 -0.083289355
-0.0070893392 -0.0525015518 0.0267914534 0.0507078469 -0.0713779628 0.0187911093 0.0138486624 -0.0318778418
0.035892956 -0.0794086307 0.0595825016 -0.066301614 0.0597420782 -0.0167826787 0.0280391648 0.00594255328
-0.0607261695 0.0272304341 0.0605025291 0.0226504058 -0.0778578073 -0.00226191431 -0.0781281739 -0.00910048932
0.0830521286 -0.0709928721 -0.044550065 -0.0676571801 0.0819400549 -0.0158575997 -0.0305668749 -0.0080961585
0.0793001056 0.00286311656 -0.0177084282 -0.0860271826 -0.012592718 0.0310590267 0.0442575514 0.0686199963
-0.0331548862 -0.00166539848 0.0474132597 -0.0849416405 -0.0636420846 -0.0308466107 0.0169724226 0.0203563869
-0.0580498055 0.0175196007 0.0156885013 0.0117400587 -0.0811920017 0.0667545795 -0.0529652126 0.0767072588
0.0470695645 0.01081983 0.0502985418 -0.0136962011 0.0173959285 0.019168824 0.0371503532 -0.0111054629
0.0851224363 0.00430053473 0.0877444148 0.0291144773 0.0167947784 -0.0196371153 0.0328462496 -0.0255454145
0.0509988517 -0.0140126944 -0.0612765998 -0.00525917113 0.0348675177 0.0555973649 0.0335119963 -0.0492141843
-0.0196687728 0.00102615356 0.0727622807 -0.053786885 0.0307997987 0.0626364201 -0.072108224 0.0536765754
-0.0584821366 -0.0200395882 -0.0474944077 -0.0808292553 -0.0290063508 0.0851543546 0.0353795886 -0.0345558114
0.0221691281 0.0854744762 0.00943896174 -0.00721464306 -0.0104376897 0.0649448633 0.0307668522 0.00500205159
0.0650692135 0.0121191442 0.033267349 0.0720565617 -0.0666598082 -0.0863424838 -0.0803427547 -0.0192831457
-0.0826462731 -0.0693314672 0.0051182434 0.0318909511 0.0716284066 0.0391533822 -0.0302604921 -0.0205201581
0.00694711506 0.0832279027 -0.0693971664 -0.067448765 -0.0633758232 -0.012050651 0.0383228064 0.0362592489
0.0590659827 -0.0305287018 -0.0398362055 -0.0552333221 -0.0466530435 -0.0736848339 0.010285385 -0.0566289909
0.0549020469 -0.0419069305 -0.0391914696 -0.058874134 0.0241968408 0.0777830034 -0.0242729262 -0.0813764855
0.0372499824 0.0653066486 0.0412432104 -0.0596829802 -0.0122996643 -0.0306417644 0.0277394652 0.0785595477
-0.0463690273 0.0524393767 0.0222816616 0.0846428126 -0.0838159397 -0.0649976581 0.0852340162 -0.0150515437
-0.0606753156 -0.0675986111 -0.0766472295 -0.0624585226 0.00337999314 0.0588651747 -0.000510640442 -0.0556714274
0.0190547034 0.0243842974 -0.00182564557 0.0415459275 0.00445077568 0.0503784865 -0.0662226826 0.0273879915
0.0158642158 0.0133160725 -0.0860346705 -0.0385448001 -0.0519912131 -0.0293163322 0.00130325556 0.00659793615
0.0488299131 0.0459190011 -0.00866423547 0.00471780449 0.0373136252 0.0479788035 0.0396371037 0.0455930233
0.00598005205 -0.0795525759 -0.0142206252 0.0170477927 0.0100731775 -0.0221840218 -0.0804053918 -0.0716574043
-0.056208171 0.00137842447 -0.0160284191 -0.0754662901 -0.0761969015 0.0359885097 -0.00593865663 -0.0419767462
-0.0628986508 0.0870998353 -0.0111922547 -0.0328710489 0.0456516296 0.0647117496 -0.0245513692 0.00647777319
0.0120435357 0.0334620774 -0.0198064223 0.0751240551 0.0232301354 -0.0289338566 -0.0365812704 0.0106339455
-0.0554918535 0.000992126763 0.0259028599 0.0184319764 0.0283920318 -0.0280986317 -0.0436350629 0.020840697
0.0519580394 0.0846490115 -0.0171562657 -0.0706673414 0.00324486196 -0.0333809555 0.0256560296 -0.0827354491
0.0224007815 -0.00411969423 0.0680081397 -0.0580054522 -0.0731235594 0.020143114 0.028514035 -0.0664715841
-0.032550212 0.0269964486 0.035469681 -0.0632657707 0.0302399769 -0.0245216116 -0.0662129223 -0.0342150778
-0.0822933465 -0.0202392787 0.0582238287 0.0834866166 -0.0723408014 -0.0626958758 -0.0266536027 -0.00166362524
0.0394430757 -0.0427898243 -0.047261294 -0.0585026667 0.048614502 -0.0839868486 0.0160353333 0.000980466604
-0.030053705 -0.0301311649 0.0209250972 0.0375716686 0.0591960549 -0.0562067218 -0.0701010823 -0.0643970966
0.0602999628 -0.0411422066 0.0628806353 -0.0217928365 0.0723378509 0.0870363563 0.0867122263 0.0840483308
0.0363785923 0.0632140189 0.0411678702 -0.00359347463 -0.0466720313 -0.0633058548 0.0182031393 -0.0443089865
-0.0473601967 -0.018065013 -0.0566907264 6.2122941e-05 0.058984071 0.0457274914 -0.0149790272 -0.0612353012
0.0312844813 -0.0215911716 0.00707194954 -0.0568533055 0.0588641465 0.0570345521 0.00577374548 -0.0632664338
-0.0829551741 -0.0794115961 -0.0366347358 0.0556949079 -0.0142178237 0.0671922117 -0.0359742343 0.00779580325
-0.0511366352 0.0408916771 0.0290326551 0.0808008164 -0.0400748141 0.0138178244 0.0118986294 -0.00477883965
0.0789698958 -0.028362833 0.0304076225 -0.0711383373 -0.047674723 0.0880367309 -0.0476218797 -0.0846448615
-0.0606338382 -0.0456711389 -0.0077111423 0.0295790136 0.0324572548 0.0628844798 -0.0372430384 0.0664710701
0.0418369174 0.0719670653 0.00147686154 -0.0726880729 -0.0815948397 0.0295183063 -0.0599689409 0.0757959783
0.0239300579 -0.00612779707 -0.0839377493 -0.0781358629 -0.06024988 0.0204707459 0.0332282111 0.0383807272
-0.0241386741 -0.0396696888 -0.0820333064 0.0516663492 0.0854831338 0.00418753922 0.0250742808 0.0744861066
0.0139925927 -0.0826625973 0.0690486133 -0.0371557884 0.0460553616 0.00140344352 0.0599402785 0.07987459
-0.0460340753 0.013129741 0.0214027464 -0.0718223453 -0.0746767819 0.0224175528 -0.00376493484 0.024431847
-0.0565287545 0.0728878975 0.00173602253 -0.0816089362 0.0325094238 0.0775277466 -0.0787687525 0.0326942652
0.0109966546 -0.0577969104 0.0572669059 0.0246253684 -0.00730137527 -0.0739241466 0.0669648945 -0.0186953917
-0.00475939363 0.00195535272 0.0601119101 -0.0860965252 0.0203858837 -0.0637743175 -0.00854244083 0.0570758432
0.0597019941 -0.0601825193 -0.041997835 0.0530574024 -0.0100741014 -0.0427547172 -0.051926747 0.048381269
0.00622463226 0.0378847271 -0.0147878677 -0.0713814199 -0.0734920129 0.0158778429 0.0319827348 -0.0203213468
0.049685359 -0.0567410216 -0.0419197865 -0.019672513 -0.0140690878 0.034829326 -0.0294038467 -0.0242476612
-0.0617668368 0.0678063631 0.0617114902 -0.0381032452 0.0837057978 0.0328174606 -0.00533187389 0.0326695517
-0.04064098 0.0355213657 -0.00332438201 0.0533204228 0.00769492984 0.0292113647 -0.0645156652 0.0565658063
0.0127724335 -0.0106210411 0.00161691755 -0.029289443 -0.0302229598 -0.0501965284 0.0425598472 0.0616141707
0.0619838536 0.0428147465 -0.0815856159 0.0614357144 0.0016361177 -0.0462559871 0.0720430315 -0.0423332155
-0.0623308383 0.0585912317 -0.0840193331 -0.0527661815 0.00733222067 -0.0453791246 -0.0664426982 -0.0482263006
-0.019310005 -0.0113373548 -0.0695185363 0.00325491279 0.02121526 0.0105768442 0.0669392496 -0.0121877789
-0.00821048021 -0.0165148899 0.0802015215 0.0782939494 0.00437159091 -0.0446261913 0.00460771471 -0.0740226507
0.0246193707 0.0466617346 0.0848634094 -0.0658987984 0.0467917919 0.0152623206 -0.0246565267 -0.0619136095
0.0244526267 -0.0588296317 -0.0389504433 -0.0493842997 -0.0359450057 -0.0703671426 -0.0534802303 -0.0840958208
-0.0816705227 0.0102839991 0.0604928285 -0.0784052536 -0.0394940935 -0.0598021187 0.0796157867 0.0107117519
0.0130696744 -0.0822726786 0.0182562545 -0.0696300268 0.0540163517 0.064311102 0.06658566 0.0661844462
-0.0270318612 0.012701802 0.0103075728 0.0248431563 -0.0754684433 0.0435526818 -0.0547936521 0.0688541979
-0.0718358457 -0.0217033997 0.0187593848 0.0662168115 -0.0482033454 -0.0100800842 -0.0397100113 -0.0604652986
0.0669027716 0.0558320433 -0.0802571401 -0.0467632599 -0.0616306551 -0.081665203 0.0816733688 -0.0517627709
0.0818321109 0.0255698934 -0.0577717498 -0.0187066793 0.0538720191 0.0326395035 0.0119359642 0.0532600135
-0.00948718935 0.0703919679 0.0385484248 0.0662863106 -0.0553697161 -0.0412356704 0.0195667893 -0.020709835
-0.0332384109 -0.0287263244 0.0329907537 0.0682625622 0.0255322456 -0.0651737377 -0.0605045706 0.0118396506
-0.0415605046 0.0845456272 -0.0832063332 0.0109020844 -0.0384224318 0.0840456933 0.0134491548 0.057458058
-0.0288426802 -0.0516193472 -0.0777694061 -0.0716284662 -0.0389719792 0.0844160169 -0.0695887804 -0.0836305842
-0.0368191041 0.0700170398 0.085476324 -0.000236049294 -0.0168918446 -0.0620042831 -0.0258354656 -0.00706531852
0.0160414577 0.0207944214 0.0555547327 0.0712843686 0.0655897409 -0.0273355767 -0.0386473462 0.0645365268
0.0782963037 0.0816390365 0.00146594644 0.0295886919 -0.00149457902 -0.0665828139 0.0518076122 0.0425552577
-0.0223010927 0.0638578236 0.0241115987 -0.0527095683 -0.080879353 -0.0840427428 -0.0396490432 -0.0531370603
0.0245506018 -0.073528789 -0.0153435916 0.0608257949 0.0217100084 0.00378587097 0.0434654802 0.0541324764
-0.080995746 0.0115420893 -0.0171757042 0.0817636251 -0.0165241435 0.0182090849 -0.0613111407 0.00459371507
0.0124614015 0.0362545028 0.045876801 0.0260808691 0.0174998567 0.0764752626 -0.0754248872 0.0234630629
-0.0265675895 -0.0653828233 0.0802903175 -0.0671388507 -0.0125731379 0.0841586739 -0.0778245926 0.0247153267
-0.034056548 -0.0174149126 -0.0100607499 -0.0248091072 0.0629502833 -0.0831712112 0.0469978899 -0.0434050784
-0.0332157835 -0.00407403708 -0.0108510256 -0.0326281041 -0.033659324 -0.0579232462 0.0584729165 -0.0022983402
0.0804765075 -0.0657722652 -0.0449431539 -0.0832166448 0.0256393254 -0.00573298335 0.0322476327 -0.0869932622
-0.00154427439 0.0515311062 -0.0275749974 -0.00772741437 -0.0355397724 -0.0837051198 0.0443395227 0.000641740859
0.0220890343 -0.0249918997 -0.0550321601 0.0705483705 0.00711227208 0.0508349687 0.0695812553 0.0875372589
0.0678782165 -0.0648187175 0.0776368082 -0.050819546 0.0844579935 0.0769938976 -0.0121554956 -0.00129188597
-0.0785503313 -0.0503068492 -0.0610031933 -0.0465717204 0.0518686622 0.0330103412 0.0426715463 -0.0521384887
0.0425540954 -0.0114527792 0.000746831298 0.0749721229 0.0263266042 -0.0826605186 -0.0497094914 -0.00966537744
0.0145910531 0.0371358693 0.0365607589 0.0594326407 -0.0133515224 0.0225630552 -0.00364865363 -0.0545522831
0.0700270236 -0.00404369086 -0.0710981414 0.0601012856 0.0633550882 0.00823271275 -0.0102428123 0.0369500294
0.00991968066 0.0132811219 -0.0345168822 -0.0737631321 0.060413301 -0.0655056611 -0.0326382108 -0.000654041767
-0.0668214932 -0.086425662 0.00613300502 0.0280129984 -0.00697044283 -0.0209224597 -0.0559513904 0.0672282875
0.0527670979 0.026190266 -0.0540115163 0.087605536 0.0680456012 0.0113291293 0.0535932332 -0.0792183056
-0.0705113038 -0.0296439901 -0.0353941657 0.0255060047 0.0462161601 -0.0488743633 -0.0509039536 0.00811398029
-0.0185888186 -0.0408248119 0.0527329892 -0.0629132316 0.0824824572 -0.0325730853 0.0275496095 0.0437688231
-0.0259555094 -0.0780013055 0.00305101275 0.0652585328 0.0587465167 0.0679462701 -0.0801682398 -0.0037824437
0.0750617385 -0.0574353486 0.0823330432 0.0591430217 -0.0513119772 0.00358156115 -0.0356616601 0.0502210557
-0.0321468823 -0.0246226788 -0.0323827751 -0.0179344788 0.0812677443 -0.0238391235 -0.0016945228 0.0183411762
-0.033677306 0.072526738 -0.0684923977 0.0213708803 -0.0832019746 0.0594227612 0.0715797991 0.0439971238
-0.0550076626 0.0187399983 0.0550316572 0.0629698932 -0.0591381043 -0.042857375 -0.0200474486 0.0223966464
-0.0380682088 -0.0825596526 -0.0697999299 -0.0473470017 0.0674922615 0.0186495557 0.0684931129 -0.0596019551
0.0310284942 -0.0672875717 0.00572858006 0.0490802079 -0.0018524304 -0.0447302237 0.0489380658 -3.73721123e-05
-0.079248406 -0.0385620669 0.0516332388 -0.0759008899 0.0263550431 -0.0523514934 -0.0759224296 -0.0192292333
-0.0799329206 0.0152354836 0.0157400295 0.0806002915 0.0608110726 -0.0812201202 -0.0222166628 0.0318163335
-0.0121658593 0.0835544765 0.0234038681 0.0526819527 0.0659571886 -0.0498564951 -0.0438204594 -0.0335944705
-0.02008757 0.0273994356 -0.0750858337 0.0509079844 0.00319905579 0.0816610157 0.0831557661 -0.0275261924
0.0731259584 0.0508020967 -0.01621788 -0.0587283149 0.0325867459 -0.0048307851 0.0179802254 -0.0554648079
-0.0804824382 -0.077285558 0.038802281 0.055870086 -0.0647549257 -0.0525917932 -0.0416092277 -0.0566004179
-0.0417545289 -0.0453454554 -0.0742447525 0.083015278 0.00155702978 -0.0461700149 -0.0820892826 0.0659906417
-0.0274096578 -0.0584526435 -0.0319621451 -0.0861678347 -0.0240748376 0.0169652849 -0.0570721328 -0.00533287227
0.0657863319 0.0269725993 0.0151981786 -0.0134211928 0.0158587843 -0.0564187169 -0.0653836578 -0.0362647884
-0.021418944 0.0183331892 0.0615613908 0.0784030408 0.0783533007 -0.0362431593 0.0508992374 0.0305459276
0.016956754 -0.0546692349 -0.0399739295 0.0729522109 0.00856300443 0.0146167129 -0.0446649194 -0.00507860631
0.00365100056 -0.0198668018 0.0223886371 -0.045581013 0.0128966421 -0.0542356558 0.0619942546 0.0125399604
0.0709343851 0.0680015832 0.0714119077 0.0102138221 0.0614215881 -0.0770868808 -0.0764104277 0.0546790361
0.0250201747 0.0328630954 -0.0104866475 0.0467454046 -0.0677847862 -0.0362326838 -0.0613841414 0.0701562166
0.0505996346 0.00706745684 0.0379003584 -0.0647476017 0.0412008315 0.0454947948 0.0211691186 -0.0339839607
-0.0594676733 0.0671536475 0.0593546629 -0.0436551608 0.0188998133 -0.0844673887 0.0852376074 0.0176765099
0.0216780454 0.0643468052 -0.00566615164 0.012210004 0.00754073262 0.0338719413 -0.0292653032 0.0647933781
0.053498283 -0.0573608801 0.0197072774 0.0866223574 0.0657082349 -0.00663530082 -0.0113443136 -0.0224614367
-0.0711489543 0.0239079744 0.0489176661 -0.0637791455 -0.0212649256 0.00293496996 0.0480316728 -0.0603262261
-0.0717905313 0.0400698632 0.0622068495 -0.015829809 -0.0267549083 0.0393178016 0.0357918367 0.0777286142
-0.0492850728 -0.0458134525 -0.0796675384 -0.0878706723 0.0397797227 -0.032506939 0.0779037476 0.0276635289
0.0077052936 0.0747030973 -0.0109556019 0.0697077513 -0.0789490193 -0.0312752984 0.00147511065 0.0804341882
0.00574722141 -0.0779331699 0.00151776522 0.00723826885 -0.0521202497 -0.0258519351 0.0550484955 0.0559844077
0.0404644459 -0.0705555826 0.0500834733 -0.0399283133 0.0862091929 0.079867363 -0.0316265114 0.00357850641
0.0494883806 0.0833340734 -0.0841129124 0.00506169349 -0.0573674627 0.024240084 0.013569802 0.00599707663
-0.0211971849 0.0332219303 0.0562210828 0.0832231492 -0.0304948837 0.0387116075 -0.0679950118 -0.0839349031
-0.0539190397 0.063266322 -0.0393691324 -0.0318965875 0.0159491152 0.00129980594 -0.0669305772 0.0149576887
0.0794093758 -0.0346085541 0.00587767363 -0.0226839259 0.0504827648 -0.0603757054 0.0385928303 0.0863318443
0.037213847 0.0486121327 0.0771736056 -0.0256134607 -0.0569006838 -0.0533519313 0.014185138 -0.00136318058
-0.0576522574 0.0556530058 -0.0300971046 0.026907295 0.041299209 0.0271321088 -0.0789634138 -0.0653050244
0.0569936782 -0.0502398126 -0.0686164424 0.0397537202 -0.063582547 0.0377048701 -0.0345834792 0.0705081969
-0.0248394981 -0.0773131326 0.0851292163 -0.0271941684 0.0330105722 0.0241820514 0.0624389052 0.00311611593
0.0624251962 0.0824239403 -0.0526446402 0.00833430141 -0.0747473314 -0.0443143919 -0.00634218752 -0.0866347849
0.0725198537 -0.0567912348 -0.0757940784 0.000650405884 0.0267974883 -0.060617663 0.0701602995 -0.0588708818
0.0330545902 0.00584318489 0.0798224062 0.0276898742 0.00904441625 -0.00116354227 0.0254907608 0.00850386173
-0.0652260408 -0.0136789382 0.00164704025 0.0473457277 0.0567237735 0.0434541106 -0.0562837496 -0.0113537833
0.0331267715 0.0834039599 -0.0815058425 -0.0202973485 0.0568652004 -0.0386459604 0.086297065 0.0422017872
0.00551562011 0.00991475582 -0.0355652869 0.076314047 0.0672859848 -0.0716124997 0.0874271244 -0.011629194
-0.0203753635 0.0083533898 0.0609527975 0.0577364117 0.0124654844 -0.0184940696 0.0257671326 0.0331613645
-0.0243598521 0.0809118301 0.00621410459 -0.0717620626 0.0583260506 -0.0458435342 -0.00856097043 0.0826573521
0.0491344929 -0.0333951451 0.045706138 -0.0446265787 0.0101221725 0.0132189021 0.00108236074 0.0466370732
-0.0785611123 -0.0324067995 0.0106180757 0.00379657745 -0.0625096038 0.0290243924 0.0394476801 0.0426268727
0.0111943707 -0.0475774072 0.00467152148 0.0500383079 0.0366889387 -0.05944518 0.0525789559 -0.0216059536
-0.0416805036 0.0541902333 0.0755438209 0.0448632091 0.041151002 -0.0334379263 -0.0730700642 0.059511289
0.0556820333 -0.0419088937 -0.0202720389 0.0781700164 -0.0301586092 -0.0286442041 0.0555385798 -0.0864885151
0.0424894542 0.08102943 -0.0560654402 0.0370979458 -0.0272484012 0.0101035461 -0.0858866125 -0.0837539881
0.0784786791 0.00773064792 0.0713931918 0.00588816404 0.00881966949 0.0648241937 -0.0312835909 -0.0600184165
0.0840110332 -0.051156316 0.007637918 -0.0181063414 -0.00237037987 -0.0752409771 0.00932247937 0.0532724261
-0.010785237 0.0163368583 0.0758220851 0.0293761045 0.0189285874 0.0564190298 -0.0703709498 -0.0492971838
-0.0512867458 -0.0688232556 0.0485908985 0.00383071601 -0.0114022121 0.077246666 -0.0869795233 0.075734511
0.0425784737 0.0160963237 -0.0585607402 0.0451072305 0.035742268 0.0880387574 -0.0318135135 -0.0464390218
-0.0361628979 -0.0356582068 -0.0795869008 -0.0722281709 -0.0133290663 -0.0476739071 0.0200669244 0.0264574885
0.0674842149 -0.0777694136 0.00705190003 0.0431571603 -0.0445005558 0.0399292111 -0.0321476571 -0.0798729211
endtensor
tensor update_b 32 32
-0.0552119538 0.0792182237 -0.0266446918 0.0270337686 -0.0633755773 -0.0225407258 0.00264833868 0.0252573714
0.0223947242 0.0731092989 0.0337590575 -0.0465645939 -0.0852632672 0.085676387 -0.0727894306 0.0468235165
0.0527997315 -0.061540138 0.0456861109 0.00648786128 -0.0637754723 -0.0834688097 -0.0267020836 0.0514276922
0.0154624358 -0.0190709904 0.0333533213 0.0429465324 0.0446260124 0.0541719198 -0.0150585547 0.0197436363
endtensor
tensor head_w 192 96,2
-0.0564844161 -0.00564265996 -0.0222764537 -0.029756017 0.0566371977 -0.00896018744 0.0337336957 0.0764716864
0.00534828007 0.00746160746 -0.0503288098 -0.0458107628 0.0588510782 0.0383273512 -0.0960351229 0.0607780814
-0.0254998729 0.0733796954 0.0797142535 -0.0932940841 -0.018165879 -0.0835795924 -0.0826390237 -0.0823624209
0.0245660096 0.0868290216 0.0258647203 0.0780054033 0.00991312414 -0.0685406327 0.0784574896 0.0993888825
0.0510960966 0.0163535178 0.0376868844 0.065396592 -0.0247436985 0.00175546855 0.0952545702 -0.00171855092
-0.0443217456 0.0818671435 -0.077193886 0.0373052061 0.0266679823 -0.0585561953 -0.0447518043 0.00891178846
-0.0984911621 0.0665511191 -0.100815304 -0.0299545899 0.0136932954 0.0568998605 -0.0738841817 0.0325864255
-0.0428974926 0.0136193857 -0.0636299998 -0.073872149 -0.073727414 0.0827913135 0.0329510272 0.0653206259
0.0517372042 0.0908836871 0.0175169632 0.00929827988 0.0607691407 0.0960268974 0.0275806338 -0.0378156379
0.0164254233 0.0824781954 0.065342024 0.0995091945 0.0576202869 -0.0898743197 -0.0125073567 0.0864749104
-0.0324879661 0.00201301277 -0.0487004742 -0.0784567967 0.0846737623 0.0775010288 -0.0247912705 -0.0189010203
0.0485658646 -0.0478011668 -0.0396930166 0.0511983186 -0.00700992346 0.0314475447 -0.0161753893 -0.0990255848
0.0959808379 0.0183644071 -0.0912801623 0.0642765015 -0.0373894349 -0.098389484 0.0455405712 0.0618790835
0.008651115 0.0966775715 0.0887973905 -0.0744731352 -0.0768357813 0.0780126005 0.0908389091 -0.00726296753
0.0639771074 0.0371993929 0.0248126388 0.0244472474 0.0510137975 0.0961202532 -0.00816053152 0.0376959592
0.0336555243 -0.098145403 0.0285278559 -0.00636256486 -0.00384755433 0.0320529491 -0.00181104243 -0.0576511249
-0.033850193 0.0815015435 0.00165917724 -0.0791568235 0.0637599528 -0.0277946219 0.013213262 -0.0187840238
-0.0394980907 -0.0462042205 0.0518499315 -0.0787272528 0.0914513171 0.0113614202 -0.0550040789 -0.0137891099
-0.0603024289 -0.0405458063 -0.0242178887 -0.0901015699 -0.0283171311 0.0902588218 -0.0554958582 -0.0387172699
0.058438763 0.0345831215 0.0948255509 0.0642816275 -0.101079389 0.0284555107 -0.0945998356 -0.00991938263
-0.0592494085 0.0770637393 -0.0595513992 0.0443076044 0.0808324516 0.061149925 0.0773626715 -0.0307628214
0.0947300345 -0.0426845402 -0.0133172572 -0.0314986035 -0.00891663134 -0.0847881585 -0.00129298121 -0.016995728
0.0329224169 0.0791185349 0.0843217224 -0.0101614818 0.0485154539 0.0499281883 -0.0914139003 0.0252818614
-0.0868724436 -0.0827113837 -0.101603583 -0.0493233502 -0.0299326479 -0.099019438 0.00193893164 0.0540402979
endtensor
tensor head_b 2 2
0.0253262967 0.0484623462
endtensor
tensor logits 192 96,2
-0.148267582 0.0394845381 -0.154186592 0.0438048057 -0.10886018 0.14216058 -0.0936383903 0.14930366
-0.142669722 0.0430348516 -0.0888313502 0.134252757 -0.0990186632 0.139642507 -0.0925306007 0.142119855
-0.101333395 0.128966391 -0.15419668 0.0406214967 -0.0933843702 0.130563065 -0.14755246 0.0465376005
-0.147674099 0.0414964333 -0.0994943231 0.139477223 -0.152412429 0.0409155264 -0.147702798 0.0501179136
-0.152981505 0.0481352136 -0.148096085 0.0401109383 -0.103337497 0.143988997 -0.152781576 0.0386392549
-0.0994535387 0.128614172 -0.0973369181 0.13176319 -0.0924955681 0.128111124 -0.146776661 0.0504494905
-0.105301782 0.126295567 -0.0896395221 0.13918148 -0.148576662 0.0519921184 -0.0891351253 0.130084574
-0.15362078 0.0418410376 -0.103195921 0.134955585 -0.0963453501 0.128805369 -0.150868371 0.0479823016
-0.155568838 0.052690085 -0.158928186 0.0419311002 -0.138193429 0.0526756719 -0.145614967 0.0487555042
-0.0922525227 0.129266411 -0.151797786 0.052311033 -0.102654502 0.132349268 -0.148113444 0.0428433083
-0.102567911 0.140361354 -0.0925735235 0.146900594 -0.156095132 0.0455054045 -0.154657647 0.0373324938
-0.105838582 0.138658792 -0.173241004 0.0354955494 -0.158922508 0.0500809811 -0.166372627 0.0476100296
-0.0914128795 0.130400151 -0.0772056282 0.137899905 -0.155443534 0.0394193307 -0.153615192 0.0415900722
-0.156067237 0.0471934527 -0.0892436504 0.127777249 -0.15424259 0.0556971654 -0.154589429 0.0387929641
-0.102758572 0.139134496 -0.157994494 0.0438476577 -0.0922156051 0.146358326 -0.10135825 0.126618028
-0.145615205 0.0466445759 -0.0910826772 0.125593498 -0.0969143957 0.145185575 -0.0967869759 0.12309543
-0.140863404 0.0476355143 -0.152612194 0.0537505224 -0.148669675 0.0425038971 -0.155407414 0.0464747958
-0.161817595 0.0427105799 -0.148759797 0.0422112122 -0.093854785 0.143137366 -0.102813527 0.138909474
-0.0938848332 0.141746953 -0.150153443 0.0472772829 -0.107497692 0.140590668 -0.144427627 0.0482395478
-0.101818278 0.133338675 -0.0874398127 0.138424039 -0.146751985 0.0495502949 -0.100910798 0.134521097
-0.0998466909 0.12604475 -0.0985194296 0.15409641 -0.152037159 0.0471666008 -0.0979456455 0.137533203
-0.155863166 0.0388122126 -0.095399797 0.137243569 -0.154074609 0.0464955345 -0.156180069 0.0381786861
-0.0984713137 0.129718572 -0.165671423 0.0436610058 -0.0976131633 0.140851662 -0.106211469 0.136532545
-0.10774909 0.138668031 -0.0938518345 0.133192778 -0.096431762 0.119163089 -0.0949846879 0.132154897
endtensor
tensor logits_first 192 96,2
-0.0246806294 -0.0521014631 -0.0269027427 -0.058619529 0.277220607 0.247634321 0.292419016 0.272187173
-0.033266902 -0.0478689671 0.280494332 0.267406464 0.2932899 0.243541777 0.306116998 0.212526351
0.259105057 0.269059718 -0.0273880959 -0.0601665378 0.289220214 0.256772071 -0.0351810381 -0.0299078375
-0.0367673337 -0.046464473 0.293902576 0.234423593 -0.0260132402 -0.0555777252 -0.0174465105 -0.077995196
-0.00436791778 -0.0594882369 -0.0382361263 -0.0539687723 0.291839004 0.263235927 -0.0348242968 -0.0484091192
0.260230005 0.264282137 0.273816943 0.27149123 0.273249984 0.263188273 -0.0128020197 -0.0618314594
0.281482458 0.242124647 0.285509586 0.281456053 -0.00931484252 -0.0509581864 0.288840652 0.265384197
-0.0271213427 -0.0462304056 0.281634569 0.263623595 0.293808997 0.260833561 -0.0192072317 -0.053441152
-0.039799735 -0.0524062067 -0.0257375836 -0.04698129 -0.0269595385 -0.0486107171 -0.024835363 -0.0462493896
0.286598444 0.277552187 -0.00714140385 -0.0747010559 0.282776415 0.243016928 -0.0313398689 -0.0557760298
0.296621561 0.241898477 0.27723825 0.271810532 -0.0138995573 -0.0594689548 -0.0379370749 -0.0524224341
0.299835563 0.225810796 -0.0341294706 -0.0665960908 -0.0357236266 -0.0606342703 -0.00772732496 -0.0531398356
0.317401588 0.271165729 0.301451504 0.30471307 -0.0424763784 -0.046451211 -0.0456834957 -0.0577097535
-0.0278771371 -0.0658139884 0.281468749 0.287204981 -0.000299558043 -0.062394768 -0.0373645201 -0.064105466
0.290234208 0.254462689 -0.0146923587 -0.0624453872 0.283493996 0.258395016 0.286918163 0.254745364
-0.0363599434 -0.0338827968 0.291048765 0.27113986 0.294412315 0.270587772 0.257802486 0.277926534
-0.0257633105 -0.0359330773 0.00246434659 -0.0752153695 -0.0192821547 -0.0566248894 -0.0234839022 -0.0727201998
-0.0360396057 -0.0679252446 -0.0169835538 -0.043928802 0.284402549 0.245889157 0.284530938 0.241249472
0.29198879 0.270412803 -0.0238776803 -0.0497266203 0.274604738 0.245299429 0.00448662788 -0.073263377
0.276058435 0.254772186 0.287597656 0.275062859 -0.0296316743 -0.0325794965 0.27136448 0.248902202
0.285235465 0.265700102 0.311877608 0.226114094 -0.0233149529 -0.0586197525 0.285375118 0.234327704
-0.0332984477 -0.0442569703 0.276333749 0.276418686 -0.0148511827 -0.0608121902 -0.0433595181 -0.0558035523
0.283765793 0.257932603 -0.023793757 -0.0726976991 0.291907489 0.230138689 0.289957166 0.269242287
0.27392441 0.257006705 0.273720562 0.260309279 0.275904775 0.271760851 0.278443456 0.25724557
endtensor
tensor entropy 96 96,1
0.999864399 0.999818623 0.999842227 0.999926209 0.999961495 0.999969125 0.999553859 0.998422086
0.999982178 0.999806285 0.99981004 0.999994993 0.999982953 0.99936229 0.999842465 0.999339163
0.999452293 0.999955297 0.999852538 0.999966621 0.999997079 0.999999166 0.999981701 0.999566615
0.999720693 0.999997079 0.999687433 0.999900758 0.999934137 0.999941528 0.99980396 0.999788642
0.99997139 0.99991858 0.999915481 0.999917269 0.999985218 0.999177217 0.99971503 0.999892354
0.999460161 0.999994695 0.999625623 0.999962151 0.999012589 0.99980998 0.999888062 0.999628186
0.999614596 0.999998093 0.999997258 0.999973834 0.999740481 0.99999398 0.99930501 0.999871194
0.99976939 0.999588847 0.999886513 0.999813378 0.999998987 0.999928653 0.999897599 0.999927104
0.999981403 0.998912573 0.999748588 0.9995628 0.999816656 0.999869108 0.999732494 0.99966222
0.999916077 0.999879539 0.999845207 0.998910666 0.999918282 0.999971628 0.99999845 0.999909103
0.999931216 0.99867481 0.99977541 0.999530315 0.999978304 1 0.999619246 0.999972165
0.999879599 0.99956882 0.999312222 0.999922633 0.999948323 0.999967515 0.999996901 0.999918818
endtensor
endcase
