{
  "runs": [
    {
      "label": "high_positive",
      "query_idx": 1590,
      "query_edge": [
        13,
        59
      ],
      "true_sign": 1,
      "predicted_logit": 8.147360801696777,
      "predicted_prob_positive": 0.9997106194496155,
      "net_vote": 4.327044058591127,
      "mean_abs_arc_weight": 0.3199468141699091,
      "n_cycles": 97,
      "vote_by_arity": {
        "cycle2": {
          "-1": 0.0,
          "1": 1.0
        },
        "cycle5": {
          "-1": 0.16981132328510284,
          "1": 0.8301886916160583
        },
        "walk2": {
          "-1": 0.0,
          "1": 1.0
        },
        "walk3": {
          "-1": 0.0,
          "1": 1.0000000037252903
        },
        "walk4": {
          "-1": 0.1666666716337204,
          "1": 0.833333358168602
        }
      },
      "arity_alpha": [
        0.5658311247825623,
        0.04503200575709343,
        0.3133622109889984,
        0.04426152631640434,
        0.031513091176748276
      ],
      "arity_kinds": [
        "cycle",
        "cycle",
        "walk",
        "walk",
        "walk"
      ],
      "fig_path": "reports/figures/fuzzy_signature_bitcoin_alpha/signature_high_positive.png"
    },
    {
      "label": "high_negative",
      "query_idx": 1464,
      "query_edge": [
        4,
        3699
      ],
      "true_sign": -1,
      "predicted_logit": -6.41633415222168,
      "predicted_prob_positive": 0.0016319698188453913,
      "net_vote": -2.3344780281186104,
      "mean_abs_arc_weight": 0.6115740760815916,
      "n_cycles": 75,
      "vote_by_arity": {
        "cycle2": {
          "-1": 1.0,
          "1": 0.0
        },
        "cycle5": {
          "-1": 0.1538461595773697,
          "1": 0.8461538776755333
        },
        "walk2": {
          "-1": 1.0,
          "1": 0.0
        },
        "walk3": {
          "-1": 0.65625,
          "1": 0.34375
        },
        "walk4": {
          "-1": 0.8571428954601288,
          "1": 0.1428571492433548
        }
      },
      "arity_alpha": [
        0.5658311247825623,
        0.04503200575709343,
        0.3133622109889984,
        0.04426152631640434,
        0.031513091176748276
      ],
      "arity_kinds": [
        "cycle",
        "cycle",
        "walk",
        "walk",
        "walk"
      ],
      "fig_path": "reports/figures/fuzzy_signature_bitcoin_alpha/signature_high_negative.png"
    },
    {
      "label": "decision_boundary",
      "query_idx": 710,
      "query_edge": [
        7,
        695
      ],
      "true_sign": -1,
      "predicted_logit": -0.062385618686676025,
      "predicted_prob_positive": 0.4844086468219757,
      "net_vote": -2.480526316910982,
      "mean_abs_arc_weight": 0.18398876676566145,
      "n_cycles": 106,
      "vote_by_arity": {
        "cycle2": {
          "-1": 0.5,
          "1": 0.5
        },
        "cycle5": {
          "-1": 0.875000013038516,
          "1": 0.12500000186264515
        },
        "walk2": {
          "-1": 1.0,
          "1": 0.0
        },
        "walk3": {
          "-1": 0.6052631624042988,
          "1": 0.3947368450462818
        },
        "walk4": {
          "-1": 0.7599999830126762,
          "1": 0.23999999463558197
        }
      },
      "arity_alpha": [
        0.5658311247825623,
        0.04503200575709343,
        0.3133622109889984,
        0.04426152631640434,
        0.031513091176748276
      ],
      "arity_kinds": [
        "cycle",
        "cycle",
        "walk",
        "walk",
        "walk"
      ],
      "fig_path": "reports/figures/fuzzy_signature_bitcoin_alpha/signature_decision_boundary.png"
    }
  ],
  "config": {
    "dataset": "bitcoin_alpha",
    "hidden": 8,
    "n_epochs": 30,
    "seed": 0,
    "arities": [
      2,
      5,
      2,
      3,
      4
    ],
    "arity_kinds": [
      "cycle",
      "cycle",
      "walk",
      "walk",
      "walk"
    ]
  }
}