{"dataset": "epinions", "model": "HSiKAN-mixed", "hidden": 16, "n_test": 84138, "arities": [3, 4], "auc": 0.6920882054192762, "f1m": 0.3891739068366993, "fwd_per_call_ms": 126.78244401467964, "n_params": 2109812, "seed": 0}
