{"dataset": "epinions", "model": "HSiKAN-mixed", "hidden": 16, "n_test": 84138, "arities": [3, 4], "auc": 0.6913876825127341, "f1m": 0.39033126561597187, "fwd_per_call_ms": 126.54022051719949, "n_params": 2109812, "seed": 0}
