{"dataset": "epinions", "model": "HSiKAN-mixed", "hidden": 32, "n_test": 84138, "arities": [3, 4], "auc": 0.6924128049878208, "f1m": 0.3900117303345624, "fwd_per_call_ms": 233.20205399068072, "n_params": 4220132, "seed": 0}
