{"dataset": "epinions", "model": "HSiKAN-mixed", "hidden": 16, "n_test": 84138, "arities": [3, 4], "auc": 0.6905702270350728, "f1m": 0.3894848564316427, "fwd_per_call_ms": 126.51550650480203, "n_params": 2109812, "seed": 0}
