{"dataset": "epinions", "model": "HSiKAN-mixed", "hidden": 32, "n_test": 84138, "arities": [3, 4, 3, 4], "auc": 0.8141116267736823, "f1m": 0.49700191356154766, "fwd_per_call_ms": 466.32503101136535, "n_params": 4220134, "seed": 0}
