{"dataset": "bitcoin_alpha", "model": "HSiKAN-mixed", "hidden": 16, "n_test": 2420, "arities": [3, 4], "auc": 0.9632611014633075, "f1m": 0.8117177322034852, "fwd_per_call_ms": 61.8081285210792, "n_params": 61092, "seed": 3}
