{"dataset": "bitcoin_alpha", "model": "HSiKAN-mixed", "hidden": 16, "n_test": 2420, "arities": [3, 4], "auc": 0.9589130907059504, "f1m": 0.8118230328649523, "fwd_per_call_ms": 70.61260048067197, "n_params": 61092, "seed": 2}
