{"dataset": "bitcoin_otc", "model": "HSiKAN-mixed", "hidden": 16, "n_test": 3560, "arities": [3, 4], "auc": 0.9601484328466047, "f1m": 0.8250921305522391, "fwd_per_call_ms": 101.88970947638154, "n_params": 94660, "seed": 1}
