{"dataset": "bitcoin_otc", "model": "HSiKAN-mixed", "hidden": 16, "n_test": 3560, "arities": [3, 4], "auc": 0.9614298564410426, "f1m": 0.8502570423762027, "fwd_per_call_ms": 112.26298302062787, "n_params": 94660, "seed": 0}
