{"dataset": "bitcoin_alpha", "model": "HSiKAN-mixed", "hidden": 16, "n_test": 2420, "arities": [3, 4], "auc": 0.9632681379488927, "f1m": 0.8117177322034852, "fwd_per_call_ms": 68.42815951677039, "n_params": 61092, "seed": 3}
