{"dataset": "bitcoin_otc", "model": "HSiKAN-mixed", "hidden": 16, "n_test": 3560, "arities": [3, 4], "auc": 0.9405397546614651, "f1m": 0.8124783410266007, "fwd_per_call_ms": 122.73432948859408, "n_params": 94660, "seed": 0}
