{"dataset": "bitcoin_otc", "model": "HSiKAN-mixed", "hidden": 16, "n_test": 3560, "arities": [3, 4], "auc": 0.9574554927477146, "f1m": 0.8197943594954382, "fwd_per_call_ms": 96.32995200809091, "n_params": 94660, "seed": 2}
