{"dataset": "epinions", "model": "HSiKAN-mixed", "hidden": 16, "n_test": 84138, "arities": [3, 4], "auc": 0.7418840288506812, "f1m": 0.5690214905910242, "fwd_per_call_ms": 125.1593420165591, "n_params": 2109812, "seed": 0}
