{
  "compile": {
    "b": 0.7303160536170543,
    "a": 83.77156339156898,
    "r2": 0.9412965820144749,
    "b_ci_low": 0.6496761254810516,
    "b_ci_high": 0.810955981753057,
    "n": 24
  },
  "urdf": {
    "b": 0.8546848769694274,
    "a": 5.851705610724877,
    "r2": 0.9818305703747969,
    "b_ci_low": 0.8032770528004788,
    "b_ci_high": 0.906092701138376,
    "n": 24
  },
  "sdf": {
    "b": 0.8861195313727912,
    "a": 3.870009201287587,
    "r2": 0.9848421575506334,
    "b_ci_low": 0.8375125647367546,
    "b_ci_high": 0.9347264980088278,
    "n": 24
  },
  "gazebo": {
    "b": 0.7013006867299459,
    "a": 22.643918412044584,
    "r2": 0.9353786834925778,
    "b_ci_low": 0.619798499841775,
    "b_ci_high": 0.7828028736181168,
    "n": 24
  },
  "mjcf": {
    "b": 0.9678012953911209,
    "a": 1.6709266911298966,
    "r2": 0.9468299400358289,
    "b_ci_low": 0.8663974056871009,
    "b_ci_high": 1.069205185095141,
    "n": 24
  },
  "dot": {
    "b": 0.8706197976072833,
    "a": 0.45511128405606344,
    "r2": 0.9860738159384391,
    "b_ci_low": 0.8248729974402993,
    "b_ci_high": 0.9163665977742672,
    "n": 24
  },
  "mermaid": {
    "b": 0.8865251130656903,
    "a": 0.603003312617285,
    "r2": 0.9899038007578012,
    "b_ci_low": 0.8469388656853039,
    "b_ci_high": 0.9261113604460767,
    "n": 24
  }
}