{"dataset": "epinions", "model": "HSiKAN-mixed", "hidden": 4, "n_test": 84138, "arities": [2, 3, 4, 5, 3, 4], "auc": 0.8558829644065756, "f1m": 0.5439326168679736, "fwd_per_call_ms": 29.587292490759864, "n_params": 527604, "seed": 1}
