{"dataset": "epinions", "model": "HSiKAN-mixed", "hidden": 4, "n_test": 84138, "arities": [2, 3, 4, 5, 3, 4], "auc": 0.8331780081346917, "f1m": 0.5422798360196797, "fwd_per_call_ms": 32.590383489150554, "n_params": 527604, "seed": 2}
